#
# TABLE STRUCTURE FOR: users
#

DROP TABLE IF EXISTS `users`;

CREATE TABLE `users` (
                         `id` bigint(20) unsigned NOT NULL AUTO_INCREMENT,
                         `email` varchar(50) COLLATE utf8_unicode_ci NOT NULL,
                         `phone` bigint(20) NOT NULL,
                         `pass_hash` varchar(100) COLLATE utf8_unicode_ci NOT NULL,
                         `created_at` datetime NOT NULL DEFAULT current_timestamp(),
                         `can_comment` tinyint(1) DEFAULT NULL,
                         `who_can_view` enum('all','friends_of_friends','friends','me') COLLATE utf8_unicode_ci NOT NULL DEFAULT 'all',
                         `who_can_message` enum('all','friends_of_friends','friends','me') COLLATE utf8_unicode_ci DEFAULT 'all',
                         `who_can_invite` enum('all','friends_of_friends','friends','me') COLLATE utf8_unicode_ci DEFAULT 'all',
                         `updated_at` datetime DEFAULT NULL,
                         PRIMARY KEY (`id`),
                         UNIQUE KEY `id` (`id`),
                         UNIQUE KEY `users_email_index` (`email`)
) ENGINE=InnoDB AUTO_INCREMENT=21 DEFAULT CHARSET=utf8 COLLATE=utf8_unicode_ci;

INSERT INTO `users` (`id`, `email`, `phone`, `pass_hash`, `created_at`, `can_comment`, `who_can_view`, `who_can_message`, `who_can_invite`, `updated_at`) VALUES ('1', 'johanna27@example.net', '1207980963', '8feccf35ecb81a7a37687c06d59a7cce', '1986-02-20 14:20:49', NULL, 'friends_of_friends', 'me', 'friends', '1991-08-18 18:28:14');
INSERT INTO `users` (`id`, `email`, `phone`, `pass_hash`, `created_at`, `can_comment`, `who_can_view`, `who_can_message`, `who_can_invite`, `updated_at`) VALUES ('2', 'name.volkman@example.org', '861466', 'b1f35e53c0f62e02033c31a0a3ef58e9', '2017-01-27 08:18:35', NULL, 'me', 'all', 'friends_of_friends', '1974-11-10 21:23:21');
INSERT INTO `users` (`id`, `email`, `phone`, `pass_hash`, `created_at`, `can_comment`, `who_can_view`, `who_can_message`, `who_can_invite`, `updated_at`) VALUES ('3', 'harrison.kling@example.net', '1', '81af54e8ae08802d987713c21c21f386', '2005-06-28 04:43:51', NULL, 'friends', 'friends_of_friends', 'friends', '1982-07-24 18:55:23');
INSERT INTO `users` (`id`, `email`, `phone`, `pass_hash`, `created_at`, `can_comment`, `who_can_view`, `who_can_message`, `who_can_invite`, `updated_at`) VALUES ('4', 'madaline.walker@example.net', '8159', '2f7da8df19ba062d3eef62410a9b7452', '2007-09-16 20:04:47', NULL, 'me', 'all', 'friends_of_friends', '2005-12-23 11:20:12');
INSERT INTO `users` (`id`, `email`, `phone`, `pass_hash`, `created_at`, `can_comment`, `who_can_view`, `who_can_message`, `who_can_invite`, `updated_at`) VALUES ('5', 'jprosacco@example.org', '0', '536a93ecc3481519541acbf9a9ae8417', '2004-07-22 22:50:14', NULL, 'me', 'me', 'me', '1979-06-22 22:22:15');
INSERT INTO `users` (`id`, `email`, `phone`, `pass_hash`, `created_at`, `can_comment`, `who_can_view`, `who_can_message`, `who_can_invite`, `updated_at`) VALUES ('6', 'cwehner@example.org', '663', '3375f76cbfd3f573df71a0cf6adb3025', '2010-01-10 06:23:04', NULL, 'friends_of_friends', 'me', 'friends_of_friends', '2012-04-05 21:33:58');
INSERT INTO `users` (`id`, `email`, `phone`, `pass_hash`, `created_at`, `can_comment`, `who_can_view`, `who_can_message`, `who_can_invite`, `updated_at`) VALUES ('7', 'mckenzie.andreanne@example.org', '2151480425', '056ae34a4070d6e4537e9609fcf22d12', '2008-09-14 07:16:17', NULL, 'friends_of_friends', 'friends_of_friends', 'me', '1987-03-28 19:11:48');
INSERT INTO `users` (`id`, `email`, `phone`, `pass_hash`, `created_at`, `can_comment`, `who_can_view`, `who_can_message`, `who_can_invite`, `updated_at`) VALUES ('8', 'annalise53@example.org', '764226', '028e0a7502820025aaed69da114e1ce3', '1981-06-16 07:25:34', NULL, 'friends', 'friends_of_friends', 'friends', '1984-07-12 16:27:51');
INSERT INTO `users` (`id`, `email`, `phone`, `pass_hash`, `created_at`, `can_comment`, `who_can_view`, `who_can_message`, `who_can_invite`, `updated_at`) VALUES ('9', 'verna35@example.org', '466', '0f422a49c360b76a20fb06b626eca77c', '1986-06-06 17:17:33', NULL, 'friends', 'all', 'me', '2002-07-31 08:38:59');
INSERT INTO `users` (`id`, `email`, `phone`, `pass_hash`, `created_at`, `can_comment`, `who_can_view`, `who_can_message`, `who_can_invite`, `updated_at`) VALUES ('10', 'reta.mohr@example.net', '338819', 'a57288c12b239b3823d336123c915eb2', '1981-06-23 16:43:33', NULL, 'friends_of_friends', 'friends_of_friends', 'friends', '1992-01-28 19:43:47');
INSERT INTO `users` (`id`, `email`, `phone`, `pass_hash`, `created_at`, `can_comment`, `who_can_view`, `who_can_message`, `who_can_invite`, `updated_at`) VALUES ('11', 'qlockman@example.org', '8760891295', 'a76d26ce5039c7cb0a5e0908f3af713a', '2019-11-08 23:11:33', NULL, 'all', 'friends_of_friends', 'friends', '2002-07-26 13:51:27');
INSERT INTO `users` (`id`, `email`, `phone`, `pass_hash`, `created_at`, `can_comment`, `who_can_view`, `who_can_message`, `who_can_invite`, `updated_at`) VALUES ('12', 'sunny.mante@example.org', '0', '84ad622feabe8688ef7838d97de93084', '1970-03-30 10:54:03', NULL, 'me', 'me', 'me', '2019-10-16 03:44:19');
INSERT INTO `users` (`id`, `email`, `phone`, `pass_hash`, `created_at`, `can_comment`, `who_can_view`, `who_can_message`, `who_can_invite`, `updated_at`) VALUES ('13', 'weber.liam@example.org', '27409', '86ad603877c5040ff198d6b9e89b5b3e', '1984-05-09 21:18:42', NULL, 'friends', 'friends', 'me', '2009-06-14 17:38:57');
INSERT INTO `users` (`id`, `email`, `phone`, `pass_hash`, `created_at`, `can_comment`, `who_can_view`, `who_can_message`, `who_can_invite`, `updated_at`) VALUES ('14', 'legros.zoe@example.net', '415963', '54981550221cca5690e5a25a53c97257', '2018-01-25 03:56:08', NULL, 'friends_of_friends', 'friends_of_friends', 'friends_of_friends', '1992-06-20 19:44:46');
INSERT INTO `users` (`id`, `email`, `phone`, `pass_hash`, `created_at`, `can_comment`, `who_can_view`, `who_can_message`, `who_can_invite`, `updated_at`) VALUES ('15', 'kutch.yasmin@example.net', '844332', 'e1c6025012d8c1832b14400f455e0701', '2002-01-28 17:36:51', NULL, 'friends', 'me', 'friends_of_friends', '2017-12-01 14:59:32');
INSERT INTO `users` (`id`, `email`, `phone`, `pass_hash`, `created_at`, `can_comment`, `who_can_view`, `who_can_message`, `who_can_invite`, `updated_at`) VALUES ('16', 'gorczany.obie@example.net', '949085', '24a298ba0249129aff2863e553e0d120', '2001-06-23 02:24:33', NULL, 'me', 'all', 'friends', '2004-08-08 19:32:29');
INSERT INTO `users` (`id`, `email`, `phone`, `pass_hash`, `created_at`, `can_comment`, `who_can_view`, `who_can_message`, `who_can_invite`, `updated_at`) VALUES ('17', 'wledner@example.org', '0', '84b6e09d7aad1b63aaeba9b25e95f51f', '2019-02-22 10:20:48', NULL, 'friends', 'friends_of_friends', 'all', '1989-05-01 15:50:42');
INSERT INTO `users` (`id`, `email`, `phone`, `pass_hash`, `created_at`, `can_comment`, `who_can_view`, `who_can_message`, `who_can_invite`, `updated_at`) VALUES ('18', 'nhintz@example.net', '0', '46f205c4a4761e70362ca57a742c61b8', '2000-01-14 09:12:52', NULL, 'friends', 'me', 'me', '2005-03-20 10:36:35');
INSERT INTO `users` (`id`, `email`, `phone`, `pass_hash`, `created_at`, `can_comment`, `who_can_view`, `who_can_message`, `who_can_invite`, `updated_at`) VALUES ('19', 'mlangworth@example.com', '437', '6e3e99a06c5277f6fbe02612854dd0e9', '2011-02-22 10:11:01', NULL, 'friends_of_friends', 'all', 'all', '1971-09-08 09:11:59');
INSERT INTO `users` (`id`, `email`, `phone`, `pass_hash`, `created_at`, `can_comment`, `who_can_view`, `who_can_message`, `who_can_invite`, `updated_at`) VALUES ('20', 'casper05@example.org', '0', 'f744ce90d159c7a26a7d0c3f5aa27625', '1970-04-08 16:00:27', NULL, 'friends_of_friends', 'me', 'me', '1987-02-27 20:20:39');


#
# TABLE STRUCTURE FOR: profiles
#

DROP TABLE IF EXISTS `profiles`;

CREATE TABLE `profiles` (
                            `id` bigint(20) unsigned NOT NULL,
                            `name` varchar(25) COLLATE utf8_unicode_ci NOT NULL,
                            `surname` varchar(25) COLLATE utf8_unicode_ci NOT NULL,
                            `gender` varchar(1) COLLATE utf8_unicode_ci NOT NULL,
                            `birthday` date DEFAULT NULL,
                            `avatar_id` bigint(20) DEFAULT NULL,
                            PRIMARY KEY (`id`),
                            CONSTRAINT `profiles_users_id_fk` FOREIGN KEY (`id`) REFERENCES `users` (`id`) ON DELETE CASCADE ON UPDATE CASCADE
) ENGINE=InnoDB DEFAULT CHARSET=utf8 COLLATE=utf8_unicode_ci;

INSERT INTO `profiles` (`id`, `name`, `surname`, `gender`, `birthday`, `avatar_id`) VALUES ('1', 'Natalie', 'Dach', 'F', '2019-08-29', '2968');
INSERT INTO `profiles` (`id`, `name`, `surname`, `gender`, `birthday`, `avatar_id`) VALUES ('2', 'Savannah', 'Price', 'F', '1997-01-05', '6447');
INSERT INTO `profiles` (`id`, `name`, `surname`, `gender`, `birthday`, `avatar_id`) VALUES ('3', 'Delmer', 'Schmeler', 'M', '1981-04-09', '1850');
INSERT INTO `profiles` (`id`, `name`, `surname`, `gender`, `birthday`, `avatar_id`) VALUES ('4', 'Bobbie', 'Lemke', 'M', '1988-01-03', '7048');
INSERT INTO `profiles` (`id`, `name`, `surname`, `gender`, `birthday`, `avatar_id`) VALUES ('5', 'Emilia', 'Zemlak', 'F', '1978-11-30', '4135');
INSERT INTO `profiles` (`id`, `name`, `surname`, `gender`, `birthday`, `avatar_id`) VALUES ('6', 'Samir', 'Mills', 'M', '2015-08-17', '5014');
INSERT INTO `profiles` (`id`, `name`, `surname`, `gender`, `birthday`, `avatar_id`) VALUES ('7', 'Mireya', 'Johnston', 'F', '2001-04-29', '1777');
INSERT INTO `profiles` (`id`, `name`, `surname`, `gender`, `birthday`, `avatar_id`) VALUES ('8', 'Maymie', 'Heidenreich', 'F', '1999-03-11', '2611');
INSERT INTO `profiles` (`id`, `name`, `surname`, `gender`, `birthday`, `avatar_id`) VALUES ('9', 'Emily', 'O\'Keefe', 'F', '1988-06-15', '5250');
INSERT INTO `profiles` (`id`, `name`, `surname`, `gender`, `birthday`, `avatar_id`) VALUES ('10', 'Fred', 'Mueller', 'M', '1981-06-03', '5912');
INSERT INTO `profiles` (`id`, `name`, `surname`, `gender`, `birthday`, `avatar_id`) VALUES ('11', 'Layla', 'Jacobs', 'M', '2006-10-26', '2892');
INSERT INTO `profiles` (`id`, `name`, `surname`, `gender`, `birthday`, `avatar_id`) VALUES ('12', 'Angie', 'Wunsch', 'M', '2004-01-25', '8158');
INSERT INTO `profiles` (`id`, `name`, `surname`, `gender`, `birthday`, `avatar_id`) VALUES ('13', 'Retta', 'Kozey', 'F', '1999-02-02', '6125');
INSERT INTO `profiles` (`id`, `name`, `surname`, `gender`, `birthday`, `avatar_id`) VALUES ('14', 'Earlene', 'Rowe', 'F', '1973-02-18', '4844');
INSERT INTO `profiles` (`id`, `name`, `surname`, `gender`, `birthday`, `avatar_id`) VALUES ('15', 'Maye', 'Mosciski', 'F', '1988-06-12', '8361');
INSERT INTO `profiles` (`id`, `name`, `surname`, `gender`, `birthday`, `avatar_id`) VALUES ('16', 'Makenzie', 'Brekke', 'M', '2019-11-15', '4286');
INSERT INTO `profiles` (`id`, `name`, `surname`, `gender`, `birthday`, `avatar_id`) VALUES ('17', 'Leopoldo', 'Bogisich', 'F', '2008-07-08', '7149');
INSERT INTO `profiles` (`id`, `name`, `surname`, `gender`, `birthday`, `avatar_id`) VALUES ('18', 'Dallin', 'Jacobson', 'F', '1970-06-27', '4901');
INSERT INTO `profiles` (`id`, `name`, `surname`, `gender`, `birthday`, `avatar_id`) VALUES ('19', 'Reyes', 'Wehner', 'F', '1996-10-23', '3319');
INSERT INTO `profiles` (`id`, `name`, `surname`, `gender`, `birthday`, `avatar_id`) VALUES ('20', 'Morris', 'Harris', 'M', '2016-12-27', '4682');


#
# TABLE STRUCTURE FOR: friend_requests
#

DROP TABLE IF EXISTS `friend_requests`;

CREATE TABLE `friend_requests` (
  `id` bigint(20) unsigned NOT NULL AUTO_INCREMENT,
  `from_user_id` bigint(20) unsigned NOT NULL,
  `to_user_id` bigint(20) unsigned NOT NULL,
  `status` enum('send','approved','declined','denied') COLLATE utf8_unicode_ci DEFAULT 'send',
  `sent_at` datetime DEFAULT current_timestamp(),
  `updated_at` datetime DEFAULT NULL,
  PRIMARY KEY (`from_user_id`,`to_user_id`),
  UNIQUE KEY `id` (`id`),
  KEY `friend_requests_profiles_id_fk_2` (`to_user_id`),
  CONSTRAINT `friend_requests_profiles_id_fk` FOREIGN KEY (`from_user_id`) REFERENCES `profiles` (`id`) ON DELETE CASCADE ON UPDATE CASCADE,
  CONSTRAINT `friend_requests_profiles_id_fk_2` FOREIGN KEY (`to_user_id`) REFERENCES `profiles` (`id`) ON DELETE CASCADE ON UPDATE CASCADE
) ENGINE=InnoDB AUTO_INCREMENT=201 DEFAULT CHARSET=utf8 COLLATE=utf8_unicode_ci;

INSERT INTO `friend_requests` (`id`, `from_user_id`, `to_user_id`, `status`, `sent_at`, `updated_at`) VALUES ('198', '1', '2', 'denied', '1972-11-21 05:41:10', '2020-07-13 13:26:46');
INSERT INTO `friend_requests` (`id`, `from_user_id`, `to_user_id`, `status`, `sent_at`, `updated_at`) VALUES ('145', '1', '6', 'approved', '1996-12-14 11:31:30', '1989-08-17 07:27:25');
INSERT INTO `friend_requests` (`id`, `from_user_id`, `to_user_id`, `status`, `sent_at`, `updated_at`) VALUES ('122', '1', '8', 'denied', '1985-02-08 05:08:00', '1975-09-19 15:06:05');
INSERT INTO `friend_requests` (`id`, `from_user_id`, `to_user_id`, `status`, `sent_at`, `updated_at`) VALUES ('151', '2', '1', 'send', '2006-11-12 06:36:10', '1985-01-25 01:57:11');
INSERT INTO `friend_requests` (`id`, `from_user_id`, `to_user_id`, `status`, `sent_at`, `updated_at`) VALUES ('169', '2', '7', 'approved', '1980-09-26 23:51:34', '2004-11-02 20:28:47');
INSERT INTO `friend_requests` (`id`, `from_user_id`, `to_user_id`, `status`, `sent_at`, `updated_at`) VALUES ('112', '2', '8', 'declined', '1994-11-07 01:00:50', '2009-02-16 06:25:26');
INSERT INTO `friend_requests` (`id`, `from_user_id`, `to_user_id`, `status`, `sent_at`, `updated_at`) VALUES ('161', '3', '8', 'declined', '1990-05-02 09:27:27', '2013-08-01 05:52:15');
INSERT INTO `friend_requests` (`id`, `from_user_id`, `to_user_id`, `status`, `sent_at`, `updated_at`) VALUES ('165', '3', '12', 'denied', '1976-04-20 11:04:27', '1987-01-01 22:07:13');
INSERT INTO `friend_requests` (`id`, `from_user_id`, `to_user_id`, `status`, `sent_at`, `updated_at`) VALUES ('154', '3', '13', 'approved', '1985-12-15 06:06:31', '1990-04-21 22:31:09');
INSERT INTO `friend_requests` (`id`, `from_user_id`, `to_user_id`, `status`, `sent_at`, `updated_at`) VALUES ('140', '3', '18', 'approved', '2015-10-05 16:30:45', '2001-10-08 16:29:03');
INSERT INTO `friend_requests` (`id`, `from_user_id`, `to_user_id`, `status`, `sent_at`, `updated_at`) VALUES ('106', '4', '5', 'send', '2016-02-19 10:32:52', '2016-03-17 15:48:25');
INSERT INTO `friend_requests` (`id`, `from_user_id`, `to_user_id`, `status`, `sent_at`, `updated_at`) VALUES ('105', '4', '8', 'send', '2006-01-08 18:30:00', '1995-12-05 19:29:17');
INSERT INTO `friend_requests` (`id`, `from_user_id`, `to_user_id`, `status`, `sent_at`, `updated_at`) VALUES ('189', '4', '17', 'declined', '1983-06-06 09:49:57', '1983-02-08 03:32:36');
INSERT INTO `friend_requests` (`id`, `from_user_id`, `to_user_id`, `status`, `sent_at`, `updated_at`) VALUES ('168', '4', '19', 'approved', '1976-07-28 22:21:53', '1989-06-18 06:34:43');
INSERT INTO `friend_requests` (`id`, `from_user_id`, `to_user_id`, `status`, `sent_at`, `updated_at`) VALUES ('142', '5', '4', 'send', '1971-08-27 09:19:22', '1992-05-11 10:33:09');
INSERT INTO `friend_requests` (`id`, `from_user_id`, `to_user_id`, `status`, `sent_at`, `updated_at`) VALUES ('139', '5', '8', 'approved', '2007-11-09 01:28:52', '1986-08-26 15:20:27');
INSERT INTO `friend_requests` (`id`, `from_user_id`, `to_user_id`, `status`, `sent_at`, `updated_at`) VALUES ('114', '5', '10', 'denied', '1977-07-23 20:59:52', '2003-05-11 10:46:59');
INSERT INTO `friend_requests` (`id`, `from_user_id`, `to_user_id`, `status`, `sent_at`, `updated_at`) VALUES ('162', '5', '12', 'denied', '2016-05-14 19:58:58', '1982-08-26 08:18:03');
INSERT INTO `friend_requests` (`id`, `from_user_id`, `to_user_id`, `status`, `sent_at`, `updated_at`) VALUES ('120', '5', '17', 'declined', '2011-11-06 19:46:28', '2013-04-06 12:47:23');
INSERT INTO `friend_requests` (`id`, `from_user_id`, `to_user_id`, `status`, `sent_at`, `updated_at`) VALUES ('132', '5', '18', 'send', '2019-09-11 18:10:04', '1992-06-19 03:23:09');
INSERT INTO `friend_requests` (`id`, `from_user_id`, `to_user_id`, `status`, `sent_at`, `updated_at`) VALUES ('136', '6', '7', 'denied', '1979-02-06 20:24:38', '1984-08-19 17:40:32');
INSERT INTO `friend_requests` (`id`, `from_user_id`, `to_user_id`, `status`, `sent_at`, `updated_at`) VALUES ('176', '6', '8', 'declined', '1988-12-04 22:28:42', '2019-10-29 04:10:04');
INSERT INTO `friend_requests` (`id`, `from_user_id`, `to_user_id`, `status`, `sent_at`, `updated_at`) VALUES ('134', '6', '10', 'denied', '1970-05-24 00:33:32', '2003-10-02 02:58:51');
INSERT INTO `friend_requests` (`id`, `from_user_id`, `to_user_id`, `status`, `sent_at`, `updated_at`) VALUES ('175', '6', '11', 'denied', '1977-12-24 13:42:30', '2008-08-07 07:10:49');
INSERT INTO `friend_requests` (`id`, `from_user_id`, `to_user_id`, `status`, `sent_at`, `updated_at`) VALUES ('130', '6', '13', 'denied', '1999-03-04 19:19:17', '1981-09-05 08:01:02');
INSERT INTO `friend_requests` (`id`, `from_user_id`, `to_user_id`, `status`, `sent_at`, `updated_at`) VALUES ('123', '6', '19', 'send', '2020-01-09 22:58:47', '2000-12-06 07:11:19');
INSERT INTO `friend_requests` (`id`, `from_user_id`, `to_user_id`, `status`, `sent_at`, `updated_at`) VALUES ('182', '6', '20', 'declined', '1984-06-27 15:48:32', '2004-12-22 01:18:14');
INSERT INTO `friend_requests` (`id`, `from_user_id`, `to_user_id`, `status`, `sent_at`, `updated_at`) VALUES ('200', '7', '2', 'approved', '2005-11-22 16:25:27', '1986-10-28 17:15:36');
INSERT INTO `friend_requests` (`id`, `from_user_id`, `to_user_id`, `status`, `sent_at`, `updated_at`) VALUES ('148', '7', '6', 'declined', '1987-03-02 13:20:52', '2009-12-01 06:45:33');
INSERT INTO `friend_requests` (`id`, `from_user_id`, `to_user_id`, `status`, `sent_at`, `updated_at`) VALUES ('127', '7', '14', 'send', '1987-03-01 14:39:47', '2013-04-18 04:14:34');
INSERT INTO `friend_requests` (`id`, `from_user_id`, `to_user_id`, `status`, `sent_at`, `updated_at`) VALUES ('191', '7', '20', 'denied', '1975-07-17 22:05:45', '1997-07-30 06:54:32');
INSERT INTO `friend_requests` (`id`, `from_user_id`, `to_user_id`, `status`, `sent_at`, `updated_at`) VALUES ('153', '8', '9', 'denied', '1999-12-31 08:56:28', '1977-03-23 04:11:14');
INSERT INTO `friend_requests` (`id`, `from_user_id`, `to_user_id`, `status`, `sent_at`, `updated_at`) VALUES ('181', '8', '12', 'send', '1994-03-02 20:49:40', '1991-12-12 04:34:10');
INSERT INTO `friend_requests` (`id`, `from_user_id`, `to_user_id`, `status`, `sent_at`, `updated_at`) VALUES ('143', '9', '1', 'declined', '2012-12-27 14:34:53', '1999-09-10 11:45:06');
INSERT INTO `friend_requests` (`id`, `from_user_id`, `to_user_id`, `status`, `sent_at`, `updated_at`) VALUES ('131', '9', '5', 'send', '2017-09-19 20:36:13', '1971-12-07 01:59:07');
INSERT INTO `friend_requests` (`id`, `from_user_id`, `to_user_id`, `status`, `sent_at`, `updated_at`) VALUES ('163', '9', '11', 'send', '2011-09-25 17:32:37', '2014-05-21 03:26:07');
INSERT INTO `friend_requests` (`id`, `from_user_id`, `to_user_id`, `status`, `sent_at`, `updated_at`) VALUES ('117', '9', '12', 'declined', '2014-08-22 15:38:29', '2001-01-17 21:57:34');
INSERT INTO `friend_requests` (`id`, `from_user_id`, `to_user_id`, `status`, `sent_at`, `updated_at`) VALUES ('193', '9', '17', 'approved', '1974-11-30 00:46:19', '1987-02-20 00:22:12');
INSERT INTO `friend_requests` (`id`, `from_user_id`, `to_user_id`, `status`, `sent_at`, `updated_at`) VALUES ('147', '10', '1', 'denied', '1983-06-11 16:20:12', '2016-04-09 06:53:58');
INSERT INTO `friend_requests` (`id`, `from_user_id`, `to_user_id`, `status`, `sent_at`, `updated_at`) VALUES ('113', '10', '3', 'denied', '2015-07-23 16:16:45', '1994-07-07 13:48:38');
INSERT INTO `friend_requests` (`id`, `from_user_id`, `to_user_id`, `status`, `sent_at`, `updated_at`) VALUES ('135', '10', '10', 'send', '1994-09-04 22:46:08', '1997-09-15 14:58:06');
INSERT INTO `friend_requests` (`id`, `from_user_id`, `to_user_id`, `status`, `sent_at`, `updated_at`) VALUES ('156', '10', '14', 'denied', '1995-02-22 16:45:25', '1983-04-06 14:34:31');
INSERT INTO `friend_requests` (`id`, `from_user_id`, `to_user_id`, `status`, `sent_at`, `updated_at`) VALUES ('187', '10', '15', 'declined', '1981-12-23 13:49:13', '1986-04-11 09:31:44');
INSERT INTO `friend_requests` (`id`, `from_user_id`, `to_user_id`, `status`, `sent_at`, `updated_at`) VALUES ('107', '10', '18', 'approved', '1979-11-28 18:15:26', '1978-10-23 17:39:28');
INSERT INTO `friend_requests` (`id`, `from_user_id`, `to_user_id`, `status`, `sent_at`, `updated_at`) VALUES ('196', '11', '2', 'send', '2008-05-17 20:16:04', '1973-02-24 23:15:00');
INSERT INTO `friend_requests` (`id`, `from_user_id`, `to_user_id`, `status`, `sent_at`, `updated_at`) VALUES ('194', '11', '9', 'declined', '1972-01-06 09:16:27', '2012-02-01 06:23:48');
INSERT INTO `friend_requests` (`id`, `from_user_id`, `to_user_id`, `status`, `sent_at`, `updated_at`) VALUES ('170', '11', '18', 'declined', '1996-08-12 18:25:44', '1997-03-05 21:32:12');
INSERT INTO `friend_requests` (`id`, `from_user_id`, `to_user_id`, `status`, `sent_at`, `updated_at`) VALUES ('171', '12', '1', 'denied', '2016-12-11 21:59:57', '2003-01-27 13:33:45');
INSERT INTO `friend_requests` (`id`, `from_user_id`, `to_user_id`, `status`, `sent_at`, `updated_at`) VALUES ('172', '12', '11', 'denied', '1987-10-30 17:31:59', '1974-05-06 18:27:38');
INSERT INTO `friend_requests` (`id`, `from_user_id`, `to_user_id`, `status`, `sent_at`, `updated_at`) VALUES ('167', '12', '13', 'approved', '2017-08-08 06:10:03', '1980-05-26 12:39:06');
INSERT INTO `friend_requests` (`id`, `from_user_id`, `to_user_id`, `status`, `sent_at`, `updated_at`) VALUES ('160', '12', '16', 'denied', '1993-09-28 06:57:38', '2010-03-01 10:32:35');
INSERT INTO `friend_requests` (`id`, `from_user_id`, `to_user_id`, `status`, `sent_at`, `updated_at`) VALUES ('126', '13', '8', 'declined', '2017-10-13 12:02:24', '1989-10-30 17:34:53');
INSERT INTO `friend_requests` (`id`, `from_user_id`, `to_user_id`, `status`, `sent_at`, `updated_at`) VALUES ('125', '13', '11', 'approved', '1970-11-12 09:29:24', '1997-10-02 15:09:24');
INSERT INTO `friend_requests` (`id`, `from_user_id`, `to_user_id`, `status`, `sent_at`, `updated_at`) VALUES ('102', '14', '3', 'send', '1986-11-16 17:56:11', '1984-07-18 10:04:26');
INSERT INTO `friend_requests` (`id`, `from_user_id`, `to_user_id`, `status`, `sent_at`, `updated_at`) VALUES ('138', '14', '4', 'denied', '2003-07-31 20:58:56', '2016-04-09 10:58:25');
INSERT INTO `friend_requests` (`id`, `from_user_id`, `to_user_id`, `status`, `sent_at`, `updated_at`) VALUES ('195', '14', '6', 'send', '1984-12-09 01:37:52', '1980-06-12 13:39:46');
INSERT INTO `friend_requests` (`id`, `from_user_id`, `to_user_id`, `status`, `sent_at`, `updated_at`) VALUES ('119', '14', '10', 'send', '2016-08-08 15:12:31', '2002-01-10 08:44:40');
INSERT INTO `friend_requests` (`id`, `from_user_id`, `to_user_id`, `status`, `sent_at`, `updated_at`) VALUES ('109', '14', '15', 'send', '1976-05-16 10:11:43', '1991-11-07 01:03:42');
INSERT INTO `friend_requests` (`id`, `from_user_id`, `to_user_id`, `status`, `sent_at`, `updated_at`) VALUES ('124', '14', '20', 'approved', '2009-08-03 07:17:39', '1982-04-11 14:39:26');
INSERT INTO `friend_requests` (`id`, `from_user_id`, `to_user_id`, `status`, `sent_at`, `updated_at`) VALUES ('180', '15', '2', 'approved', '1982-12-10 20:45:26', '1974-01-22 07:14:17');
INSERT INTO `friend_requests` (`id`, `from_user_id`, `to_user_id`, `status`, `sent_at`, `updated_at`) VALUES ('118', '15', '9', 'send', '2013-12-11 21:09:57', '1971-12-23 13:16:46');
INSERT INTO `friend_requests` (`id`, `from_user_id`, `to_user_id`, `status`, `sent_at`, `updated_at`) VALUES ('190', '15', '10', 'approved', '1984-02-26 08:03:11', '2001-12-14 03:32:20');
INSERT INTO `friend_requests` (`id`, `from_user_id`, `to_user_id`, `status`, `sent_at`, `updated_at`) VALUES ('159', '15', '17', 'send', '2018-10-24 10:45:06', '2017-07-03 02:18:16');
INSERT INTO `friend_requests` (`id`, `from_user_id`, `to_user_id`, `status`, `sent_at`, `updated_at`) VALUES ('115', '16', '9', 'approved', '1994-11-24 06:01:02', '1973-02-12 06:44:51');
INSERT INTO `friend_requests` (`id`, `from_user_id`, `to_user_id`, `status`, `sent_at`, `updated_at`) VALUES ('185', '16', '10', 'approved', '1978-12-10 08:39:52', '1976-04-23 07:31:42');
INSERT INTO `friend_requests` (`id`, `from_user_id`, `to_user_id`, `status`, `sent_at`, `updated_at`) VALUES ('104', '16', '16', 'send', '2008-10-27 16:43:48', '2018-11-12 23:14:10');
INSERT INTO `friend_requests` (`id`, `from_user_id`, `to_user_id`, `status`, `sent_at`, `updated_at`) VALUES ('111', '16', '17', 'declined', '2007-06-05 16:36:08', '1976-12-19 17:50:26');
INSERT INTO `friend_requests` (`id`, `from_user_id`, `to_user_id`, `status`, `sent_at`, `updated_at`) VALUES ('133', '16', '20', 'send', '1973-05-16 23:17:37', '1992-03-19 19:35:30');
INSERT INTO `friend_requests` (`id`, `from_user_id`, `to_user_id`, `status`, `sent_at`, `updated_at`) VALUES ('155', '17', '6', 'send', '2012-02-18 04:55:26', '1999-05-04 17:33:54');
INSERT INTO `friend_requests` (`id`, `from_user_id`, `to_user_id`, `status`, `sent_at`, `updated_at`) VALUES ('146', '17', '9', 'approved', '1974-04-05 02:29:18', '2019-08-03 19:37:55');
INSERT INTO `friend_requests` (`id`, `from_user_id`, `to_user_id`, `status`, `sent_at`, `updated_at`) VALUES ('110', '17', '14', 'approved', '2004-06-18 02:30:57', '2016-10-24 00:58:37');
INSERT INTO `friend_requests` (`id`, `from_user_id`, `to_user_id`, `status`, `sent_at`, `updated_at`) VALUES ('197', '17', '17', 'declined', '1979-10-06 16:13:13', '1976-09-15 11:35:43');
INSERT INTO `friend_requests` (`id`, `from_user_id`, `to_user_id`, `status`, `sent_at`, `updated_at`) VALUES ('101', '17', '20', 'declined', '2001-03-20 16:17:55', '2017-06-11 16:51:20');
INSERT INTO `friend_requests` (`id`, `from_user_id`, `to_user_id`, `status`, `sent_at`, `updated_at`) VALUES ('166', '18', '5', 'send', '2007-12-28 13:05:23', '1976-11-21 08:29:21');
INSERT INTO `friend_requests` (`id`, `from_user_id`, `to_user_id`, `status`, `sent_at`, `updated_at`) VALUES ('108', '18', '7', 'declined', '1989-10-08 00:31:06', '1987-03-13 08:18:06');
INSERT INTO `friend_requests` (`id`, `from_user_id`, `to_user_id`, `status`, `sent_at`, `updated_at`) VALUES ('121', '18', '8', 'approved', '2016-12-22 14:36:25', '2018-10-20 04:02:22');
INSERT INTO `friend_requests` (`id`, `from_user_id`, `to_user_id`, `status`, `sent_at`, `updated_at`) VALUES ('177', '18', '10', 'send', '1984-06-26 06:57:05', '2011-10-21 17:41:58');
INSERT INTO `friend_requests` (`id`, `from_user_id`, `to_user_id`, `status`, `sent_at`, `updated_at`) VALUES ('141', '18', '15', 'denied', '2006-10-10 14:27:14', '1970-04-18 19:32:32');
INSERT INTO `friend_requests` (`id`, `from_user_id`, `to_user_id`, `status`, `sent_at`, `updated_at`) VALUES ('188', '19', '5', 'declined', '1970-01-23 10:28:23', '2019-10-22 14:12:12');
INSERT INTO `friend_requests` (`id`, `from_user_id`, `to_user_id`, `status`, `sent_at`, `updated_at`) VALUES ('184', '19', '6', 'approved', '2009-01-25 03:22:04', '1988-02-14 02:25:21');
INSERT INTO `friend_requests` (`id`, `from_user_id`, `to_user_id`, `status`, `sent_at`, `updated_at`) VALUES ('174', '19', '10', 'denied', '1989-03-06 00:13:30', '2010-06-08 15:00:16');
INSERT INTO `friend_requests` (`id`, `from_user_id`, `to_user_id`, `status`, `sent_at`, `updated_at`) VALUES ('116', '19', '13', 'declined', '1974-10-24 02:01:26', '2009-02-04 16:04:35');
INSERT INTO `friend_requests` (`id`, `from_user_id`, `to_user_id`, `status`, `sent_at`, `updated_at`) VALUES ('103', '20', '2', 'declined', '1995-11-29 20:46:34', '2001-06-07 23:20:58');
INSERT INTO `friend_requests` (`id`, `from_user_id`, `to_user_id`, `status`, `sent_at`, `updated_at`) VALUES ('144', '20', '5', 'send', '1999-07-31 18:25:22', '1990-11-21 12:16:06');
INSERT INTO `friend_requests` (`id`, `from_user_id`, `to_user_id`, `status`, `sent_at`, `updated_at`) VALUES ('178', '20', '7', 'declined', '1982-07-20 22:22:26', '1970-04-26 23:45:36');
INSERT INTO `friend_requests` (`id`, `from_user_id`, `to_user_id`, `status`, `sent_at`, `updated_at`) VALUES ('149', '20', '12', 'send', '1979-07-22 11:04:58', '2015-11-19 07:14:14');
INSERT INTO `friend_requests` (`id`, `from_user_id`, `to_user_id`, `status`, `sent_at`, `updated_at`) VALUES ('157', '20', '15', 'send', '2019-03-03 12:56:20', '1993-03-06 02:49:53');
INSERT INTO `friend_requests` (`id`, `from_user_id`, `to_user_id`, `status`, `sent_at`, `updated_at`) VALUES ('179', '20', '17', 'send', '1974-09-11 11:15:40', '1986-03-22 06:38:02');


#
# TABLE STRUCTURE FOR: messages
#

DROP TABLE IF EXISTS `messages`;

CREATE TABLE `messages` (
  `id` bigint(20) unsigned NOT NULL AUTO_INCREMENT,
  `from_user_id` bigint(20) unsigned NOT NULL,
  `to_user_id` bigint(20) unsigned NOT NULL,
  `content` text COLLATE utf8_unicode_ci NOT NULL,
  `send_at` datetime NOT NULL DEFAULT current_timestamp(),
  `change_at` datetime NOT NULL DEFAULT current_timestamp() ON UPDATE current_timestamp(),
  `changed` tinyint(1) DEFAULT 0,
  UNIQUE KEY `id` (`id`),
  KEY `messages_profiles_id_fk` (`from_user_id`),
  KEY `messages_profiles_id_fk_2` (`to_user_id`),
  CONSTRAINT `messages_profiles_id_fk` FOREIGN KEY (`from_user_id`) REFERENCES `profiles` (`id`) ON DELETE CASCADE ON UPDATE CASCADE,
  CONSTRAINT `messages_profiles_id_fk_2` FOREIGN KEY (`to_user_id`) REFERENCES `profiles` (`id`) ON DELETE CASCADE ON UPDATE CASCADE
) ENGINE=InnoDB AUTO_INCREMENT=201 DEFAULT CHARSET=utf8 COLLATE=utf8_unicode_ci;

INSERT INTO `messages` (`id`, `from_user_id`, `to_user_id`, `content`, `send_at`, `change_at`, `changed`) VALUES ('1', '1', '3', 'Ut sed non voluptate ea. Aut dolor totam rerum consequatur id sit.', '2016-05-05 22:18:32', '2018-09-11 12:37:17', 0);
INSERT INTO `messages` (`id`, `from_user_id`, `to_user_id`, `content`, `send_at`, `change_at`, `changed`) VALUES ('2', '19', '16', 'Id omnis et at corrupti ex adipisci. Voluptas vitae doloremque ipsam minus fugiat et a.', '1985-03-01 07:56:43', '1975-12-29 20:41:16', 0);
INSERT INTO `messages` (`id`, `from_user_id`, `to_user_id`, `content`, `send_at`, `change_at`, `changed`) VALUES ('3', '15', '4', 'Velit blanditiis sit quos dolores. Sed iure ab dolor delectus numquam et atque illo.', '1970-02-23 03:48:32', '1977-05-25 08:31:22', 0);
INSERT INTO `messages` (`id`, `from_user_id`, `to_user_id`, `content`, `send_at`, `change_at`, `changed`) VALUES ('4', '20', '5', 'Autem vel hic laboriosam eos. Placeat ut quia consequatur voluptas et.', '1992-02-17 05:14:48', '2000-10-31 04:34:38', 0);
INSERT INTO `messages` (`id`, `from_user_id`, `to_user_id`, `content`, `send_at`, `change_at`, `changed`) VALUES ('5', '9', '11', 'Nobis ducimus ut vero. Alias deleniti est laboriosam. Fugit illo mollitia vitae quis neque.', '1981-07-25 04:28:15', '1988-08-16 15:50:01', 0);
INSERT INTO `messages` (`id`, `from_user_id`, `to_user_id`, `content`, `send_at`, `change_at`, `changed`) VALUES ('6', '15', '15', 'Voluptatem voluptates laborum harum dolorum aliquid ab aut. Excepturi et commodi esse ut.', '1993-03-15 22:59:03', '1975-10-02 02:44:53', 0);
INSERT INTO `messages` (`id`, `from_user_id`, `to_user_id`, `content`, `send_at`, `change_at`, `changed`) VALUES ('7', '11', '8', 'Voluptatem id sed illo magni labore. Voluptatem iste qui fuga repudiandae aut nobis totam.', '2012-08-02 18:01:36', '2015-08-11 08:56:23', 0);
INSERT INTO `messages` (`id`, `from_user_id`, `to_user_id`, `content`, `send_at`, `change_at`, `changed`) VALUES ('8', '5', '19', 'Non est non et vitae. Omnis iste porro sint est. Nihil commodi rerum soluta doloremque sed.', '2014-10-29 14:07:54', '2008-04-10 15:51:33', 0);
INSERT INTO `messages` (`id`, `from_user_id`, `to_user_id`, `content`, `send_at`, `change_at`, `changed`) VALUES ('9', '15', '12', 'Laboriosam eaque qui et inventore non. Rem sed magnam repellat repudiandae voluptatum.', '1974-07-01 10:33:20', '1970-04-25 21:43:11', 0);
INSERT INTO `messages` (`id`, `from_user_id`, `to_user_id`, `content`, `send_at`, `change_at`, `changed`) VALUES ('10', '5', '9', 'Aut ratione libero nobis at. Vitae tempora et aut dicta. Suscipit ut et nostrum.', '2010-07-26 10:29:19', '2020-01-29 21:38:03', 1);
INSERT INTO `messages` (`id`, `from_user_id`, `to_user_id`, `content`, `send_at`, `change_at`, `changed`) VALUES ('11', '7', '7', 'Reprehenderit rerum voluptate dolor quos est sit quis. Dolor adipisci ut est.', '2018-05-03 11:56:26', '1980-07-10 18:15:53', 0);
INSERT INTO `messages` (`id`, `from_user_id`, `to_user_id`, `content`, `send_at`, `change_at`, `changed`) VALUES ('12', '14', '3', 'Libero sit labore est non. Et aliquam ducimus temporibus alias.', '1987-08-29 06:09:46', '1992-11-10 00:29:32', 0);
INSERT INTO `messages` (`id`, `from_user_id`, `to_user_id`, `content`, `send_at`, `change_at`, `changed`) VALUES ('13', '5', '8', 'Est eligendi sit alias. Molestiae qui officia quia corrupti.', '2011-05-08 07:41:55', '2005-07-08 18:19:30', 0);
INSERT INTO `messages` (`id`, `from_user_id`, `to_user_id`, `content`, `send_at`, `change_at`, `changed`) VALUES ('14', '14', '18', 'Voluptatem rem corrupti omnis optio dolor rerum quo. Molestias aut beatae maiores et ea quis.', '1988-12-29 13:22:04', '2020-01-20 20:14:52', 0);
INSERT INTO `messages` (`id`, `from_user_id`, `to_user_id`, `content`, `send_at`, `change_at`, `changed`) VALUES ('15', '6', '1', 'Minus quod repellat cum sapiente. Et porro ipsum unde quasi consequatur nesciunt exercitationem.', '1981-01-27 10:34:19', '1985-10-04 13:36:33', 0);
INSERT INTO `messages` (`id`, `from_user_id`, `to_user_id`, `content`, `send_at`, `change_at`, `changed`) VALUES ('16', '12', '6', 'Dignissimos in tempora nam animi cumque. Voluptatem autem expedita cum dicta.', '2011-09-04 22:43:26', '1982-11-10 20:35:51', 0);
INSERT INTO `messages` (`id`, `from_user_id`, `to_user_id`, `content`, `send_at`, `change_at`, `changed`) VALUES ('17', '3', '10', 'Optio dolorem voluptatem dolore et ducimus deleniti ut. Et cumque at et eum et aut non natus.', '2000-06-30 15:59:33', '1998-08-05 03:50:51', 0);
INSERT INTO `messages` (`id`, `from_user_id`, `to_user_id`, `content`, `send_at`, `change_at`, `changed`) VALUES ('18', '1', '18', 'Et quasi est modi beatae a eos. Odit et ut omnis dolore omnis. Quasi et quo reiciendis blanditiis.', '1987-01-19 12:53:41', '1979-05-26 03:45:03', 1);
INSERT INTO `messages` (`id`, `from_user_id`, `to_user_id`, `content`, `send_at`, `change_at`, `changed`) VALUES ('19', '14', '20', 'Iure voluptas non dolores laudantium incidunt. Nihil ut perspiciatis dicta cumque.', '2003-09-06 09:31:29', '2012-08-03 22:45:22', 0);
INSERT INTO `messages` (`id`, `from_user_id`, `to_user_id`, `content`, `send_at`, `change_at`, `changed`) VALUES ('20', '3', '3', 'Aut earum expedita eos sed. Culpa quo totam dolor voluptates quos ullam perferendis.', '1971-05-25 09:44:58', '2013-06-11 19:10:54', 0);
INSERT INTO `messages` (`id`, `from_user_id`, `to_user_id`, `content`, `send_at`, `change_at`, `changed`) VALUES ('21', '11', '17', 'Quis debitis quia ut natus. Sunt expedita ratione qui nesciunt dolor qui minima.', '1983-01-23 00:12:20', '1987-10-25 17:52:47', 0);
INSERT INTO `messages` (`id`, `from_user_id`, `to_user_id`, `content`, `send_at`, `change_at`, `changed`) VALUES ('22', '17', '1', 'Porro molestiae et blanditiis aliquam. Enim qui quod reprehenderit sunt autem omnis id.', '1995-04-15 11:06:43', '2000-01-10 16:17:22', 0);
INSERT INTO `messages` (`id`, `from_user_id`, `to_user_id`, `content`, `send_at`, `change_at`, `changed`) VALUES ('23', '5', '2', 'Quia eum velit voluptate eaque. Autem dolor incidunt recusandae. Beatae dolor ad delectus rerum.', '2005-05-11 12:05:43', '2004-11-09 01:01:17', 0);
INSERT INTO `messages` (`id`, `from_user_id`, `to_user_id`, `content`, `send_at`, `change_at`, `changed`) VALUES ('24', '20', '20', 'Est dolore quisquam quisquam aut. Dolore ea fuga repellat. Est ab distinctio omnis eum.', '1984-12-11 16:42:10', '1984-09-18 14:42:16', 0);
INSERT INTO `messages` (`id`, `from_user_id`, `to_user_id`, `content`, `send_at`, `change_at`, `changed`) VALUES ('25', '13', '5', 'Quis tempora saepe provident aut dolorem odit et. Nesciunt in maiores amet est dolorum.', '2019-01-29 20:55:48', '1986-11-27 00:24:51', 0);
INSERT INTO `messages` (`id`, `from_user_id`, `to_user_id`, `content`, `send_at`, `change_at`, `changed`) VALUES ('26', '8', '20', 'At minima perferendis quam enim officiis praesentium. Nihil rerum temporibus dicta est dolor et.', '2003-09-12 14:07:58', '2010-11-02 16:48:04', 1);
INSERT INTO `messages` (`id`, `from_user_id`, `to_user_id`, `content`, `send_at`, `change_at`, `changed`) VALUES ('27', '11', '2', 'Et maiores reiciendis earum dicta rerum vero. Illum et quo exercitationem odit consequatur aut.', '2001-05-29 18:17:13', '1977-08-12 16:12:22', 0);
INSERT INTO `messages` (`id`, `from_user_id`, `to_user_id`, `content`, `send_at`, `change_at`, `changed`) VALUES ('28', '2', '15', 'Eaque et reiciendis delectus ut iure voluptas. Magnam enim aliquid odio. Omnis animi ullam id vel.', '1985-02-23 09:35:54', '1984-05-13 00:48:57', 0);
INSERT INTO `messages` (`id`, `from_user_id`, `to_user_id`, `content`, `send_at`, `change_at`, `changed`) VALUES ('29', '9', '16', 'Sit est possimus deleniti est consequatur. Ipsa ratione quia id commodi.', '1973-01-27 23:56:10', '2016-05-18 22:07:00', 0);
INSERT INTO `messages` (`id`, `from_user_id`, `to_user_id`, `content`, `send_at`, `change_at`, `changed`) VALUES ('30', '13', '14', 'Maiores quae velit vitae quia sint. Eum voluptate minus aut velit id odio id. Et qui ad veniam.', '1993-10-28 09:55:42', '1993-04-02 17:12:08', 0);
INSERT INTO `messages` (`id`, `from_user_id`, `to_user_id`, `content`, `send_at`, `change_at`, `changed`) VALUES ('31', '16', '5', 'Asperiores soluta vel assumenda. Nihil quibusdam et eum voluptatem. Ab illo asperiores omnis.', '1978-11-12 01:45:56', '2002-08-07 01:38:13', 1);
INSERT INTO `messages` (`id`, `from_user_id`, `to_user_id`, `content`, `send_at`, `change_at`, `changed`) VALUES ('32', '19', '19', 'Provident voluptatem repudiandae possimus commodi. Voluptas earum non maiores sit consectetur.', '1999-06-01 00:42:42', '1986-08-24 20:31:12', 0);
INSERT INTO `messages` (`id`, `from_user_id`, `to_user_id`, `content`, `send_at`, `change_at`, `changed`) VALUES ('33', '15', '20', 'Incidunt qui nemo atque omnis esse. Sit quibusdam voluptatem sit sapiente vel voluptatem molestias.', '2003-10-19 19:07:29', '1984-06-21 03:51:23', 0);
INSERT INTO `messages` (`id`, `from_user_id`, `to_user_id`, `content`, `send_at`, `change_at`, `changed`) VALUES ('34', '16', '8', 'Soluta minus dolor at voluptatum. Ut sunt qui ipsum sit. Distinctio aperiam tempora natus eveniet.', '2001-12-07 06:05:26', '2017-07-05 01:37:37', 0);
INSERT INTO `messages` (`id`, `from_user_id`, `to_user_id`, `content`, `send_at`, `change_at`, `changed`) VALUES ('35', '20', '18', 'Sit quis autem et necessitatibus. Odit facere ea amet eum.', '1995-03-15 20:02:09', '2016-10-18 12:27:02', 0);
INSERT INTO `messages` (`id`, `from_user_id`, `to_user_id`, `content`, `send_at`, `change_at`, `changed`) VALUES ('36', '10', '10', 'Doloremque ut exercitationem ipsa et. Et voluptatibus est ut vel aspernatur quibusdam.', '1999-01-29 19:33:39', '2015-11-18 12:11:08', 0);
INSERT INTO `messages` (`id`, `from_user_id`, `to_user_id`, `content`, `send_at`, `change_at`, `changed`) VALUES ('37', '15', '7', 'Delectus omnis ipsam ducimus possimus. Iusto facere commodi asperiores repudiandae nostrum quis.', '2014-12-01 09:22:53', '2014-05-05 15:57:54', 0);
INSERT INTO `messages` (`id`, `from_user_id`, `to_user_id`, `content`, `send_at`, `change_at`, `changed`) VALUES ('38', '10', '19', 'Necessitatibus quia neque odio sit deleniti. Odit nam itaque necessitatibus explicabo.', '1984-02-27 22:45:37', '1988-11-01 19:32:48', 0);
INSERT INTO `messages` (`id`, `from_user_id`, `to_user_id`, `content`, `send_at`, `change_at`, `changed`) VALUES ('39', '8', '9', 'Impedit quod aut vel illo vel. Omnis dolorem quia nesciunt est. Minima sint vel vel neque et.', '1985-03-02 07:08:57', '2015-09-20 08:00:08', 0);
INSERT INTO `messages` (`id`, `from_user_id`, `to_user_id`, `content`, `send_at`, `change_at`, `changed`) VALUES ('40', '18', '1', 'Reprehenderit et unde maxime omnis enim quisquam maxime. Fugiat illum deserunt similique magni nam.', '1974-02-04 17:47:15', '2008-02-23 21:53:14', 0);
INSERT INTO `messages` (`id`, `from_user_id`, `to_user_id`, `content`, `send_at`, `change_at`, `changed`) VALUES ('41', '13', '6', 'Et aut omnis accusantium occaecati aut qui. Dignissimos enim eum at qui veritatis expedita quia.', '1998-04-28 05:16:44', '1974-04-26 21:25:34', 0);
INSERT INTO `messages` (`id`, `from_user_id`, `to_user_id`, `content`, `send_at`, `change_at`, `changed`) VALUES ('42', '20', '4', 'Veniam fugit error labore. Impedit tempora sint id aperiam aut quae optio.', '1979-10-22 11:15:12', '1970-02-28 00:52:44', 1);
INSERT INTO `messages` (`id`, `from_user_id`, `to_user_id`, `content`, `send_at`, `change_at`, `changed`) VALUES ('43', '7', '1', 'Nihil et debitis sunt sint numquam delectus. Iure culpa illum est et ducimus nostrum voluptatum.', '1990-07-04 14:53:03', '2010-07-30 10:02:32', 0);
INSERT INTO `messages` (`id`, `from_user_id`, `to_user_id`, `content`, `send_at`, `change_at`, `changed`) VALUES ('44', '18', '15', 'Iste architecto impedit qui. At et quo corporis. Rerum sunt blanditiis provident dolor voluptas.', '1992-12-26 03:55:09', '2018-07-21 20:35:47', 0);
INSERT INTO `messages` (`id`, `from_user_id`, `to_user_id`, `content`, `send_at`, `change_at`, `changed`) VALUES ('45', '16', '11', 'Nulla debitis sed perspiciatis id harum quo et ut. Magni sapiente molestiae ut ut.', '2012-06-03 21:49:08', '1989-11-16 06:17:13', 0);
INSERT INTO `messages` (`id`, `from_user_id`, `to_user_id`, `content`, `send_at`, `change_at`, `changed`) VALUES ('46', '9', '11', 'Quos est impedit non modi. Perferendis provident sed eum et veritatis.', '2008-06-11 05:13:53', '1990-02-11 21:54:14', 0);
INSERT INTO `messages` (`id`, `from_user_id`, `to_user_id`, `content`, `send_at`, `change_at`, `changed`) VALUES ('47', '15', '8', 'Voluptas aut delectus alias dolorum amet nostrum. Amet sit qui excepturi ratione quas.', '2003-11-02 14:05:43', '1999-01-30 14:30:52', 0);
INSERT INTO `messages` (`id`, `from_user_id`, `to_user_id`, `content`, `send_at`, `change_at`, `changed`) VALUES ('48', '9', '9', 'Amet quos debitis voluptatem voluptate cumque deleniti quod. Optio est quam placeat sint atque nam.', '1990-04-02 20:37:17', '2019-01-14 07:12:18', 0);
INSERT INTO `messages` (`id`, `from_user_id`, `to_user_id`, `content`, `send_at`, `change_at`, `changed`) VALUES ('49', '7', '5', 'Natus praesentium voluptatibus id eum voluptas et deleniti. Libero sequi quasi enim.', '1977-11-28 21:02:21', '2006-06-09 12:18:43', 0);
INSERT INTO `messages` (`id`, `from_user_id`, `to_user_id`, `content`, `send_at`, `change_at`, `changed`) VALUES ('50', '17', '6', 'Voluptatem dolorem et impedit ut ut ut sint. Unde totam ipsum magnam et.', '2003-01-23 03:58:29', '1973-09-29 09:16:19', 0);
INSERT INTO `messages` (`id`, `from_user_id`, `to_user_id`, `content`, `send_at`, `change_at`, `changed`) VALUES ('51', '2', '7', 'Dolorem voluptatem non quis est. Vel itaque qui autem. Est id consequuntur et et voluptatem.', '1981-09-25 04:23:28', '2001-09-12 15:04:35', 0);
INSERT INTO `messages` (`id`, `from_user_id`, `to_user_id`, `content`, `send_at`, `change_at`, `changed`) VALUES ('52', '16', '17', 'Autem alias repudiandae quis esse in quam. Et commodi quia itaque fugiat consequatur.', '1997-04-21 06:02:51', '2011-02-10 01:08:16', 0);
INSERT INTO `messages` (`id`, `from_user_id`, `to_user_id`, `content`, `send_at`, `change_at`, `changed`) VALUES ('53', '13', '6', 'Magnam alias quos dolor ipsum et vitae aut. Placeat cum voluptatum quae ut autem et deserunt.', '2020-01-29 17:30:07', '1990-05-18 14:36:18', 0);
INSERT INTO `messages` (`id`, `from_user_id`, `to_user_id`, `content`, `send_at`, `change_at`, `changed`) VALUES ('54', '15', '1', 'Cumque cumque ex dolore laudantium. Unde rem molestias vel voluptates.', '1974-05-06 17:39:22', '2008-09-21 13:17:11', 0);
INSERT INTO `messages` (`id`, `from_user_id`, `to_user_id`, `content`, `send_at`, `change_at`, `changed`) VALUES ('55', '14', '13', 'Deleniti ut qui ea velit doloribus voluptates. Ut nesciunt dolor magnam et ab explicabo ut.', '2018-11-08 06:53:48', '1970-02-27 22:50:55', 0);
INSERT INTO `messages` (`id`, `from_user_id`, `to_user_id`, `content`, `send_at`, `change_at`, `changed`) VALUES ('56', '1', '7', 'Quidem vel repellendus cumque excepturi. Aut illum quae incidunt at quia vero nihil.', '1972-03-01 13:00:04', '1988-06-18 09:44:22', 0);
INSERT INTO `messages` (`id`, `from_user_id`, `to_user_id`, `content`, `send_at`, `change_at`, `changed`) VALUES ('57', '18', '20', 'Iusto tenetur omnis omnis. Ratione fugiat iusto quasi sunt.', '1992-05-04 06:42:09', '1989-09-07 19:40:08', 0);
INSERT INTO `messages` (`id`, `from_user_id`, `to_user_id`, `content`, `send_at`, `change_at`, `changed`) VALUES ('58', '11', '5', 'Debitis hic blanditiis voluptatum rem. Occaecati et natus autem est ut porro quaerat molestias.', '2005-09-02 20:53:41', '2013-06-14 11:02:54', 0);
INSERT INTO `messages` (`id`, `from_user_id`, `to_user_id`, `content`, `send_at`, `change_at`, `changed`) VALUES ('59', '1', '8', 'Voluptatem alias ducimus assumenda et voluptate rerum quam. Vel dolor adipisci quidem.', '2012-04-23 12:09:01', '1997-02-23 12:57:32', 0);
INSERT INTO `messages` (`id`, `from_user_id`, `to_user_id`, `content`, `send_at`, `change_at`, `changed`) VALUES ('60', '19', '17', 'Rem veniam qui nihil iusto eos earum quo distinctio. Accusamus tempora quia rerum tempora eveniet.', '1983-07-26 18:46:14', '1975-10-24 20:09:59', 0);
INSERT INTO `messages` (`id`, `from_user_id`, `to_user_id`, `content`, `send_at`, `change_at`, `changed`) VALUES ('61', '19', '8', 'Et reprehenderit aspernatur nam laudantium. Id doloribus omnis reiciendis aliquid aut consequatur.', '1973-06-10 20:31:36', '1994-02-17 19:18:28', 0);
INSERT INTO `messages` (`id`, `from_user_id`, `to_user_id`, `content`, `send_at`, `change_at`, `changed`) VALUES ('62', '7', '13', 'Facilis vel vero consequatur et tempora. Et blanditiis enim sit est a hic ab veritatis.', '1978-09-05 15:03:25', '2016-10-31 15:02:11', 1);
INSERT INTO `messages` (`id`, `from_user_id`, `to_user_id`, `content`, `send_at`, `change_at`, `changed`) VALUES ('63', '15', '16', 'Quo impedit expedita sit. Nobis sunt pariatur velit. At veritatis consectetur iusto ipsa.', '2008-05-07 13:02:17', '2004-07-30 00:55:45', 1);
INSERT INTO `messages` (`id`, `from_user_id`, `to_user_id`, `content`, `send_at`, `change_at`, `changed`) VALUES ('64', '2', '1', 'Vero quia magnam natus enim ea saepe. Officia et qui molestias minus.', '2019-10-15 19:27:16', '2014-10-02 23:35:38', 0);
INSERT INTO `messages` (`id`, `from_user_id`, `to_user_id`, `content`, `send_at`, `change_at`, `changed`) VALUES ('65', '1', '19', 'Ut velit consequatur sapiente magni id. Perferendis vel dolorum sunt enim quo.', '2000-03-28 03:26:27', '2018-07-10 00:54:35', 0);
INSERT INTO `messages` (`id`, `from_user_id`, `to_user_id`, `content`, `send_at`, `change_at`, `changed`) VALUES ('66', '7', '3', 'Sed incidunt ex aut rerum. Quo occaecati sit aut omnis enim.', '1998-05-02 15:31:40', '1973-06-26 14:04:07', 0);
INSERT INTO `messages` (`id`, `from_user_id`, `to_user_id`, `content`, `send_at`, `change_at`, `changed`) VALUES ('67', '5', '3', 'Natus dolore et vitae aspernatur itaque. Provident qui modi nesciunt quidem et molestias.', '1979-12-24 12:11:44', '1989-09-05 20:06:10', 0);
INSERT INTO `messages` (`id`, `from_user_id`, `to_user_id`, `content`, `send_at`, `change_at`, `changed`) VALUES ('68', '19', '18', 'Earum rerum similique sed optio. Placeat ullam sed fuga.', '1994-12-09 21:48:33', '1974-11-04 19:19:29', 0);
INSERT INTO `messages` (`id`, `from_user_id`, `to_user_id`, `content`, `send_at`, `change_at`, `changed`) VALUES ('69', '8', '14', 'Qui est vel id officiis. Sed autem corrupti asperiores velit reprehenderit et.', '1983-06-11 09:28:00', '2011-01-25 00:01:21', 0);
INSERT INTO `messages` (`id`, `from_user_id`, `to_user_id`, `content`, `send_at`, `change_at`, `changed`) VALUES ('70', '18', '2', 'Expedita voluptates cumque sed provident eum ab. Ut et quasi qui quia maxime eligendi repudiandae.', '1996-04-15 07:11:59', '1974-09-30 23:52:41', 0);
INSERT INTO `messages` (`id`, `from_user_id`, `to_user_id`, `content`, `send_at`, `change_at`, `changed`) VALUES ('71', '6', '18', 'Nostrum fugiat voluptatem doloribus nobis. Et quo et molestiae ea et sunt repellat.', '1986-08-17 13:53:40', '2004-04-15 09:48:59', 0);
INSERT INTO `messages` (`id`, `from_user_id`, `to_user_id`, `content`, `send_at`, `change_at`, `changed`) VALUES ('72', '9', '4', 'Veritatis ex ut nulla unde quaerat. Non velit et incidunt ratione sapiente.', '1993-06-28 19:04:12', '2017-02-26 19:04:29', 1);
INSERT INTO `messages` (`id`, `from_user_id`, `to_user_id`, `content`, `send_at`, `change_at`, `changed`) VALUES ('73', '18', '19', 'Praesentium illum cum consequatur eos ut iste est eos. Velit veritatis libero voluptas.', '1980-02-26 05:19:22', '2003-02-06 01:24:21', 0);
INSERT INTO `messages` (`id`, `from_user_id`, `to_user_id`, `content`, `send_at`, `change_at`, `changed`) VALUES ('74', '8', '18', 'Sunt explicabo officiis laboriosam voluptates aliquid dolor. Perferendis nemo a doloremque dolore.', '1993-02-01 21:17:15', '1983-11-23 05:22:38', 1);
INSERT INTO `messages` (`id`, `from_user_id`, `to_user_id`, `content`, `send_at`, `change_at`, `changed`) VALUES ('75', '6', '7', 'Id dolor magnam nulla est. Autem atque porro ullam laudantium rerum voluptatem.', '2002-09-23 20:48:54', '1980-08-05 14:55:00', 0);
INSERT INTO `messages` (`id`, `from_user_id`, `to_user_id`, `content`, `send_at`, `change_at`, `changed`) VALUES ('76', '14', '5', 'Dicta et ut atque et est veniam. Qui velit et enim et molestias. Voluptatum sit eum non illo.', '2004-01-20 17:22:04', '2011-10-28 21:51:14', 0);
INSERT INTO `messages` (`id`, `from_user_id`, `to_user_id`, `content`, `send_at`, `change_at`, `changed`) VALUES ('77', '14', '1', 'Maxime soluta et id beatae architecto eum. Ut quia labore inventore nostrum pariatur et vitae.', '1997-04-27 00:29:18', '1974-11-09 09:05:00', 0);
INSERT INTO `messages` (`id`, `from_user_id`, `to_user_id`, `content`, `send_at`, `change_at`, `changed`) VALUES ('78', '18', '8', 'Provident et quis iusto consectetur sunt inventore. Excepturi laboriosam quos vel consequuntur.', '2013-06-06 11:58:41', '1971-04-13 16:39:40', 0);
INSERT INTO `messages` (`id`, `from_user_id`, `to_user_id`, `content`, `send_at`, `change_at`, `changed`) VALUES ('79', '17', '19', 'Adipisci qui ducimus ab vero sequi iste. Vitae quia ducimus voluptatem asperiores consequatur.', '1978-02-28 01:25:24', '1983-07-01 09:45:51', 0);
INSERT INTO `messages` (`id`, `from_user_id`, `to_user_id`, `content`, `send_at`, `change_at`, `changed`) VALUES ('80', '9', '17', 'Non quam aut tenetur rem velit sit et nostrum. Aliquam sunt ut in ut.', '2009-04-17 16:03:13', '2009-02-09 08:48:59', 1);
INSERT INTO `messages` (`id`, `from_user_id`, `to_user_id`, `content`, `send_at`, `change_at`, `changed`) VALUES ('81', '17', '16', 'Autem reiciendis sit libero. Velit est velit at aut at.', '2003-05-30 19:47:07', '2001-04-27 21:16:21', 1);
INSERT INTO `messages` (`id`, `from_user_id`, `to_user_id`, `content`, `send_at`, `change_at`, `changed`) VALUES ('82', '19', '2', 'Exercitationem fugit nemo laudantium et quam error nulla. Iusto autem libero iste aspernatur.', '1995-05-14 16:24:45', '1989-03-02 09:06:51', 1);
INSERT INTO `messages` (`id`, `from_user_id`, `to_user_id`, `content`, `send_at`, `change_at`, `changed`) VALUES ('83', '18', '18', 'Hic consequuntur quam cupiditate corporis nam. Non recusandae possimus et dolorum.', '2013-11-23 17:45:24', '2005-07-09 00:50:06', 0);
INSERT INTO `messages` (`id`, `from_user_id`, `to_user_id`, `content`, `send_at`, `change_at`, `changed`) VALUES ('84', '19', '5', 'Inventore eum harum dolorum odio. Impedit neque aperiam et quibusdam laudantium tenetur cumque.', '1992-01-08 17:53:10', '2004-09-12 15:55:25', 0);
INSERT INTO `messages` (`id`, `from_user_id`, `to_user_id`, `content`, `send_at`, `change_at`, `changed`) VALUES ('85', '11', '16', 'Est laborum debitis adipisci fuga vel quis. Quo eius officiis voluptas. Nobis ut libero qui.', '1987-06-02 08:15:47', '2002-03-10 19:47:24', 0);
INSERT INTO `messages` (`id`, `from_user_id`, `to_user_id`, `content`, `send_at`, `change_at`, `changed`) VALUES ('86', '6', '16', 'Consequatur voluptas culpa sint ut qui voluptatem. Rerum odio provident labore est ipsa eveniet.', '2006-06-11 19:59:04', '2001-02-18 15:56:59', 1);
INSERT INTO `messages` (`id`, `from_user_id`, `to_user_id`, `content`, `send_at`, `change_at`, `changed`) VALUES ('87', '14', '14', 'A corrupti deserunt animi. Nemo quam magni magni voluptas. Temporibus accusantium ut sapiente est.', '1984-09-03 12:52:36', '1971-07-08 17:49:21', 0);
INSERT INTO `messages` (`id`, `from_user_id`, `to_user_id`, `content`, `send_at`, `change_at`, `changed`) VALUES ('88', '19', '11', 'Iure rerum aspernatur expedita voluptatem. Laborum est ut officiis enim vel perferendis ut.', '2009-05-07 19:35:58', '1996-02-01 23:41:15', 0);
INSERT INTO `messages` (`id`, `from_user_id`, `to_user_id`, `content`, `send_at`, `change_at`, `changed`) VALUES ('89', '12', '7', 'Sit porro quaerat omnis non qui dolor aut corporis. Corporis et corrupti rerum dignissimos.', '2008-03-05 13:42:48', '1970-10-13 09:45:57', 0);
INSERT INTO `messages` (`id`, `from_user_id`, `to_user_id`, `content`, `send_at`, `change_at`, `changed`) VALUES ('90', '8', '18', 'Sed est praesentium et sunt quia. Dolorum fugiat quis cumque voluptatem rerum.', '1972-09-29 08:26:35', '1972-04-14 16:35:50', 0);
INSERT INTO `messages` (`id`, `from_user_id`, `to_user_id`, `content`, `send_at`, `change_at`, `changed`) VALUES ('91', '13', '2', 'Sunt quia architecto enim. Magni magni rerum qui. Nihil ducimus veniam iusto et dolorem fugit.', '1992-04-10 18:59:25', '1983-10-04 06:45:24', 1);
INSERT INTO `messages` (`id`, `from_user_id`, `to_user_id`, `content`, `send_at`, `change_at`, `changed`) VALUES ('92', '2', '6', 'Vel sed corrupti qui. Ut nemo et repellat. Tempora quam nemo nihil accusantium tempora.', '1977-12-18 16:03:24', '1976-12-09 20:46:49', 1);
INSERT INTO `messages` (`id`, `from_user_id`, `to_user_id`, `content`, `send_at`, `change_at`, `changed`) VALUES ('93', '2', '20', 'Quo vel est ut earum. Minus nesciunt sapiente et autem et error. Dolorem dolorem quos nesciunt.', '1991-02-15 18:01:44', '2018-02-02 18:11:22', 1);
INSERT INTO `messages` (`id`, `from_user_id`, `to_user_id`, `content`, `send_at`, `change_at`, `changed`) VALUES ('94', '14', '18', 'Totam officiis tempora id velit. Nihil amet provident aut molestias.', '1972-05-09 20:34:30', '2010-07-13 11:09:10', 1);
INSERT INTO `messages` (`id`, `from_user_id`, `to_user_id`, `content`, `send_at`, `change_at`, `changed`) VALUES ('95', '18', '3', 'Rem vero cumque soluta maxime debitis. Totam officia voluptate dolore.', '2001-10-29 10:13:02', '1978-12-11 09:24:58', 0);
INSERT INTO `messages` (`id`, `from_user_id`, `to_user_id`, `content`, `send_at`, `change_at`, `changed`) VALUES ('96', '15', '15', 'Libero sapiente expedita ipsam. Distinctio a omnis praesentium. Iure soluta saepe sint quo.', '1982-03-06 10:28:45', '2014-09-09 18:14:36', 1);
INSERT INTO `messages` (`id`, `from_user_id`, `to_user_id`, `content`, `send_at`, `change_at`, `changed`) VALUES ('97', '18', '14', 'Aut consequatur omnis ut voluptas. Qui a omnis facilis et qui.', '1982-12-27 11:36:16', '2014-06-03 07:32:55', 0);
INSERT INTO `messages` (`id`, `from_user_id`, `to_user_id`, `content`, `send_at`, `change_at`, `changed`) VALUES ('98', '16', '15', 'Aut suscipit alias explicabo et aut repellat. Exercitationem rerum ea cupiditate voluptate illo.', '1980-10-19 23:54:26', '1974-03-04 10:47:41', 0);
INSERT INTO `messages` (`id`, `from_user_id`, `to_user_id`, `content`, `send_at`, `change_at`, `changed`) VALUES ('99', '11', '15', 'Expedita ab pariatur aut quia aperiam. Occaecati ut vitae fugiat molestias.', '1982-08-07 16:05:19', '1990-10-28 10:28:27', 0);
INSERT INTO `messages` (`id`, `from_user_id`, `to_user_id`, `content`, `send_at`, `change_at`, `changed`) VALUES ('100', '20', '1', 'Sapiente corrupti nostrum nobis qui quia voluptatem. Pariatur minus fuga harum alias.', '1997-08-23 21:57:59', '2006-10-30 10:47:46', 0);
INSERT INTO `messages` (`id`, `from_user_id`, `to_user_id`, `content`, `send_at`, `change_at`, `changed`) VALUES ('101', '10', '6', 'Provident ipsam mollitia labore quasi officiis. Quas sit culpa sunt.', '2009-12-30 02:18:11', '2002-08-06 21:27:16', 0);
INSERT INTO `messages` (`id`, `from_user_id`, `to_user_id`, `content`, `send_at`, `change_at`, `changed`) VALUES ('102', '17', '3', 'Dolores ab ex et earum rem est repellat. Vitae repellendus autem est nulla et ratione.', '2010-04-24 18:45:31', '1981-09-22 10:20:12', 0);
INSERT INTO `messages` (`id`, `from_user_id`, `to_user_id`, `content`, `send_at`, `change_at`, `changed`) VALUES ('103', '19', '15', 'Dolores vel et natus. Ut assumenda ad fugiat ea. Sapiente cumque voluptatem quasi.', '2003-02-03 14:45:04', '2018-06-23 14:58:43', 0);
INSERT INTO `messages` (`id`, `from_user_id`, `to_user_id`, `content`, `send_at`, `change_at`, `changed`) VALUES ('104', '14', '11', 'Laboriosam provident officiis quia quia quos velit neque fuga. Aut et est eius fuga.', '1987-05-19 02:06:33', '2014-05-15 20:41:49', 0);
INSERT INTO `messages` (`id`, `from_user_id`, `to_user_id`, `content`, `send_at`, `change_at`, `changed`) VALUES ('105', '1', '1', 'Dolorem officia et ea. Distinctio in id doloribus dolor. Nemo est nihil quia.', '1995-12-10 20:14:21', '1984-02-24 09:12:31', 0);
INSERT INTO `messages` (`id`, `from_user_id`, `to_user_id`, `content`, `send_at`, `change_at`, `changed`) VALUES ('106', '9', '14', 'Provident sapiente sint enim hic et et. Blanditiis voluptatem doloribus natus architecto quis.', '1976-09-05 19:46:48', '1983-03-24 19:34:55', 0);
INSERT INTO `messages` (`id`, `from_user_id`, `to_user_id`, `content`, `send_at`, `change_at`, `changed`) VALUES ('107', '3', '11', 'Libero ipsam tenetur illo aut. Quisquam quae veritatis qui. Esse ipsam ullam in delectus porro.', '1999-06-15 18:03:32', '2014-07-11 22:18:51', 0);
INSERT INTO `messages` (`id`, `from_user_id`, `to_user_id`, `content`, `send_at`, `change_at`, `changed`) VALUES ('108', '20', '4', 'Qui et id sequi deserunt. Nemo natus eveniet quis. Voluptatem dolor est eos eum quidem delectus.', '2016-10-26 20:56:21', '2019-09-09 14:38:02', 0);
INSERT INTO `messages` (`id`, `from_user_id`, `to_user_id`, `content`, `send_at`, `change_at`, `changed`) VALUES ('109', '10', '13', 'Sapiente ad consectetur debitis at officia minima quos. Assumenda et a non.', '2011-08-25 15:54:55', '1989-05-24 07:26:29', 1);
INSERT INTO `messages` (`id`, `from_user_id`, `to_user_id`, `content`, `send_at`, `change_at`, `changed`) VALUES ('110', '2', '8', 'Omnis error magnam rerum et. Qui non officia neque voluptas eos.', '1980-05-25 16:12:28', '1986-10-20 10:18:17', 0);
INSERT INTO `messages` (`id`, `from_user_id`, `to_user_id`, `content`, `send_at`, `change_at`, `changed`) VALUES ('111', '15', '16', 'Et id in impedit porro. Est laboriosam est voluptatibus quasi. Facilis ducimus sit excepturi.', '2019-07-06 23:16:10', '1972-10-05 23:55:50', 0);
INSERT INTO `messages` (`id`, `from_user_id`, `to_user_id`, `content`, `send_at`, `change_at`, `changed`) VALUES ('112', '3', '13', 'Est rem eos vel nostrum sed. Quia enim sit consequatur quia fugit doloribus.', '2001-07-22 08:24:37', '1997-02-22 23:28:21', 0);
INSERT INTO `messages` (`id`, `from_user_id`, `to_user_id`, `content`, `send_at`, `change_at`, `changed`) VALUES ('113', '9', '18', 'Quis velit ex et alias repellat assumenda quia. Id ducimus voluptatibus labore quia.', '2001-09-18 23:22:52', '1978-01-31 14:06:02', 0);
INSERT INTO `messages` (`id`, `from_user_id`, `to_user_id`, `content`, `send_at`, `change_at`, `changed`) VALUES ('114', '8', '20', 'Quas veniam sed et ut. Quia est nobis et dolore. Eos esse sit reprehenderit animi.', '1974-10-27 20:02:24', '2008-05-07 19:12:20', 0);
INSERT INTO `messages` (`id`, `from_user_id`, `to_user_id`, `content`, `send_at`, `change_at`, `changed`) VALUES ('115', '13', '7', 'Quas velit atque est et. Voluptates et consequatur qui.', '1991-10-23 18:13:00', '1977-12-05 23:06:38', 0);
INSERT INTO `messages` (`id`, `from_user_id`, `to_user_id`, `content`, `send_at`, `change_at`, `changed`) VALUES ('116', '20', '2', 'Ducimus rem qui eligendi explicabo quas ut. Eos quis nihil sunt illo. Cumque ea ut sit ut.', '1975-02-24 17:04:49', '1973-08-05 21:57:08', 0);
INSERT INTO `messages` (`id`, `from_user_id`, `to_user_id`, `content`, `send_at`, `change_at`, `changed`) VALUES ('117', '12', '16', 'Sunt ullam qui praesentium rerum dolores ipsa odit. Asperiores amet qui earum ut.', '1994-04-17 10:52:53', '1985-12-01 21:54:41', 0);
INSERT INTO `messages` (`id`, `from_user_id`, `to_user_id`, `content`, `send_at`, `change_at`, `changed`) VALUES ('118', '5', '11', 'Mollitia eligendi fuga facilis quis sed. Consequatur ut voluptas in et.', '1971-09-12 00:19:00', '1976-07-12 11:42:17', 0);
INSERT INTO `messages` (`id`, `from_user_id`, `to_user_id`, `content`, `send_at`, `change_at`, `changed`) VALUES ('119', '11', '18', 'Et ad enim sit quod. Qui et at maxime minima impedit quia incidunt pariatur.', '1986-07-29 10:40:18', '2018-08-10 22:01:52', 1);
INSERT INTO `messages` (`id`, `from_user_id`, `to_user_id`, `content`, `send_at`, `change_at`, `changed`) VALUES ('120', '1', '12', 'Quod asperiores corporis rerum ullam. Sequi suscipit rerum officiis voluptate qui sit.', '1992-02-19 21:11:20', '1993-04-12 15:16:38', 0);
INSERT INTO `messages` (`id`, `from_user_id`, `to_user_id`, `content`, `send_at`, `change_at`, `changed`) VALUES ('121', '19', '10', 'Amet accusamus est illo earum. Magni id distinctio adipisci at aut quae sapiente.', '2011-05-08 23:11:09', '1998-11-13 16:09:45', 1);
INSERT INTO `messages` (`id`, `from_user_id`, `to_user_id`, `content`, `send_at`, `change_at`, `changed`) VALUES ('122', '5', '1', 'Ut et quo fugit architecto architecto rem non rem. Iusto facere id magnam esse.', '1990-03-05 01:58:55', '1978-03-27 15:13:50', 0);
INSERT INTO `messages` (`id`, `from_user_id`, `to_user_id`, `content`, `send_at`, `change_at`, `changed`) VALUES ('123', '20', '4', 'Hic vitae nulla debitis explicabo ut quia est. Non ex et ex perferendis ut perspiciatis.', '1994-12-01 18:18:24', '2015-06-25 01:10:32', 0);
INSERT INTO `messages` (`id`, `from_user_id`, `to_user_id`, `content`, `send_at`, `change_at`, `changed`) VALUES ('124', '5', '9', 'Quis ducimus laboriosam ex ut sit aut temporibus dolorem. Sit optio laboriosam ipsum qui.', '1972-12-04 18:40:59', '1999-08-04 23:45:17', 0);
INSERT INTO `messages` (`id`, `from_user_id`, `to_user_id`, `content`, `send_at`, `change_at`, `changed`) VALUES ('125', '17', '6', 'Tempore quia provident quia. Ut sit facere illo dolor mollitia dicta illo.', '1987-08-05 19:59:53', '2006-06-23 13:01:11', 0);
INSERT INTO `messages` (`id`, `from_user_id`, `to_user_id`, `content`, `send_at`, `change_at`, `changed`) VALUES ('126', '16', '12', 'Est quas aperiam itaque non ipsam. Vel et culpa exercitationem architecto numquam assumenda soluta.', '1997-06-06 04:44:58', '2015-08-25 14:19:24', 1);
INSERT INTO `messages` (`id`, `from_user_id`, `to_user_id`, `content`, `send_at`, `change_at`, `changed`) VALUES ('127', '2', '19', 'Et odit est molestiae et ipsum. Cum nesciunt sed rerum excepturi ipsum aspernatur labore.', '2002-08-12 08:57:33', '1992-02-29 18:46:29', 0);
INSERT INTO `messages` (`id`, `from_user_id`, `to_user_id`, `content`, `send_at`, `change_at`, `changed`) VALUES ('128', '4', '11', 'Quo quis minus vitae vitae dolorem eos. Sapiente nihil commodi error rerum delectus qui et.', '2000-04-03 10:12:42', '2014-03-08 08:10:02', 0);
INSERT INTO `messages` (`id`, `from_user_id`, `to_user_id`, `content`, `send_at`, `change_at`, `changed`) VALUES ('129', '16', '12', 'Temporibus odio veniam quia velit. Eum pariatur eaque hic ut. Aut maxime consequatur alias tempora.', '2010-01-24 07:35:38', '2015-09-26 08:33:17', 0);
INSERT INTO `messages` (`id`, `from_user_id`, `to_user_id`, `content`, `send_at`, `change_at`, `changed`) VALUES ('130', '10', '9', 'Voluptate beatae alias id voluptatem necessitatibus. Cum cum excepturi quos at.', '1970-06-08 19:10:22', '2000-11-24 20:41:02', 0);
INSERT INTO `messages` (`id`, `from_user_id`, `to_user_id`, `content`, `send_at`, `change_at`, `changed`) VALUES ('131', '18', '10', 'Dolorum voluptatem atque omnis qui. Qui exercitationem quaerat qui reiciendis.', '1999-04-16 17:02:44', '1976-10-17 15:53:09', 0);
INSERT INTO `messages` (`id`, `from_user_id`, `to_user_id`, `content`, `send_at`, `change_at`, `changed`) VALUES ('132', '10', '10', 'Quasi qui illo dolor est. Et rem quidem ut qui autem. Est molestiae alias est dolor.', '1989-12-25 06:45:47', '2018-06-05 15:47:00', 0);
INSERT INTO `messages` (`id`, `from_user_id`, `to_user_id`, `content`, `send_at`, `change_at`, `changed`) VALUES ('133', '6', '15', 'Debitis aut adipisci sed et. Quia autem voluptatem quasi iste. Corporis ipsam totam enim id.', '1984-03-16 12:04:07', '1971-08-18 01:12:03', 0);
INSERT INTO `messages` (`id`, `from_user_id`, `to_user_id`, `content`, `send_at`, `change_at`, `changed`) VALUES ('134', '1', '16', 'Quo beatae voluptatem sapiente et perferendis eaque placeat. Magni vel optio sit ab.', '2012-07-08 14:12:42', '2008-05-26 00:36:01', 0);
INSERT INTO `messages` (`id`, `from_user_id`, `to_user_id`, `content`, `send_at`, `change_at`, `changed`) VALUES ('135', '12', '2', 'Odit quos aut sit ut blanditiis autem. Itaque modi qui at et. Dolore assumenda ut sint molestiae.', '1995-03-02 15:51:00', '2006-04-12 22:23:39', 0);
INSERT INTO `messages` (`id`, `from_user_id`, `to_user_id`, `content`, `send_at`, `change_at`, `changed`) VALUES ('136', '8', '11', 'Sit esse sequi laborum animi modi. Non qui et quibusdam.', '1980-11-02 15:28:20', '1985-01-07 02:03:39', 0);
INSERT INTO `messages` (`id`, `from_user_id`, `to_user_id`, `content`, `send_at`, `change_at`, `changed`) VALUES ('137', '11', '12', 'Officia accusantium quod enim vel. Iste voluptates temporibus nihil perspiciatis.', '1987-12-15 00:55:07', '2019-04-02 02:41:14', 1);
INSERT INTO `messages` (`id`, `from_user_id`, `to_user_id`, `content`, `send_at`, `change_at`, `changed`) VALUES ('138', '12', '10', 'Qui vitae et eos quia quia. Enim cum accusamus amet odio.', '2020-01-27 21:46:19', '1985-04-14 12:11:25', 0);
INSERT INTO `messages` (`id`, `from_user_id`, `to_user_id`, `content`, `send_at`, `change_at`, `changed`) VALUES ('139', '16', '16', 'Ut quia minus omnis quo dolorem provident. Molestiae harum animi beatae sit.', '2007-05-06 04:48:59', '2016-12-30 21:26:08', 0);
INSERT INTO `messages` (`id`, `from_user_id`, `to_user_id`, `content`, `send_at`, `change_at`, `changed`) VALUES ('140', '19', '13', 'Nulla voluptatem facere velit quis velit fugit sit. Et et velit at.', '1971-02-11 02:05:25', '1999-01-05 11:48:44', 0);
INSERT INTO `messages` (`id`, `from_user_id`, `to_user_id`, `content`, `send_at`, `change_at`, `changed`) VALUES ('141', '2', '15', 'Voluptatem quae illum vel quis eligendi. Dolor vel dolores culpa est sed aut.', '1979-10-18 17:22:25', '1973-11-24 12:46:39', 0);
INSERT INTO `messages` (`id`, `from_user_id`, `to_user_id`, `content`, `send_at`, `change_at`, `changed`) VALUES ('142', '5', '4', 'Sed dolore ea dolores sint. Ullam aliquam saepe non. Iure et vel eius minus minus.', '2000-02-20 19:56:16', '1978-03-17 13:38:33', 0);
INSERT INTO `messages` (`id`, `from_user_id`, `to_user_id`, `content`, `send_at`, `change_at`, `changed`) VALUES ('143', '13', '9', 'Nisi dolores repellendus excepturi. Sunt dolor dicta doloribus molestias voluptatibus nihil labore.', '2011-08-29 07:16:00', '1988-04-04 03:44:19', 0);
INSERT INTO `messages` (`id`, `from_user_id`, `to_user_id`, `content`, `send_at`, `change_at`, `changed`) VALUES ('144', '15', '9', 'Fuga quia provident laborum et enim. Ratione debitis provident autem explicabo accusantium.', '2006-09-30 05:16:39', '1986-10-07 15:54:36', 0);
INSERT INTO `messages` (`id`, `from_user_id`, `to_user_id`, `content`, `send_at`, `change_at`, `changed`) VALUES ('145', '20', '5', 'Necessitatibus animi doloribus porro optio. Libero impedit incidunt in animi.', '1993-01-19 10:12:46', '2020-05-05 04:00:34', 0);
INSERT INTO `messages` (`id`, `from_user_id`, `to_user_id`, `content`, `send_at`, `change_at`, `changed`) VALUES ('146', '17', '18', 'Adipisci labore suscipit sed consequatur dolore deleniti. Culpa delectus et eius cum ipsam est.', '1986-01-03 00:55:15', '2012-02-26 03:12:37', 1);
INSERT INTO `messages` (`id`, `from_user_id`, `to_user_id`, `content`, `send_at`, `change_at`, `changed`) VALUES ('147', '14', '7', 'Sed voluptatum hic sint unde voluptas non temporibus rerum. Ad repellendus eos est earum sapiente.', '1992-07-03 09:53:44', '1997-10-24 06:15:11', 1);
INSERT INTO `messages` (`id`, `from_user_id`, `to_user_id`, `content`, `send_at`, `change_at`, `changed`) VALUES ('148', '7', '19', 'Et sit beatae ratione perspiciatis. Et placeat consectetur sed qui repellat ipsa.', '2013-02-28 16:27:28', '1980-01-27 13:40:06', 0);
INSERT INTO `messages` (`id`, `from_user_id`, `to_user_id`, `content`, `send_at`, `change_at`, `changed`) VALUES ('149', '1', '7', 'Et sit temporibus qui saepe beatae excepturi eum. Consequatur voluptatibus qui eius dolorum.', '1971-10-02 21:17:21', '1994-12-14 10:51:47', 0);
INSERT INTO `messages` (`id`, `from_user_id`, `to_user_id`, `content`, `send_at`, `change_at`, `changed`) VALUES ('150', '15', '13', 'Nulla ut veniam est enim quaerat harum repellat. Quis accusamus tenetur veritatis et.', '2000-08-22 18:13:50', '1971-06-19 14:28:49', 0);
INSERT INTO `messages` (`id`, `from_user_id`, `to_user_id`, `content`, `send_at`, `change_at`, `changed`) VALUES ('151', '9', '2', 'Officia ut est illum. Expedita et sint eaque quasi et totam. Explicabo explicabo enim ut fugit.', '1990-01-08 05:10:21', '1993-06-06 08:50:22', 0);
INSERT INTO `messages` (`id`, `from_user_id`, `to_user_id`, `content`, `send_at`, `change_at`, `changed`) VALUES ('152', '3', '19', 'Rerum voluptates laborum harum et. Ea enim beatae minus voluptate excepturi soluta.', '1986-08-05 14:25:50', '2000-04-15 14:35:11', 0);
INSERT INTO `messages` (`id`, `from_user_id`, `to_user_id`, `content`, `send_at`, `change_at`, `changed`) VALUES ('153', '14', '14', 'Ut sint minima nemo explicabo aut labore. Explicabo rerum optio est.', '1984-01-13 01:39:42', '2016-10-20 11:11:14', 0);
INSERT INTO `messages` (`id`, `from_user_id`, `to_user_id`, `content`, `send_at`, `change_at`, `changed`) VALUES ('154', '9', '10', 'Eum provident dicta voluptates quo et iure. Vel distinctio dolorem facere fuga maiores vel.', '2010-09-23 04:36:56', '1977-07-26 04:30:04', 1);
INSERT INTO `messages` (`id`, `from_user_id`, `to_user_id`, `content`, `send_at`, `change_at`, `changed`) VALUES ('155', '10', '7', 'Omnis doloremque ut facere error. Porro est velit cumque. Deserunt ut aut quam dolor.', '2007-10-03 23:49:35', '1986-12-07 21:33:44', 1);
INSERT INTO `messages` (`id`, `from_user_id`, `to_user_id`, `content`, `send_at`, `change_at`, `changed`) VALUES ('156', '2', '11', 'Nesciunt id voluptatem amet. Sit assumenda quo in itaque et. Nostrum accusantium quia qui velit.', '1973-08-31 16:38:19', '1995-03-12 16:37:58', 0);
INSERT INTO `messages` (`id`, `from_user_id`, `to_user_id`, `content`, `send_at`, `change_at`, `changed`) VALUES ('157', '1', '6', 'Quam sequi amet et esse quia. Quia aspernatur fugit eveniet eius assumenda placeat.', '2004-05-20 11:13:27', '1970-08-18 04:47:05', 0);
INSERT INTO `messages` (`id`, `from_user_id`, `to_user_id`, `content`, `send_at`, `change_at`, `changed`) VALUES ('158', '14', '13', 'Aut id repellendus aliquid illum. Voluptas facilis nesciunt assumenda ducimus quidem natus.', '2016-02-12 16:00:12', '2016-05-21 06:34:45', 1);
INSERT INTO `messages` (`id`, `from_user_id`, `to_user_id`, `content`, `send_at`, `change_at`, `changed`) VALUES ('159', '14', '8', 'Ut iusto ut nulla temporibus. Quia sapiente deleniti asperiores sunt incidunt.', '2016-05-28 05:36:30', '1973-10-15 05:42:16', 0);
INSERT INTO `messages` (`id`, `from_user_id`, `to_user_id`, `content`, `send_at`, `change_at`, `changed`) VALUES ('160', '2', '14', 'Sint quas eligendi quibusdam aspernatur. Velit non illo quae soluta. Rem vel assumenda asperiores.', '2019-01-11 15:47:16', '2010-07-01 02:37:01', 0);
INSERT INTO `messages` (`id`, `from_user_id`, `to_user_id`, `content`, `send_at`, `change_at`, `changed`) VALUES ('161', '12', '18', 'Et quaerat sit et labore nemo quidem laboriosam. Omnis perspiciatis nesciunt aliquid.', '1990-08-23 07:38:58', '1978-06-24 17:11:28', 0);
INSERT INTO `messages` (`id`, `from_user_id`, `to_user_id`, `content`, `send_at`, `change_at`, `changed`) VALUES ('162', '11', '6', 'Nesciunt dolore vero sunt. Ut consequatur reprehenderit at vel omnis.', '2020-03-24 14:34:53', '2011-01-31 23:53:17', 0);
INSERT INTO `messages` (`id`, `from_user_id`, `to_user_id`, `content`, `send_at`, `change_at`, `changed`) VALUES ('163', '4', '18', 'Harum totam adipisci culpa dolor eos molestiae. Ad omnis quasi laborum et. Nostrum qui ipsum ut.', '1970-07-27 15:29:14', '2016-09-11 23:44:48', 1);
INSERT INTO `messages` (`id`, `from_user_id`, `to_user_id`, `content`, `send_at`, `change_at`, `changed`) VALUES ('164', '5', '4', 'Et sint alias et maxime. Numquam et dolores ea qui officia ducimus.', '1971-05-07 14:14:17', '2002-12-05 13:19:29', 0);
INSERT INTO `messages` (`id`, `from_user_id`, `to_user_id`, `content`, `send_at`, `change_at`, `changed`) VALUES ('165', '5', '19', 'Autem non molestias quae itaque. Consequatur repellat aspernatur vel corrupti.', '2002-01-11 02:27:36', '2017-12-03 04:46:36', 0);
INSERT INTO `messages` (`id`, `from_user_id`, `to_user_id`, `content`, `send_at`, `change_at`, `changed`) VALUES ('166', '16', '13', 'Repellat doloribus quam cum voluptatem odio natus. Illo autem esse accusantium ut.', '2012-05-15 05:10:23', '1973-02-14 09:47:32', 0);
INSERT INTO `messages` (`id`, `from_user_id`, `to_user_id`, `content`, `send_at`, `change_at`, `changed`) VALUES ('167', '20', '19', 'Quas quod tempore ex aut ex nam. Enim in ea qui voluptas fuga aut. Distinctio hic suscipit aut.', '2011-01-06 10:12:45', '1974-04-21 08:00:08', 0);
INSERT INTO `messages` (`id`, `from_user_id`, `to_user_id`, `content`, `send_at`, `change_at`, `changed`) VALUES ('168', '11', '14', 'Eum quaerat nihil sed rerum. Eos et quibusdam dolor quae.', '1996-05-24 12:19:50', '1998-01-24 15:28:04', 0);
INSERT INTO `messages` (`id`, `from_user_id`, `to_user_id`, `content`, `send_at`, `change_at`, `changed`) VALUES ('169', '13', '19', 'Officia quo velit sit id. Eum labore labore expedita cumque sapiente unde debitis.', '2005-01-15 21:09:17', '2013-06-23 04:54:28', 0);
INSERT INTO `messages` (`id`, `from_user_id`, `to_user_id`, `content`, `send_at`, `change_at`, `changed`) VALUES ('170', '3', '2', 'Aut eum consequatur optio atque est consequatur. Autem quis velit blanditiis sed aut.', '2003-08-16 15:52:07', '1975-12-31 13:25:11', 0);
INSERT INTO `messages` (`id`, `from_user_id`, `to_user_id`, `content`, `send_at`, `change_at`, `changed`) VALUES ('171', '5', '5', 'Enim ex et enim occaecati. In ut laboriosam explicabo corrupti et enim est. Et eaque ad nulla quis.', '1996-01-28 14:12:51', '1979-03-28 06:49:37', 1);
INSERT INTO `messages` (`id`, `from_user_id`, `to_user_id`, `content`, `send_at`, `change_at`, `changed`) VALUES ('172', '12', '6', 'Quia illum tenetur doloribus. Id quia libero corporis dignissimos voluptates voluptatibus.', '1999-08-05 15:17:47', '1973-05-23 21:17:56', 1);
INSERT INTO `messages` (`id`, `from_user_id`, `to_user_id`, `content`, `send_at`, `change_at`, `changed`) VALUES ('173', '11', '6', 'Quam odio a dolorem repellendus aliquam non illum. Ut qui eligendi suscipit saepe dolor ea.', '2000-07-14 09:11:17', '2002-12-18 07:31:44', 0);
INSERT INTO `messages` (`id`, `from_user_id`, `to_user_id`, `content`, `send_at`, `change_at`, `changed`) VALUES ('174', '19', '5', 'Quia libero sequi quasi quod. Temporibus sit aliquam nobis officia labore.', '2017-06-20 15:36:15', '1981-04-02 14:15:07', 1);
INSERT INTO `messages` (`id`, `from_user_id`, `to_user_id`, `content`, `send_at`, `change_at`, `changed`) VALUES ('175', '14', '20', 'Voluptatum magnam quia reiciendis nihil nisi odio. Aliquam quidem delectus at dicta corrupti.', '2005-02-24 19:46:08', '1970-03-22 08:18:03', 0);
INSERT INTO `messages` (`id`, `from_user_id`, `to_user_id`, `content`, `send_at`, `change_at`, `changed`) VALUES ('176', '18', '6', 'Aut totam sunt quasi laborum porro. Sed pariatur fugiat quas vel aut.', '2000-03-31 03:38:23', '2011-12-23 21:15:47', 0);
INSERT INTO `messages` (`id`, `from_user_id`, `to_user_id`, `content`, `send_at`, `change_at`, `changed`) VALUES ('177', '18', '8', 'Recusandae rerum in eveniet laudantium id quos. Consequatur quia veritatis et sunt ratione.', '2006-02-13 23:59:36', '2011-01-06 15:45:31', 0);
INSERT INTO `messages` (`id`, `from_user_id`, `to_user_id`, `content`, `send_at`, `change_at`, `changed`) VALUES ('178', '11', '1', 'Voluptatem et ea enim incidunt ipsam aut aut vitae. Optio non odit sit recusandae tenetur est.', '2003-05-09 23:55:42', '1992-07-12 04:31:22', 0);
INSERT INTO `messages` (`id`, `from_user_id`, `to_user_id`, `content`, `send_at`, `change_at`, `changed`) VALUES ('179', '5', '15', 'Nostrum maiores est qui sint qui voluptatibus. Voluptatem occaecati ut qui ut voluptatem est earum.', '1991-06-03 07:26:20', '2011-04-13 21:38:19', 0);
INSERT INTO `messages` (`id`, `from_user_id`, `to_user_id`, `content`, `send_at`, `change_at`, `changed`) VALUES ('180', '5', '9', 'Nemo libero vel sed deleniti voluptatem. Nesciunt nihil tempora sed deserunt esse.', '2002-07-08 20:37:35', '1998-05-27 14:49:42', 0);
INSERT INTO `messages` (`id`, `from_user_id`, `to_user_id`, `content`, `send_at`, `change_at`, `changed`) VALUES ('181', '14', '1', 'Et et ut iure fuga. Incidunt vitae minima ea saepe. Qui explicabo modi et sit consectetur harum ad.', '1996-09-10 08:43:29', '2004-09-11 10:45:40', 1);
INSERT INTO `messages` (`id`, `from_user_id`, `to_user_id`, `content`, `send_at`, `change_at`, `changed`) VALUES ('182', '1', '14', 'Atque dolor est occaecati cum perferendis est reiciendis. Commodi modi vero aspernatur nesciunt et.', '2019-03-04 09:22:38', '2009-10-24 14:02:09', 0);
INSERT INTO `messages` (`id`, `from_user_id`, `to_user_id`, `content`, `send_at`, `change_at`, `changed`) VALUES ('183', '20', '12', 'Ut esse doloremque pariatur ratione. Soluta eius autem incidunt quisquam iste a.', '1982-02-27 05:34:36', '1978-02-09 07:04:51', 0);
INSERT INTO `messages` (`id`, `from_user_id`, `to_user_id`, `content`, `send_at`, `change_at`, `changed`) VALUES ('184', '7', '12', 'Sunt et et est qui dolore sint. A veniam dignissimos in animi. Velit sed inventore dolor commodi.', '1981-02-03 12:42:33', '2016-12-22 16:30:34', 0);
INSERT INTO `messages` (`id`, `from_user_id`, `to_user_id`, `content`, `send_at`, `change_at`, `changed`) VALUES ('185', '10', '10', 'Illo voluptate et dolore. Et iure sunt saepe saepe in. Non tempora a dolores sint.', '2007-04-17 04:16:42', '1995-10-30 09:20:56', 0);
INSERT INTO `messages` (`id`, `from_user_id`, `to_user_id`, `content`, `send_at`, `change_at`, `changed`) VALUES ('186', '13', '15', 'Iusto est hic cum enim aliquid. Magni consectetur mollitia dicta eum quia aspernatur minus.', '2018-06-15 22:20:48', '2020-02-08 10:45:42', 0);
INSERT INTO `messages` (`id`, `from_user_id`, `to_user_id`, `content`, `send_at`, `change_at`, `changed`) VALUES ('187', '14', '4', 'Tempore illum ad illo repellat quo iste. Qui atque et necessitatibus sed alias.', '2009-07-12 08:56:44', '1971-06-30 04:04:43', 0);
INSERT INTO `messages` (`id`, `from_user_id`, `to_user_id`, `content`, `send_at`, `change_at`, `changed`) VALUES ('188', '20', '5', 'Accusamus ea ut omnis voluptatem. Sed id non nesciunt. Voluptas aut sed dolor enim quod.', '2000-10-06 15:01:06', '2009-11-17 07:39:15', 0);
INSERT INTO `messages` (`id`, `from_user_id`, `to_user_id`, `content`, `send_at`, `change_at`, `changed`) VALUES ('189', '10', '19', 'Nulla atque facere labore cupiditate ut tempore. Quos nisi ratione optio provident eum.', '1986-07-13 04:45:10', '1979-02-10 03:46:38', 0);
INSERT INTO `messages` (`id`, `from_user_id`, `to_user_id`, `content`, `send_at`, `change_at`, `changed`) VALUES ('190', '9', '3', 'Dolores repellat nobis quasi et harum cumque. Non quis vel eos impedit sunt ipsa amet.', '1972-10-05 20:58:15', '1998-01-03 04:33:46', 0);
INSERT INTO `messages` (`id`, `from_user_id`, `to_user_id`, `content`, `send_at`, `change_at`, `changed`) VALUES ('191', '18', '6', 'Soluta repudiandae eos tempora laudantium nam. Voluptatum sed laborum aut non tenetur.', '2017-11-02 17:39:39', '1973-07-19 16:27:38', 0);
INSERT INTO `messages` (`id`, `from_user_id`, `to_user_id`, `content`, `send_at`, `change_at`, `changed`) VALUES ('192', '8', '15', 'Qui voluptatum dolorem dolorem cum laborum velit. Non aperiam praesentium rem libero ducimus.', '1987-08-15 23:48:43', '2016-08-28 12:59:39', 1);
INSERT INTO `messages` (`id`, `from_user_id`, `to_user_id`, `content`, `send_at`, `change_at`, `changed`) VALUES ('193', '14', '19', 'Eum qui dicta fugit eum dolor excepturi. Corporis aut nihil repellat sed autem.', '1980-09-20 02:16:40', '1987-10-28 06:35:48', 0);
INSERT INTO `messages` (`id`, `from_user_id`, `to_user_id`, `content`, `send_at`, `change_at`, `changed`) VALUES ('194', '16', '19', 'Quia recusandae et eveniet itaque. Et maiores excepturi asperiores natus.', '2012-02-05 11:41:41', '1991-10-29 08:01:05', 0);
INSERT INTO `messages` (`id`, `from_user_id`, `to_user_id`, `content`, `send_at`, `change_at`, `changed`) VALUES ('195', '13', '1', 'Sit ratione veniam dolores eius pariatur. Vero sunt tenetur qui porro quia.', '2013-07-09 11:42:26', '1990-04-16 06:04:05', 1);
INSERT INTO `messages` (`id`, `from_user_id`, `to_user_id`, `content`, `send_at`, `change_at`, `changed`) VALUES ('196', '8', '7', 'Consequuntur qui id qui. Autem rerum eius expedita et. Quia cupiditate et non qui nemo.', '2009-09-26 07:49:53', '1992-03-20 22:07:37', 0);
INSERT INTO `messages` (`id`, `from_user_id`, `to_user_id`, `content`, `send_at`, `change_at`, `changed`) VALUES ('197', '1', '8', 'Et est quasi assumenda eum et. Et aspernatur eum blanditiis perferendis nulla.', '1977-02-07 22:11:28', '2008-01-27 03:05:00', 0);
INSERT INTO `messages` (`id`, `from_user_id`, `to_user_id`, `content`, `send_at`, `change_at`, `changed`) VALUES ('198', '20', '20', 'Error eos harum ab dolorem. Aut et occaecati odio quod. Aut voluptatem ipsa accusantium.', '2014-05-03 02:45:26', '1999-12-11 10:50:11', 0);
INSERT INTO `messages` (`id`, `from_user_id`, `to_user_id`, `content`, `send_at`, `change_at`, `changed`) VALUES ('199', '20', '6', 'Nulla fugiat accusantium tempora id. Voluptatum atque beatae laboriosam. Rem sequi alias quas.', '1980-06-29 07:25:20', '1977-04-12 03:59:45', 0);
INSERT INTO `messages` (`id`, `from_user_id`, `to_user_id`, `content`, `send_at`, `change_at`, `changed`) VALUES ('200', '11', '10', 'Ea ipsa tenetur corrupti. Necessitatibus in voluptate velit iusto. Aut ut illum ex.', '1999-05-10 08:58:04', '1976-05-07 00:20:52', 0);


#
# TABLE STRUCTURE FOR: photos
#

DROP TABLE IF EXISTS `photos`;

CREATE TABLE `photos` (
  `id` bigint(20) unsigned NOT NULL AUTO_INCREMENT,
  `from_user_id` bigint(20) unsigned NOT NULL,
  `photo_id` varchar(100) COLLATE utf8_unicode_ci NOT NULL,
  `send_at` datetime NOT NULL DEFAULT current_timestamp(),
  `change_at` datetime NOT NULL DEFAULT current_timestamp() ON UPDATE current_timestamp(),
  `changed` tinyint(1) DEFAULT 0,
  UNIQUE KEY `id` (`id`),
  KEY `photos_profiles_id_fk` (`from_user_id`),
  CONSTRAINT `photos_profiles_id_fk` FOREIGN KEY (`from_user_id`) REFERENCES `profiles` (`id`) ON DELETE CASCADE ON UPDATE CASCADE
) ENGINE=InnoDB AUTO_INCREMENT=101 DEFAULT CHARSET=utf8 COLLATE=utf8_unicode_ci;

INSERT INTO `photos` (`id`, `from_user_id`, `photo_id`, `send_at`, `change_at`, `changed`) VALUES ('1', '2', '2670', '1976-05-14 07:52:07', '1989-06-28 19:27:02', 1);
INSERT INTO `photos` (`id`, `from_user_id`, `photo_id`, `send_at`, `change_at`, `changed`) VALUES ('2', '6', '7646', '1972-09-14 09:04:11', '2017-07-14 04:20:39', 1);
INSERT INTO `photos` (`id`, `from_user_id`, `photo_id`, `send_at`, `change_at`, `changed`) VALUES ('3', '12', '2010', '2003-08-15 05:58:06', '1987-10-27 15:11:49', 1);
INSERT INTO `photos` (`id`, `from_user_id`, `photo_id`, `send_at`, `change_at`, `changed`) VALUES ('4', '11', '7685', '1984-04-11 04:21:00', '2020-08-13 21:01:57', 1);
INSERT INTO `photos` (`id`, `from_user_id`, `photo_id`, `send_at`, `change_at`, `changed`) VALUES ('5', '5', '1081', '1973-11-05 19:03:10', '1990-06-25 17:13:16', 1);
INSERT INTO `photos` (`id`, `from_user_id`, `photo_id`, `send_at`, `change_at`, `changed`) VALUES ('6', '5', '5473', '1994-11-14 18:23:05', '2016-04-22 11:17:44', 0);
INSERT INTO `photos` (`id`, `from_user_id`, `photo_id`, `send_at`, `change_at`, `changed`) VALUES ('7', '11', '9548', '1975-04-01 06:06:54', '2005-06-07 02:30:33', 0);
INSERT INTO `photos` (`id`, `from_user_id`, `photo_id`, `send_at`, `change_at`, `changed`) VALUES ('8', '2', '6725', '2012-02-25 14:47:14', '2017-03-10 19:19:41', 0);
INSERT INTO `photos` (`id`, `from_user_id`, `photo_id`, `send_at`, `change_at`, `changed`) VALUES ('9', '16', '6374', '1981-06-26 23:27:55', '1996-05-25 18:57:45', 0);
INSERT INTO `photos` (`id`, `from_user_id`, `photo_id`, `send_at`, `change_at`, `changed`) VALUES ('10', '13', '1538', '1989-02-08 12:23:38', '1987-04-20 19:29:30', 0);
INSERT INTO `photos` (`id`, `from_user_id`, `photo_id`, `send_at`, `change_at`, `changed`) VALUES ('11', '11', '1763', '1973-06-29 16:30:27', '2014-08-02 10:18:11', 1);
INSERT INTO `photos` (`id`, `from_user_id`, `photo_id`, `send_at`, `change_at`, `changed`) VALUES ('12', '1', '7674', '1984-03-07 15:11:24', '1991-05-24 09:32:42', 0);
INSERT INTO `photos` (`id`, `from_user_id`, `photo_id`, `send_at`, `change_at`, `changed`) VALUES ('13', '19', '3124', '2003-01-03 04:52:32', '1996-10-08 10:24:51', 0);
INSERT INTO `photos` (`id`, `from_user_id`, `photo_id`, `send_at`, `change_at`, `changed`) VALUES ('14', '19', '2323', '1981-07-08 15:36:53', '1978-06-15 01:36:09', 0);
INSERT INTO `photos` (`id`, `from_user_id`, `photo_id`, `send_at`, `change_at`, `changed`) VALUES ('15', '19', '7246', '1990-06-25 17:24:02', '1997-01-13 18:58:25', 0);
INSERT INTO `photos` (`id`, `from_user_id`, `photo_id`, `send_at`, `change_at`, `changed`) VALUES ('16', '12', '8726', '2016-04-03 13:52:40', '1995-09-11 14:01:52', 1);
INSERT INTO `photos` (`id`, `from_user_id`, `photo_id`, `send_at`, `change_at`, `changed`) VALUES ('17', '1', '8391', '1995-10-16 19:58:26', '2014-05-06 19:54:23', 0);
INSERT INTO `photos` (`id`, `from_user_id`, `photo_id`, `send_at`, `change_at`, `changed`) VALUES ('18', '10', '9790', '2008-09-18 10:35:25', '2018-12-11 21:17:04', 0);
INSERT INTO `photos` (`id`, `from_user_id`, `photo_id`, `send_at`, `change_at`, `changed`) VALUES ('19', '19', '2333', '2019-05-24 10:52:05', '2015-12-31 07:24:33', 1);
INSERT INTO `photos` (`id`, `from_user_id`, `photo_id`, `send_at`, `change_at`, `changed`) VALUES ('20', '19', '9731', '1976-08-13 23:13:35', '1989-05-27 02:59:29', 1);
INSERT INTO `photos` (`id`, `from_user_id`, `photo_id`, `send_at`, `change_at`, `changed`) VALUES ('21', '19', '6188', '2004-03-17 04:22:15', '2012-08-29 16:37:50', 0);
INSERT INTO `photos` (`id`, `from_user_id`, `photo_id`, `send_at`, `change_at`, `changed`) VALUES ('22', '1', '7652', '2018-06-03 12:14:31', '1997-11-12 23:13:38', 0);
INSERT INTO `photos` (`id`, `from_user_id`, `photo_id`, `send_at`, `change_at`, `changed`) VALUES ('23', '6', '9149', '1980-02-16 23:39:27', '1987-03-24 21:22:22', 0);
INSERT INTO `photos` (`id`, `from_user_id`, `photo_id`, `send_at`, `change_at`, `changed`) VALUES ('24', '20', '6875', '1972-04-05 01:37:52', '2014-07-21 20:00:50', 1);
INSERT INTO `photos` (`id`, `from_user_id`, `photo_id`, `send_at`, `change_at`, `changed`) VALUES ('25', '8', '1106', '2020-07-08 02:55:43', '1978-04-01 04:11:14', 0);
INSERT INTO `photos` (`id`, `from_user_id`, `photo_id`, `send_at`, `change_at`, `changed`) VALUES ('26', '12', '8954', '2009-02-14 02:27:28', '2013-05-26 13:00:35', 1);
INSERT INTO `photos` (`id`, `from_user_id`, `photo_id`, `send_at`, `change_at`, `changed`) VALUES ('27', '8', '6378', '1986-07-27 07:52:07', '2013-02-20 05:04:38', 1);
INSERT INTO `photos` (`id`, `from_user_id`, `photo_id`, `send_at`, `change_at`, `changed`) VALUES ('28', '11', '7378', '1979-10-19 00:57:52', '1998-01-20 09:20:04', 0);
INSERT INTO `photos` (`id`, `from_user_id`, `photo_id`, `send_at`, `change_at`, `changed`) VALUES ('29', '4', '5594', '2000-08-17 09:41:09', '2006-08-11 15:56:35', 0);
INSERT INTO `photos` (`id`, `from_user_id`, `photo_id`, `send_at`, `change_at`, `changed`) VALUES ('30', '10', '2782', '2000-06-09 00:54:49', '2007-01-07 08:56:18', 1);
INSERT INTO `photos` (`id`, `from_user_id`, `photo_id`, `send_at`, `change_at`, `changed`) VALUES ('31', '11', '2235', '1979-09-07 15:10:37', '1977-07-03 15:08:28', 1);
INSERT INTO `photos` (`id`, `from_user_id`, `photo_id`, `send_at`, `change_at`, `changed`) VALUES ('32', '5', '1750', '2017-06-08 05:17:31', '1987-07-14 18:17:23', 1);
INSERT INTO `photos` (`id`, `from_user_id`, `photo_id`, `send_at`, `change_at`, `changed`) VALUES ('33', '16', '8167', '2020-06-25 16:10:26', '2019-02-15 22:49:02', 1);
INSERT INTO `photos` (`id`, `from_user_id`, `photo_id`, `send_at`, `change_at`, `changed`) VALUES ('34', '2', '9114', '2017-10-14 10:04:35', '1979-08-01 02:15:21', 0);
INSERT INTO `photos` (`id`, `from_user_id`, `photo_id`, `send_at`, `change_at`, `changed`) VALUES ('35', '16', '9255', '1988-05-04 06:57:15', '1999-12-01 05:14:03', 0);
INSERT INTO `photos` (`id`, `from_user_id`, `photo_id`, `send_at`, `change_at`, `changed`) VALUES ('36', '1', '6789', '1984-10-16 10:40:03', '2003-03-11 04:05:09', 0);
INSERT INTO `photos` (`id`, `from_user_id`, `photo_id`, `send_at`, `change_at`, `changed`) VALUES ('37', '6', '3044', '2018-05-14 22:19:15', '2001-05-01 21:32:18', 1);
INSERT INTO `photos` (`id`, `from_user_id`, `photo_id`, `send_at`, `change_at`, `changed`) VALUES ('38', '6', '4825', '1975-08-05 13:56:51', '1978-03-05 06:19:48', 0);
INSERT INTO `photos` (`id`, `from_user_id`, `photo_id`, `send_at`, `change_at`, `changed`) VALUES ('39', '2', '4619', '1994-01-08 12:20:48', '1981-10-26 01:56:51', 0);
INSERT INTO `photos` (`id`, `from_user_id`, `photo_id`, `send_at`, `change_at`, `changed`) VALUES ('40', '2', '6187', '1976-11-13 23:43:31', '1986-12-19 01:40:55', 0);
INSERT INTO `photos` (`id`, `from_user_id`, `photo_id`, `send_at`, `change_at`, `changed`) VALUES ('41', '18', '6487', '1975-03-07 18:41:36', '1991-05-11 23:03:54', 1);
INSERT INTO `photos` (`id`, `from_user_id`, `photo_id`, `send_at`, `change_at`, `changed`) VALUES ('42', '12', '8660', '2013-10-01 05:01:11', '1983-02-25 11:45:57', 0);
INSERT INTO `photos` (`id`, `from_user_id`, `photo_id`, `send_at`, `change_at`, `changed`) VALUES ('43', '3', '5036', '1987-09-07 10:53:36', '2004-04-06 01:12:22', 0);
INSERT INTO `photos` (`id`, `from_user_id`, `photo_id`, `send_at`, `change_at`, `changed`) VALUES ('44', '16', '6961', '2008-04-08 16:37:24', '2008-03-20 06:32:42', 0);
INSERT INTO `photos` (`id`, `from_user_id`, `photo_id`, `send_at`, `change_at`, `changed`) VALUES ('45', '11', '7086', '1995-01-10 23:35:27', '1986-08-10 10:58:12', 0);
INSERT INTO `photos` (`id`, `from_user_id`, `photo_id`, `send_at`, `change_at`, `changed`) VALUES ('46', '1', '9735', '1974-10-22 22:45:06', '2001-05-20 12:18:19', 1);
INSERT INTO `photos` (`id`, `from_user_id`, `photo_id`, `send_at`, `change_at`, `changed`) VALUES ('47', '8', '4284', '1972-04-17 21:20:15', '1983-06-10 22:33:45', 0);
INSERT INTO `photos` (`id`, `from_user_id`, `photo_id`, `send_at`, `change_at`, `changed`) VALUES ('48', '11', '4671', '2000-01-22 00:08:15', '1977-01-27 10:39:31', 0);
INSERT INTO `photos` (`id`, `from_user_id`, `photo_id`, `send_at`, `change_at`, `changed`) VALUES ('49', '10', '8997', '1985-07-11 21:37:20', '1990-06-25 01:52:31', 0);
INSERT INTO `photos` (`id`, `from_user_id`, `photo_id`, `send_at`, `change_at`, `changed`) VALUES ('50', '6', '1334', '1997-06-23 03:03:30', '1997-05-02 15:07:56', 1);
INSERT INTO `photos` (`id`, `from_user_id`, `photo_id`, `send_at`, `change_at`, `changed`) VALUES ('51', '10', '1982', '1973-09-22 05:02:54', '1998-04-28 14:08:40', 1);
INSERT INTO `photos` (`id`, `from_user_id`, `photo_id`, `send_at`, `change_at`, `changed`) VALUES ('52', '9', '8764', '1990-12-16 20:39:51', '2010-12-10 19:31:12', 1);
INSERT INTO `photos` (`id`, `from_user_id`, `photo_id`, `send_at`, `change_at`, `changed`) VALUES ('53', '7', '6360', '1977-09-25 15:39:40', '2019-08-15 22:45:26', 0);
INSERT INTO `photos` (`id`, `from_user_id`, `photo_id`, `send_at`, `change_at`, `changed`) VALUES ('54', '15', '6075', '1985-06-05 23:30:26', '2020-03-18 04:34:26', 0);
INSERT INTO `photos` (`id`, `from_user_id`, `photo_id`, `send_at`, `change_at`, `changed`) VALUES ('55', '8', '6027', '1978-08-15 19:28:11', '2018-03-22 11:00:45', 0);
INSERT INTO `photos` (`id`, `from_user_id`, `photo_id`, `send_at`, `change_at`, `changed`) VALUES ('56', '14', '1061', '2008-09-02 08:44:11', '1976-01-05 12:09:43', 0);
INSERT INTO `photos` (`id`, `from_user_id`, `photo_id`, `send_at`, `change_at`, `changed`) VALUES ('57', '6', '1063', '2011-05-25 06:35:36', '1998-10-14 19:05:51', 0);
INSERT INTO `photos` (`id`, `from_user_id`, `photo_id`, `send_at`, `change_at`, `changed`) VALUES ('58', '15', '1372', '1997-01-09 16:34:47', '1989-09-19 21:09:42', 1);
INSERT INTO `photos` (`id`, `from_user_id`, `photo_id`, `send_at`, `change_at`, `changed`) VALUES ('59', '5', '9855', '1970-07-01 11:47:06', '2020-08-05 10:59:59', 1);
INSERT INTO `photos` (`id`, `from_user_id`, `photo_id`, `send_at`, `change_at`, `changed`) VALUES ('60', '10', '4290', '2001-05-31 07:04:05', '1989-03-14 00:30:21', 0);
INSERT INTO `photos` (`id`, `from_user_id`, `photo_id`, `send_at`, `change_at`, `changed`) VALUES ('61', '5', '8912', '1996-03-06 07:45:21', '2014-05-06 13:58:06', 0);
INSERT INTO `photos` (`id`, `from_user_id`, `photo_id`, `send_at`, `change_at`, `changed`) VALUES ('62', '15', '6007', '2013-04-30 04:22:06', '2001-04-25 03:37:17', 1);
INSERT INTO `photos` (`id`, `from_user_id`, `photo_id`, `send_at`, `change_at`, `changed`) VALUES ('63', '15', '6821', '1978-03-29 23:40:05', '1985-03-22 13:45:47', 1);
INSERT INTO `photos` (`id`, `from_user_id`, `photo_id`, `send_at`, `change_at`, `changed`) VALUES ('64', '1', '4871', '2008-03-07 13:38:22', '1970-12-03 19:14:16', 1);
INSERT INTO `photos` (`id`, `from_user_id`, `photo_id`, `send_at`, `change_at`, `changed`) VALUES ('65', '17', '8638', '1992-09-03 17:26:57', '1992-05-18 04:02:46', 1);
INSERT INTO `photos` (`id`, `from_user_id`, `photo_id`, `send_at`, `change_at`, `changed`) VALUES ('66', '10', '5435', '2016-07-20 08:20:34', '1974-04-13 12:18:16', 1);
INSERT INTO `photos` (`id`, `from_user_id`, `photo_id`, `send_at`, `change_at`, `changed`) VALUES ('67', '1', '6954', '1977-03-25 11:22:01', '1978-03-16 18:33:46', 0);
INSERT INTO `photos` (`id`, `from_user_id`, `photo_id`, `send_at`, `change_at`, `changed`) VALUES ('68', '2', '2597', '1984-03-21 01:49:41', '2008-08-31 22:41:25', 0);
INSERT INTO `photos` (`id`, `from_user_id`, `photo_id`, `send_at`, `change_at`, `changed`) VALUES ('69', '15', '1979', '1989-01-12 12:29:29', '1998-12-24 15:13:45', 0);
INSERT INTO `photos` (`id`, `from_user_id`, `photo_id`, `send_at`, `change_at`, `changed`) VALUES ('70', '2', '6552', '1994-01-27 08:14:33', '2016-09-09 23:59:34', 1);
INSERT INTO `photos` (`id`, `from_user_id`, `photo_id`, `send_at`, `change_at`, `changed`) VALUES ('71', '4', '2365', '2010-03-09 05:02:49', '1975-10-17 14:12:10', 0);
INSERT INTO `photos` (`id`, `from_user_id`, `photo_id`, `send_at`, `change_at`, `changed`) VALUES ('72', '13', '2836', '1998-04-13 01:44:52', '2005-05-21 08:57:05', 1);
INSERT INTO `photos` (`id`, `from_user_id`, `photo_id`, `send_at`, `change_at`, `changed`) VALUES ('73', '14', '1008', '1997-03-07 02:15:31', '2018-12-19 14:33:10', 1);
INSERT INTO `photos` (`id`, `from_user_id`, `photo_id`, `send_at`, `change_at`, `changed`) VALUES ('74', '6', '8190', '2005-04-04 16:53:37', '1984-12-26 08:31:23', 1);
INSERT INTO `photos` (`id`, `from_user_id`, `photo_id`, `send_at`, `change_at`, `changed`) VALUES ('75', '9', '9816', '2009-12-02 12:20:00', '1985-01-03 05:48:52', 1);
INSERT INTO `photos` (`id`, `from_user_id`, `photo_id`, `send_at`, `change_at`, `changed`) VALUES ('76', '4', '2819', '1979-09-26 22:52:04', '1976-04-19 11:16:17', 0);
INSERT INTO `photos` (`id`, `from_user_id`, `photo_id`, `send_at`, `change_at`, `changed`) VALUES ('77', '7', '8670', '2004-11-12 21:17:32', '1981-01-21 05:12:27', 1);
INSERT INTO `photos` (`id`, `from_user_id`, `photo_id`, `send_at`, `change_at`, `changed`) VALUES ('78', '16', '9306', '2001-11-12 10:10:28', '2010-09-02 05:28:57', 0);
INSERT INTO `photos` (`id`, `from_user_id`, `photo_id`, `send_at`, `change_at`, `changed`) VALUES ('79', '15', '6924', '2002-02-03 13:57:49', '2014-04-21 14:05:36', 0);
INSERT INTO `photos` (`id`, `from_user_id`, `photo_id`, `send_at`, `change_at`, `changed`) VALUES ('80', '16', '6970', '1990-02-01 13:43:16', '2000-12-09 03:59:57', 0);
INSERT INTO `photos` (`id`, `from_user_id`, `photo_id`, `send_at`, `change_at`, `changed`) VALUES ('81', '2', '1355', '2017-12-08 21:21:03', '1992-11-16 12:34:42', 1);
INSERT INTO `photos` (`id`, `from_user_id`, `photo_id`, `send_at`, `change_at`, `changed`) VALUES ('82', '5', '9386', '1982-07-05 03:54:46', '1982-02-23 10:34:18', 1);
INSERT INTO `photos` (`id`, `from_user_id`, `photo_id`, `send_at`, `change_at`, `changed`) VALUES ('83', '5', '9697', '1999-03-06 15:36:53', '2003-10-20 14:24:29', 1);
INSERT INTO `photos` (`id`, `from_user_id`, `photo_id`, `send_at`, `change_at`, `changed`) VALUES ('84', '8', '3576', '2014-06-02 08:23:01', '2010-03-24 14:16:02', 1);
INSERT INTO `photos` (`id`, `from_user_id`, `photo_id`, `send_at`, `change_at`, `changed`) VALUES ('85', '20', '8563', '2007-01-19 01:29:46', '2015-04-16 08:47:38', 0);
INSERT INTO `photos` (`id`, `from_user_id`, `photo_id`, `send_at`, `change_at`, `changed`) VALUES ('86', '12', '9373', '1975-02-12 05:01:46', '1992-11-28 11:56:29', 0);
INSERT INTO `photos` (`id`, `from_user_id`, `photo_id`, `send_at`, `change_at`, `changed`) VALUES ('87', '1', '9680', '1978-04-30 08:24:59', '1997-06-15 16:51:12', 1);
INSERT INTO `photos` (`id`, `from_user_id`, `photo_id`, `send_at`, `change_at`, `changed`) VALUES ('88', '6', '4384', '1970-05-09 04:07:40', '1971-06-13 19:51:07', 1);
INSERT INTO `photos` (`id`, `from_user_id`, `photo_id`, `send_at`, `change_at`, `changed`) VALUES ('89', '7', '7347', '2011-11-09 02:49:18', '1978-05-23 05:53:37', 0);
INSERT INTO `photos` (`id`, `from_user_id`, `photo_id`, `send_at`, `change_at`, `changed`) VALUES ('90', '5', '1107', '2008-02-04 04:11:42', '1986-01-23 04:30:31', 0);
INSERT INTO `photos` (`id`, `from_user_id`, `photo_id`, `send_at`, `change_at`, `changed`) VALUES ('91', '15', '8470', '2018-08-01 08:20:04', '2020-01-17 15:29:15', 0);
INSERT INTO `photos` (`id`, `from_user_id`, `photo_id`, `send_at`, `change_at`, `changed`) VALUES ('92', '12', '9388', '1996-06-19 12:40:26', '2016-04-30 08:19:48', 0);
INSERT INTO `photos` (`id`, `from_user_id`, `photo_id`, `send_at`, `change_at`, `changed`) VALUES ('93', '20', '7302', '2012-12-08 19:44:11', '1997-02-06 05:09:12', 1);
INSERT INTO `photos` (`id`, `from_user_id`, `photo_id`, `send_at`, `change_at`, `changed`) VALUES ('94', '9', '8187', '2011-12-26 14:13:00', '1971-06-17 23:24:14', 0);
INSERT INTO `photos` (`id`, `from_user_id`, `photo_id`, `send_at`, `change_at`, `changed`) VALUES ('95', '12', '1915', '1986-08-10 00:22:43', '1979-03-07 08:06:04', 0);
INSERT INTO `photos` (`id`, `from_user_id`, `photo_id`, `send_at`, `change_at`, `changed`) VALUES ('96', '16', '7554', '1980-07-31 11:43:35', '2001-12-30 12:11:38', 0);
INSERT INTO `photos` (`id`, `from_user_id`, `photo_id`, `send_at`, `change_at`, `changed`) VALUES ('97', '19', '8136', '2005-04-24 16:55:00', '1987-05-29 09:28:27', 0);
INSERT INTO `photos` (`id`, `from_user_id`, `photo_id`, `send_at`, `change_at`, `changed`) VALUES ('98', '12', '6983', '1970-11-02 03:26:51', '1971-05-06 12:18:25', 0);
INSERT INTO `photos` (`id`, `from_user_id`, `photo_id`, `send_at`, `change_at`, `changed`) VALUES ('99', '17', '8200', '1971-07-07 20:04:39', '1995-12-27 14:38:33', 0);
INSERT INTO `photos` (`id`, `from_user_id`, `photo_id`, `send_at`, `change_at`, `changed`) VALUES ('100', '13', '7499', '2008-01-23 22:55:00', '2013-08-13 12:34:44', 1);


#
# TABLE STRUCTURE FOR: photos_comments
#

DROP TABLE IF EXISTS `photos_comments`;

CREATE TABLE `photos_comments` (
  `id` bigint(20) unsigned NOT NULL AUTO_INCREMENT,
  `from_user_id` bigint(20) unsigned NOT NULL,
  `photo_id` bigint(20) unsigned NOT NULL,
  `content` text COLLATE utf8_unicode_ci NOT NULL,
  `send_at` datetime NOT NULL DEFAULT current_timestamp(),
  `change_at` datetime NOT NULL DEFAULT current_timestamp() ON UPDATE current_timestamp(),
  `changed` tinyint(1) DEFAULT 0,
  UNIQUE KEY `id` (`id`),
  KEY `photos_comments_profiles_id_fk` (`from_user_id`),
  KEY `photos_comments_profiles_id_fk2` (`photo_id`),
  CONSTRAINT `photos_comments_profiles_id_fk` FOREIGN KEY (`from_user_id`) REFERENCES `profiles` (`id`) ON DELETE CASCADE ON UPDATE CASCADE,
  CONSTRAINT `photos_comments_profiles_id_fk2` FOREIGN KEY (`photo_id`) REFERENCES `photos` (`id`) ON DELETE CASCADE ON UPDATE CASCADE
) ENGINE=InnoDB AUTO_INCREMENT=501 DEFAULT CHARSET=utf8 COLLATE=utf8_unicode_ci;

INSERT INTO `photos_comments` (`id`, `from_user_id`, `photo_id`, `content`, `send_at`, `change_at`, `changed`) VALUES ('1', '9', '2', 'Possimus enim facere beatae.', '1998-06-01 10:47:24', '1988-08-23 08:15:53', 0);
INSERT INTO `photos_comments` (`id`, `from_user_id`, `photo_id`, `content`, `send_at`, `change_at`, `changed`) VALUES ('2', '20', '54', 'Omnis minima vel quas et.', '2002-09-20 04:54:41', '1972-10-11 16:18:08', 0);
INSERT INTO `photos_comments` (`id`, `from_user_id`, `photo_id`, `content`, `send_at`, `change_at`, `changed`) VALUES ('3', '1', '87', 'Quibusdam aliquam deserunt laborum officia.', '2007-07-28 08:40:51', '1983-02-20 19:02:24', 0);
INSERT INTO `photos_comments` (`id`, `from_user_id`, `photo_id`, `content`, `send_at`, `change_at`, `changed`) VALUES ('4', '14', '100', 'Quae aspernatur quo sapiente ut quasi aliquam.', '2000-06-05 16:07:28', '2004-01-09 17:08:25', 0);
INSERT INTO `photos_comments` (`id`, `from_user_id`, `photo_id`, `content`, `send_at`, `change_at`, `changed`) VALUES ('5', '12', '22', 'Nisi aspernatur alias numquam consequatur.', '1998-02-12 13:10:16', '1984-08-03 07:56:53', 0);
INSERT INTO `photos_comments` (`id`, `from_user_id`, `photo_id`, `content`, `send_at`, `change_at`, `changed`) VALUES ('6', '11', '37', 'Porro in aut minima omnis quis architecto.', '1972-03-10 05:22:40', '1986-04-26 13:54:32', 1);
INSERT INTO `photos_comments` (`id`, `from_user_id`, `photo_id`, `content`, `send_at`, `change_at`, `changed`) VALUES ('7', '20', '28', 'Reiciendis qui dolorem ad itaque quae.', '2007-08-08 02:57:52', '2010-05-18 07:27:04', 0);
INSERT INTO `photos_comments` (`id`, `from_user_id`, `photo_id`, `content`, `send_at`, `change_at`, `changed`) VALUES ('8', '11', '24', 'Voluptas sed quo illum laboriosam et est.', '1991-07-13 01:55:32', '1977-05-08 19:20:14', 0);
INSERT INTO `photos_comments` (`id`, `from_user_id`, `photo_id`, `content`, `send_at`, `change_at`, `changed`) VALUES ('9', '16', '12', 'Maxime qui sapiente impedit.', '1980-06-17 01:52:21', '1981-08-05 07:12:45', 0);
INSERT INTO `photos_comments` (`id`, `from_user_id`, `photo_id`, `content`, `send_at`, `change_at`, `changed`) VALUES ('10', '10', '82', 'Architecto qui blanditiis ut reiciendis.', '1974-12-12 11:23:05', '2014-04-20 09:52:49', 0);
INSERT INTO `photos_comments` (`id`, `from_user_id`, `photo_id`, `content`, `send_at`, `change_at`, `changed`) VALUES ('11', '15', '14', 'Ipsam enim voluptatum qui nulla inventore.', '2002-10-01 17:49:15', '2006-04-26 12:05:41', 0);
INSERT INTO `photos_comments` (`id`, `from_user_id`, `photo_id`, `content`, `send_at`, `change_at`, `changed`) VALUES ('12', '13', '62', 'Ut enim ipsam nisi voluptas sapiente.', '1980-08-05 21:00:54', '2018-04-10 18:46:23', 0);
INSERT INTO `photos_comments` (`id`, `from_user_id`, `photo_id`, `content`, `send_at`, `change_at`, `changed`) VALUES ('13', '7', '30', 'Corporis iste modi magni non ipsa non quo.', '1984-02-27 23:59:28', '1985-11-28 04:52:30', 0);
INSERT INTO `photos_comments` (`id`, `from_user_id`, `photo_id`, `content`, `send_at`, `change_at`, `changed`) VALUES ('14', '18', '36', 'Nesciunt quis repellat officia non aut molestias.', '2002-03-19 22:41:22', '2012-05-07 19:00:15', 0);
INSERT INTO `photos_comments` (`id`, `from_user_id`, `photo_id`, `content`, `send_at`, `change_at`, `changed`) VALUES ('15', '20', '51', 'Autem voluptatum dolores tenetur id.', '2015-08-21 16:57:15', '1980-03-22 13:38:41', 0);
INSERT INTO `photos_comments` (`id`, `from_user_id`, `photo_id`, `content`, `send_at`, `change_at`, `changed`) VALUES ('16', '1', '41', 'Tempore placeat occaecati nisi ipsa atque.', '1979-03-07 19:21:55', '2004-04-11 02:05:33', 0);
INSERT INTO `photos_comments` (`id`, `from_user_id`, `photo_id`, `content`, `send_at`, `change_at`, `changed`) VALUES ('17', '11', '98', 'Rem ut eaque beatae corrupti.', '2013-08-03 11:14:28', '2008-05-02 12:22:08', 0);
INSERT INTO `photos_comments` (`id`, `from_user_id`, `photo_id`, `content`, `send_at`, `change_at`, `changed`) VALUES ('18', '19', '56', 'Ut et dolorem nemo atque qui.', '2003-02-21 02:39:33', '1987-04-28 13:30:25', 0);
INSERT INTO `photos_comments` (`id`, `from_user_id`, `photo_id`, `content`, `send_at`, `change_at`, `changed`) VALUES ('19', '17', '64', 'Hic velit ullam eum minus reprehenderit id hic.', '1990-06-12 20:55:48', '1983-09-19 07:45:48', 0);
INSERT INTO `photos_comments` (`id`, `from_user_id`, `photo_id`, `content`, `send_at`, `change_at`, `changed`) VALUES ('20', '12', '43', 'Amet ut maiores aperiam.', '2011-11-06 09:19:00', '1977-04-24 08:48:55', 0);
INSERT INTO `photos_comments` (`id`, `from_user_id`, `photo_id`, `content`, `send_at`, `change_at`, `changed`) VALUES ('21', '18', '10', 'Velit consequatur est rem.', '1977-10-07 18:24:45', '2008-05-01 11:07:18', 0);
INSERT INTO `photos_comments` (`id`, `from_user_id`, `photo_id`, `content`, `send_at`, `change_at`, `changed`) VALUES ('22', '16', '85', 'Qui possimus ut nihil aut magnam ullam quia.', '1988-11-07 17:16:35', '1991-11-28 05:56:12', 0);
INSERT INTO `photos_comments` (`id`, `from_user_id`, `photo_id`, `content`, `send_at`, `change_at`, `changed`) VALUES ('23', '8', '34', 'Totam perspiciatis tempore velit quod et soluta.', '1980-10-26 07:44:48', '2014-04-03 00:37:46', 0);
INSERT INTO `photos_comments` (`id`, `from_user_id`, `photo_id`, `content`, `send_at`, `change_at`, `changed`) VALUES ('24', '2', '17', 'Rerum ut est perspiciatis ut vitae.', '2008-10-30 05:06:35', '2009-06-02 07:00:17', 0);
INSERT INTO `photos_comments` (`id`, `from_user_id`, `photo_id`, `content`, `send_at`, `change_at`, `changed`) VALUES ('25', '9', '58', 'Expedita autem ut a.', '2018-01-13 19:14:15', '1978-04-08 14:34:54', 0);
INSERT INTO `photos_comments` (`id`, `from_user_id`, `photo_id`, `content`, `send_at`, `change_at`, `changed`) VALUES ('26', '20', '17', 'Voluptates cupiditate qui est laudantium iusto.', '1974-10-17 21:33:36', '1975-05-31 21:56:22', 0);
INSERT INTO `photos_comments` (`id`, `from_user_id`, `photo_id`, `content`, `send_at`, `change_at`, `changed`) VALUES ('27', '15', '62', 'Et blanditiis incidunt et.', '2010-04-18 02:08:55', '1979-09-09 19:05:28', 0);
INSERT INTO `photos_comments` (`id`, `from_user_id`, `photo_id`, `content`, `send_at`, `change_at`, `changed`) VALUES ('28', '16', '6', 'Rerum in delectus dolores in et qui qui.', '1989-03-28 16:59:08', '1994-02-04 02:05:51', 0);
INSERT INTO `photos_comments` (`id`, `from_user_id`, `photo_id`, `content`, `send_at`, `change_at`, `changed`) VALUES ('29', '19', '65', 'Hic provident dolorum sunt unde ut.', '2008-10-30 19:39:13', '1976-01-28 06:17:22', 0);
INSERT INTO `photos_comments` (`id`, `from_user_id`, `photo_id`, `content`, `send_at`, `change_at`, `changed`) VALUES ('30', '9', '89', 'Ipsum sint aut cumque nemo sed.', '1986-06-27 07:37:56', '1994-01-03 06:32:03', 0);
INSERT INTO `photos_comments` (`id`, `from_user_id`, `photo_id`, `content`, `send_at`, `change_at`, `changed`) VALUES ('31', '4', '42', 'Ex facere autem doloremque quae.', '1977-03-13 10:29:32', '1999-10-09 15:02:37', 0);
INSERT INTO `photos_comments` (`id`, `from_user_id`, `photo_id`, `content`, `send_at`, `change_at`, `changed`) VALUES ('32', '6', '68', 'Aut dolores officiis ut ratione.', '1978-01-11 14:03:05', '1986-01-29 20:23:38', 0);
INSERT INTO `photos_comments` (`id`, `from_user_id`, `photo_id`, `content`, `send_at`, `change_at`, `changed`) VALUES ('33', '8', '23', 'Voluptatibus amet rerum aut porro in.', '1982-12-04 22:47:31', '2006-05-05 23:30:50', 0);
INSERT INTO `photos_comments` (`id`, `from_user_id`, `photo_id`, `content`, `send_at`, `change_at`, `changed`) VALUES ('34', '5', '22', 'Sunt nobis et ipsa suscipit.', '2019-03-18 16:41:49', '1970-12-26 09:32:13', 0);
INSERT INTO `photos_comments` (`id`, `from_user_id`, `photo_id`, `content`, `send_at`, `change_at`, `changed`) VALUES ('35', '18', '78', 'Eum consequatur alias voluptatem est et.', '1979-02-03 01:56:13', '1995-05-21 12:07:55', 0);
INSERT INTO `photos_comments` (`id`, `from_user_id`, `photo_id`, `content`, `send_at`, `change_at`, `changed`) VALUES ('36', '13', '72', 'Voluptatem quidem cum est aut nihil quia.', '1990-09-25 12:57:44', '2014-08-16 23:05:43', 0);
INSERT INTO `photos_comments` (`id`, `from_user_id`, `photo_id`, `content`, `send_at`, `change_at`, `changed`) VALUES ('37', '18', '43', 'Aut occaecati modi et eos ad non.', '1979-11-26 07:50:54', '1997-07-01 00:33:01', 0);
INSERT INTO `photos_comments` (`id`, `from_user_id`, `photo_id`, `content`, `send_at`, `change_at`, `changed`) VALUES ('38', '12', '25', 'Omnis tempora voluptatem ad facilis quo.', '2006-05-08 20:23:16', '1970-04-27 07:00:08', 0);
INSERT INTO `photos_comments` (`id`, `from_user_id`, `photo_id`, `content`, `send_at`, `change_at`, `changed`) VALUES ('39', '16', '64', 'Alias rerum libero exercitationem temporibus.', '1981-05-10 21:53:16', '1977-07-27 13:02:14', 1);
INSERT INTO `photos_comments` (`id`, `from_user_id`, `photo_id`, `content`, `send_at`, `change_at`, `changed`) VALUES ('40', '9', '21', 'Et dolorem autem ad recusandae ut.', '1985-03-10 21:05:45', '2003-09-07 12:49:21', 1);
INSERT INTO `photos_comments` (`id`, `from_user_id`, `photo_id`, `content`, `send_at`, `change_at`, `changed`) VALUES ('41', '5', '40', 'Vitae aspernatur quo qui in et cumque inventore.', '1990-05-22 13:45:53', '2019-01-15 03:16:13', 1);
INSERT INTO `photos_comments` (`id`, `from_user_id`, `photo_id`, `content`, `send_at`, `change_at`, `changed`) VALUES ('42', '8', '93', 'Fuga est beatae est ut velit doloribus et.', '1973-01-02 11:01:29', '1992-03-31 14:59:29', 0);
INSERT INTO `photos_comments` (`id`, `from_user_id`, `photo_id`, `content`, `send_at`, `change_at`, `changed`) VALUES ('43', '1', '15', 'Quod similique dolor quo.', '2001-12-13 03:17:03', '1980-05-31 21:32:04', 1);
INSERT INTO `photos_comments` (`id`, `from_user_id`, `photo_id`, `content`, `send_at`, `change_at`, `changed`) VALUES ('44', '20', '92', 'Saepe voluptatum alias animi quaerat.', '2019-11-10 17:14:43', '1998-11-21 10:36:18', 0);
INSERT INTO `photos_comments` (`id`, `from_user_id`, `photo_id`, `content`, `send_at`, `change_at`, `changed`) VALUES ('45', '16', '38', 'Aut eius accusantium voluptatum voluptates vitae.', '2019-06-24 13:29:29', '2004-02-06 20:32:51', 1);
INSERT INTO `photos_comments` (`id`, `from_user_id`, `photo_id`, `content`, `send_at`, `change_at`, `changed`) VALUES ('46', '16', '95', 'Sapiente sit ut nesciunt cupiditate eum esse.', '2002-09-10 02:59:04', '2007-09-14 23:32:25', 0);
INSERT INTO `photos_comments` (`id`, `from_user_id`, `photo_id`, `content`, `send_at`, `change_at`, `changed`) VALUES ('47', '16', '8', 'Minus dolorem qui quibusdam omnis.', '2002-06-25 16:44:45', '1998-07-29 20:20:44', 0);
INSERT INTO `photos_comments` (`id`, `from_user_id`, `photo_id`, `content`, `send_at`, `change_at`, `changed`) VALUES ('48', '13', '18', 'Exercitationem aut iste ea aut.', '1985-02-28 16:07:33', '1977-08-01 10:57:23', 0);
INSERT INTO `photos_comments` (`id`, `from_user_id`, `photo_id`, `content`, `send_at`, `change_at`, `changed`) VALUES ('49', '7', '84', 'Nam maiores et corrupti.', '1983-07-07 09:48:43', '1992-07-22 17:58:03', 0);
INSERT INTO `photos_comments` (`id`, `from_user_id`, `photo_id`, `content`, `send_at`, `change_at`, `changed`) VALUES ('50', '8', '17', 'Temporibus dolorum nemo nobis sed.', '1988-02-22 23:22:39', '1974-03-11 08:39:52', 0);
INSERT INTO `photos_comments` (`id`, `from_user_id`, `photo_id`, `content`, `send_at`, `change_at`, `changed`) VALUES ('51', '13', '3', 'Amet sint sit omnis a sapiente tempora quia.', '1975-02-02 21:24:58', '1973-08-11 03:02:15', 0);
INSERT INTO `photos_comments` (`id`, `from_user_id`, `photo_id`, `content`, `send_at`, `change_at`, `changed`) VALUES ('52', '18', '49', 'Aut culpa repellat commodi.', '1993-02-05 04:09:39', '2014-04-21 03:40:07', 0);
INSERT INTO `photos_comments` (`id`, `from_user_id`, `photo_id`, `content`, `send_at`, `change_at`, `changed`) VALUES ('53', '9', '43', 'Quia quia quisquam pariatur.', '1996-02-22 23:29:20', '2005-05-08 20:41:31', 0);
INSERT INTO `photos_comments` (`id`, `from_user_id`, `photo_id`, `content`, `send_at`, `change_at`, `changed`) VALUES ('54', '15', '21', 'Rerum dicta sit quia ea sed.', '1972-12-28 01:54:49', '1988-12-14 19:03:45', 0);
INSERT INTO `photos_comments` (`id`, `from_user_id`, `photo_id`, `content`, `send_at`, `change_at`, `changed`) VALUES ('55', '2', '16', 'Autem et ea voluptate voluptates nesciunt facere.', '2008-03-05 05:13:58', '1974-06-07 22:15:08', 1);
INSERT INTO `photos_comments` (`id`, `from_user_id`, `photo_id`, `content`, `send_at`, `change_at`, `changed`) VALUES ('56', '9', '29', 'Sint consequatur et dolor modi.', '2019-12-12 02:57:55', '1982-09-13 09:24:42', 0);
INSERT INTO `photos_comments` (`id`, `from_user_id`, `photo_id`, `content`, `send_at`, `change_at`, `changed`) VALUES ('57', '11', '77', 'Sit qui molestiae ullam.', '2002-09-21 20:33:07', '1980-06-04 19:40:54', 0);
INSERT INTO `photos_comments` (`id`, `from_user_id`, `photo_id`, `content`, `send_at`, `change_at`, `changed`) VALUES ('58', '5', '55', 'Fugiat fuga aspernatur rem qui harum corrupti.', '2008-01-07 07:05:02', '2001-11-01 07:23:03', 0);
INSERT INTO `photos_comments` (`id`, `from_user_id`, `photo_id`, `content`, `send_at`, `change_at`, `changed`) VALUES ('59', '19', '18', 'Hic libero voluptas illum.', '1993-01-15 06:20:00', '1981-03-21 06:47:26', 0);
INSERT INTO `photos_comments` (`id`, `from_user_id`, `photo_id`, `content`, `send_at`, `change_at`, `changed`) VALUES ('60', '10', '70', 'Veniam error et harum nobis.', '2015-08-08 18:02:48', '1978-04-24 07:55:29', 0);
INSERT INTO `photos_comments` (`id`, `from_user_id`, `photo_id`, `content`, `send_at`, `change_at`, `changed`) VALUES ('61', '12', '26', 'Adipisci quia illum voluptatem cupiditate.', '2019-05-07 21:14:19', '1984-01-05 17:58:47', 0);
INSERT INTO `photos_comments` (`id`, `from_user_id`, `photo_id`, `content`, `send_at`, `change_at`, `changed`) VALUES ('62', '13', '35', 'Rerum autem autem esse exercitationem quam.', '1982-12-15 15:39:45', '2014-09-25 03:25:49', 0);
INSERT INTO `photos_comments` (`id`, `from_user_id`, `photo_id`, `content`, `send_at`, `change_at`, `changed`) VALUES ('63', '7', '26', 'Dignissimos expedita rerum laudantium.', '2002-03-31 00:23:43', '2009-04-02 10:45:36', 0);
INSERT INTO `photos_comments` (`id`, `from_user_id`, `photo_id`, `content`, `send_at`, `change_at`, `changed`) VALUES ('64', '11', '63', 'Iure in suscipit sit enim nisi.', '2012-03-02 19:52:04', '1978-10-04 07:00:22', 0);
INSERT INTO `photos_comments` (`id`, `from_user_id`, `photo_id`, `content`, `send_at`, `change_at`, `changed`) VALUES ('65', '2', '91', 'Ut ipsum excepturi numquam est id.', '1988-07-19 10:17:37', '2014-12-29 08:33:57', 0);
INSERT INTO `photos_comments` (`id`, `from_user_id`, `photo_id`, `content`, `send_at`, `change_at`, `changed`) VALUES ('66', '16', '71', 'Voluptates et quas doloremque odit.', '1993-09-06 00:57:52', '1992-02-11 06:13:07', 1);
INSERT INTO `photos_comments` (`id`, `from_user_id`, `photo_id`, `content`, `send_at`, `change_at`, `changed`) VALUES ('67', '19', '67', 'Amet dolore enim numquam eos repudiandae.', '1972-09-09 21:38:58', '2012-01-21 10:09:01', 0);
INSERT INTO `photos_comments` (`id`, `from_user_id`, `photo_id`, `content`, `send_at`, `change_at`, `changed`) VALUES ('68', '4', '38', 'Id in non odio quia accusantium voluptas.', '2019-12-01 16:05:38', '1996-11-20 15:09:45', 0);
INSERT INTO `photos_comments` (`id`, `from_user_id`, `photo_id`, `content`, `send_at`, `change_at`, `changed`) VALUES ('69', '2', '94', 'Assumenda necessitatibus explicabo tempora qui.', '1983-12-12 11:09:16', '1986-09-05 12:26:41', 0);
INSERT INTO `photos_comments` (`id`, `from_user_id`, `photo_id`, `content`, `send_at`, `change_at`, `changed`) VALUES ('70', '12', '16', 'Ab illo voluptatibus aut.', '1978-01-17 14:22:21', '1992-07-04 05:40:28', 1);
INSERT INTO `photos_comments` (`id`, `from_user_id`, `photo_id`, `content`, `send_at`, `change_at`, `changed`) VALUES ('71', '2', '99', 'Eius quia possimus labore doloribus tempore et.', '1988-07-10 17:55:28', '1995-04-01 18:33:33', 1);
INSERT INTO `photos_comments` (`id`, `from_user_id`, `photo_id`, `content`, `send_at`, `change_at`, `changed`) VALUES ('72', '9', '63', 'Nesciunt unde ullam et sunt.', '1994-11-12 06:37:53', '1992-12-21 00:00:50', 0);
INSERT INTO `photos_comments` (`id`, `from_user_id`, `photo_id`, `content`, `send_at`, `change_at`, `changed`) VALUES ('73', '16', '65', 'Dolor iure expedita esse ut quas.', '1991-08-14 13:09:48', '1974-03-31 22:01:54', 0);
INSERT INTO `photos_comments` (`id`, `from_user_id`, `photo_id`, `content`, `send_at`, `change_at`, `changed`) VALUES ('74', '4', '67', 'Distinctio saepe perspiciatis necessitatibus et.', '1976-07-05 17:30:44', '1989-01-02 15:50:12', 0);
INSERT INTO `photos_comments` (`id`, `from_user_id`, `photo_id`, `content`, `send_at`, `change_at`, `changed`) VALUES ('75', '17', '64', 'Omnis sit eos consequuntur.', '1984-11-14 23:35:06', '1997-06-17 21:32:09', 1);
INSERT INTO `photos_comments` (`id`, `from_user_id`, `photo_id`, `content`, `send_at`, `change_at`, `changed`) VALUES ('76', '8', '38', 'Placeat tempora qui atque ad quas expedita.', '1990-09-14 18:58:21', '2006-11-09 08:21:31', 0);
INSERT INTO `photos_comments` (`id`, `from_user_id`, `photo_id`, `content`, `send_at`, `change_at`, `changed`) VALUES ('77', '18', '100', 'Cupiditate aut eum enim velit aut qui aliquid.', '1982-09-26 05:59:23', '1997-07-11 17:36:19', 1);
INSERT INTO `photos_comments` (`id`, `from_user_id`, `photo_id`, `content`, `send_at`, `change_at`, `changed`) VALUES ('78', '15', '22', 'Voluptatem id quidem modi maxime.', '1999-07-14 12:09:41', '2004-09-07 05:57:41', 1);
INSERT INTO `photos_comments` (`id`, `from_user_id`, `photo_id`, `content`, `send_at`, `change_at`, `changed`) VALUES ('79', '5', '25', 'Quas ut consectetur quia eum.', '2007-11-21 23:29:21', '1988-08-21 02:09:31', 0);
INSERT INTO `photos_comments` (`id`, `from_user_id`, `photo_id`, `content`, `send_at`, `change_at`, `changed`) VALUES ('80', '17', '34', 'Laborum sint nisi atque ratione.', '1989-03-16 00:35:36', '2002-06-07 12:21:06', 1);
INSERT INTO `photos_comments` (`id`, `from_user_id`, `photo_id`, `content`, `send_at`, `change_at`, `changed`) VALUES ('81', '3', '63', 'Ut dicta aspernatur ab dolor.', '2010-11-11 10:26:09', '2014-03-30 13:37:55', 0);
INSERT INTO `photos_comments` (`id`, `from_user_id`, `photo_id`, `content`, `send_at`, `change_at`, `changed`) VALUES ('82', '1', '8', 'Aperiam odio voluptatibus provident sed.', '1970-12-11 09:57:09', '2005-01-15 15:14:56', 0);
INSERT INTO `photos_comments` (`id`, `from_user_id`, `photo_id`, `content`, `send_at`, `change_at`, `changed`) VALUES ('83', '6', '24', 'Culpa voluptates voluptatem laborum eos sed.', '2006-07-14 19:10:10', '1972-11-21 20:03:58', 1);
INSERT INTO `photos_comments` (`id`, `from_user_id`, `photo_id`, `content`, `send_at`, `change_at`, `changed`) VALUES ('84', '10', '38', 'Non nulla quidem porro id fugit.', '2004-04-14 20:16:08', '1987-05-04 05:09:40', 0);
INSERT INTO `photos_comments` (`id`, `from_user_id`, `photo_id`, `content`, `send_at`, `change_at`, `changed`) VALUES ('85', '4', '4', 'Cum numquam illo nostrum error natus corporis.', '1970-06-25 01:05:13', '1977-02-02 18:30:07', 0);
INSERT INTO `photos_comments` (`id`, `from_user_id`, `photo_id`, `content`, `send_at`, `change_at`, `changed`) VALUES ('86', '11', '25', 'Ratione blanditiis cupiditate aut veniam.', '1975-10-05 11:43:23', '1987-03-21 17:25:43', 0);
INSERT INTO `photos_comments` (`id`, `from_user_id`, `photo_id`, `content`, `send_at`, `change_at`, `changed`) VALUES ('87', '1', '98', 'Sunt aut omnis exercitationem explicabo.', '1996-03-31 06:21:52', '2000-12-10 13:19:03', 0);
INSERT INTO `photos_comments` (`id`, `from_user_id`, `photo_id`, `content`, `send_at`, `change_at`, `changed`) VALUES ('88', '18', '78', 'Est voluptas velit consequatur et.', '1994-07-28 22:42:37', '2002-04-18 13:01:05', 0);
INSERT INTO `photos_comments` (`id`, `from_user_id`, `photo_id`, `content`, `send_at`, `change_at`, `changed`) VALUES ('89', '13', '5', 'Aut qui voluptas aperiam earum.', '2010-09-20 17:21:31', '1991-09-28 19:21:50', 0);
INSERT INTO `photos_comments` (`id`, `from_user_id`, `photo_id`, `content`, `send_at`, `change_at`, `changed`) VALUES ('90', '9', '44', 'Nihil cupiditate in nulla.', '1976-08-04 09:45:13', '2005-05-19 20:14:04', 0);
INSERT INTO `photos_comments` (`id`, `from_user_id`, `photo_id`, `content`, `send_at`, `change_at`, `changed`) VALUES ('91', '14', '81', 'Amet nam vero ipsa tenetur.', '2002-01-06 18:33:06', '1990-06-21 08:40:36', 0);
INSERT INTO `photos_comments` (`id`, `from_user_id`, `photo_id`, `content`, `send_at`, `change_at`, `changed`) VALUES ('92', '17', '57', 'Minima voluptate cum possimus et expedita.', '1972-02-19 12:39:30', '2010-03-27 19:54:42', 0);
INSERT INTO `photos_comments` (`id`, `from_user_id`, `photo_id`, `content`, `send_at`, `change_at`, `changed`) VALUES ('93', '17', '54', 'Non et tenetur accusamus deleniti omnis repellat.', '2003-10-14 17:14:42', '1996-02-09 03:57:22', 0);
INSERT INTO `photos_comments` (`id`, `from_user_id`, `photo_id`, `content`, `send_at`, `change_at`, `changed`) VALUES ('94', '16', '6', 'Totam quia repellendus repudiandae sint officia.', '2011-05-31 04:51:10', '2011-07-25 12:18:53', 0);
INSERT INTO `photos_comments` (`id`, `from_user_id`, `photo_id`, `content`, `send_at`, `change_at`, `changed`) VALUES ('95', '16', '62', 'Aut non est et.', '2003-09-18 23:20:49', '1993-10-07 20:47:40', 0);
INSERT INTO `photos_comments` (`id`, `from_user_id`, `photo_id`, `content`, `send_at`, `change_at`, `changed`) VALUES ('96', '8', '94', 'Quod velit quas fugit sunt odio.', '2008-01-28 13:41:11', '2004-08-13 05:52:10', 1);
INSERT INTO `photos_comments` (`id`, `from_user_id`, `photo_id`, `content`, `send_at`, `change_at`, `changed`) VALUES ('97', '5', '44', 'Aut veniam vitae laudantium impedit.', '1973-12-06 04:47:14', '1970-08-27 05:32:39', 0);
INSERT INTO `photos_comments` (`id`, `from_user_id`, `photo_id`, `content`, `send_at`, `change_at`, `changed`) VALUES ('98', '1', '54', 'Ipsum corrupti fugit nam est fuga fugiat est.', '2019-02-27 12:22:53', '1991-10-24 00:39:38', 0);
INSERT INTO `photos_comments` (`id`, `from_user_id`, `photo_id`, `content`, `send_at`, `change_at`, `changed`) VALUES ('99', '14', '47', 'Facere quo dolores architecto.', '1973-07-19 09:53:49', '2000-08-28 01:56:56', 0);
INSERT INTO `photos_comments` (`id`, `from_user_id`, `photo_id`, `content`, `send_at`, `change_at`, `changed`) VALUES ('100', '19', '84', 'Porro praesentium nobis veniam.', '1996-12-10 04:50:06', '2000-08-06 08:16:52', 0);
INSERT INTO `photos_comments` (`id`, `from_user_id`, `photo_id`, `content`, `send_at`, `change_at`, `changed`) VALUES ('101', '11', '45', 'Iusto molestiae vel natus molestiae magni aut.', '1993-03-07 01:22:28', '2018-08-02 16:59:03', 0);
INSERT INTO `photos_comments` (`id`, `from_user_id`, `photo_id`, `content`, `send_at`, `change_at`, `changed`) VALUES ('102', '2', '53', 'Error quia hic accusantium excepturi voluptatem.', '1990-09-11 19:33:40', '2018-03-10 19:32:46', 0);
INSERT INTO `photos_comments` (`id`, `from_user_id`, `photo_id`, `content`, `send_at`, `change_at`, `changed`) VALUES ('103', '9', '97', 'Unde architecto sunt blanditiis incidunt soluta.', '1974-10-29 07:19:15', '2003-04-17 12:52:40', 1);
INSERT INTO `photos_comments` (`id`, `from_user_id`, `photo_id`, `content`, `send_at`, `change_at`, `changed`) VALUES ('104', '7', '4', 'Reprehenderit ab dolore rerum nihil animi.', '1973-11-10 13:01:32', '2007-08-04 13:56:21', 0);
INSERT INTO `photos_comments` (`id`, `from_user_id`, `photo_id`, `content`, `send_at`, `change_at`, `changed`) VALUES ('105', '1', '75', 'Velit iste et distinctio libero.', '1975-08-10 10:24:58', '2011-08-13 02:04:48', 0);
INSERT INTO `photos_comments` (`id`, `from_user_id`, `photo_id`, `content`, `send_at`, `change_at`, `changed`) VALUES ('106', '10', '70', 'Minima qui aut ut autem.', '2005-05-03 19:04:03', '2002-09-14 04:30:17', 0);
INSERT INTO `photos_comments` (`id`, `from_user_id`, `photo_id`, `content`, `send_at`, `change_at`, `changed`) VALUES ('107', '12', '29', 'Et aut ea illum.', '1999-05-10 15:50:55', '1997-05-10 16:37:14', 0);
INSERT INTO `photos_comments` (`id`, `from_user_id`, `photo_id`, `content`, `send_at`, `change_at`, `changed`) VALUES ('108', '6', '36', 'Excepturi velit id placeat cumque.', '1976-05-05 17:17:22', '1992-02-10 20:10:26', 0);
INSERT INTO `photos_comments` (`id`, `from_user_id`, `photo_id`, `content`, `send_at`, `change_at`, `changed`) VALUES ('109', '17', '4', 'Cum accusamus dolores consequuntur dolores.', '2003-03-17 06:02:09', '2002-05-31 08:24:26', 0);
INSERT INTO `photos_comments` (`id`, `from_user_id`, `photo_id`, `content`, `send_at`, `change_at`, `changed`) VALUES ('110', '9', '61', 'Hic aut ut ea doloribus aspernatur.', '2000-08-10 04:12:55', '2016-07-25 00:49:01', 1);
INSERT INTO `photos_comments` (`id`, `from_user_id`, `photo_id`, `content`, `send_at`, `change_at`, `changed`) VALUES ('111', '14', '80', 'Adipisci quia libero quo porro veritatis.', '1974-12-27 11:32:35', '2012-10-16 23:54:48', 0);
INSERT INTO `photos_comments` (`id`, `from_user_id`, `photo_id`, `content`, `send_at`, `change_at`, `changed`) VALUES ('112', '11', '91', 'Et fuga pariatur molestiae optio.', '1995-01-01 07:57:24', '1996-10-11 23:17:29', 1);
INSERT INTO `photos_comments` (`id`, `from_user_id`, `photo_id`, `content`, `send_at`, `change_at`, `changed`) VALUES ('113', '5', '54', 'Ea nobis fuga dolor rerum rem provident numquam.', '2019-04-20 00:31:15', '2012-04-06 17:55:02', 0);
INSERT INTO `photos_comments` (`id`, `from_user_id`, `photo_id`, `content`, `send_at`, `change_at`, `changed`) VALUES ('114', '9', '90', 'Odio dolorum rem alias nesciunt qui nemo est.', '1974-09-17 19:51:56', '1976-07-12 10:25:01', 0);
INSERT INTO `photos_comments` (`id`, `from_user_id`, `photo_id`, `content`, `send_at`, `change_at`, `changed`) VALUES ('115', '1', '36', 'Inventore reiciendis tempore fugit.', '1994-08-10 15:24:56', '2015-05-22 16:30:06', 0);
INSERT INTO `photos_comments` (`id`, `from_user_id`, `photo_id`, `content`, `send_at`, `change_at`, `changed`) VALUES ('116', '15', '51', 'Eligendi nihil incidunt id voluptatem voluptatem.', '1974-01-23 00:38:29', '1986-01-14 22:29:46', 0);
INSERT INTO `photos_comments` (`id`, `from_user_id`, `photo_id`, `content`, `send_at`, `change_at`, `changed`) VALUES ('117', '17', '82', 'Ad dolores veritatis cupiditate nobis sint quae.', '2001-11-21 07:54:06', '2010-11-16 04:27:16', 0);
INSERT INTO `photos_comments` (`id`, `from_user_id`, `photo_id`, `content`, `send_at`, `change_at`, `changed`) VALUES ('118', '1', '23', 'Maiores laborum qui eum voluptatem dicta.', '2004-09-04 23:15:14', '2001-03-31 12:45:23', 0);
INSERT INTO `photos_comments` (`id`, `from_user_id`, `photo_id`, `content`, `send_at`, `change_at`, `changed`) VALUES ('119', '16', '35', 'Quam ad iure non autem alias.', '2001-11-10 06:12:01', '1998-06-19 16:54:39', 0);
INSERT INTO `photos_comments` (`id`, `from_user_id`, `photo_id`, `content`, `send_at`, `change_at`, `changed`) VALUES ('120', '6', '80', 'Odit ab quis quaerat dolor dolores.', '2017-12-26 19:05:06', '2010-08-11 21:09:35', 0);
INSERT INTO `photos_comments` (`id`, `from_user_id`, `photo_id`, `content`, `send_at`, `change_at`, `changed`) VALUES ('121', '2', '73', 'Quae aut officiis saepe ab praesentium aperiam.', '1982-10-03 21:51:16', '1991-05-13 23:30:42', 0);
INSERT INTO `photos_comments` (`id`, `from_user_id`, `photo_id`, `content`, `send_at`, `change_at`, `changed`) VALUES ('122', '10', '65', 'Vitae delectus porro quia saepe ex quos quia aut.', '1988-10-25 17:10:42', '1973-03-25 22:45:00', 1);
INSERT INTO `photos_comments` (`id`, `from_user_id`, `photo_id`, `content`, `send_at`, `change_at`, `changed`) VALUES ('123', '1', '75', 'Voluptatem quae qui ut debitis.', '1998-11-07 03:16:16', '1985-12-29 07:57:14', 0);
INSERT INTO `photos_comments` (`id`, `from_user_id`, `photo_id`, `content`, `send_at`, `change_at`, `changed`) VALUES ('124', '20', '83', 'Cupiditate nam quo sed sit.', '1972-01-02 20:27:14', '2003-07-28 08:22:46', 0);
INSERT INTO `photos_comments` (`id`, `from_user_id`, `photo_id`, `content`, `send_at`, `change_at`, `changed`) VALUES ('125', '16', '40', 'Voluptate ut ipsa quia odit.', '2005-09-08 13:57:37', '1974-05-18 19:10:12', 0);
INSERT INTO `photos_comments` (`id`, `from_user_id`, `photo_id`, `content`, `send_at`, `change_at`, `changed`) VALUES ('126', '9', '45', 'Rem sunt non nihil temporibus cum.', '2006-04-24 04:15:24', '1996-11-26 23:08:03', 0);
INSERT INTO `photos_comments` (`id`, `from_user_id`, `photo_id`, `content`, `send_at`, `change_at`, `changed`) VALUES ('127', '4', '96', 'Tempora et asperiores omnis.', '1975-10-08 14:14:10', '1976-04-10 18:59:21', 0);
INSERT INTO `photos_comments` (`id`, `from_user_id`, `photo_id`, `content`, `send_at`, `change_at`, `changed`) VALUES ('128', '7', '42', 'Molestias ea debitis ipsam sequi velit.', '1980-09-05 00:53:29', '2002-06-14 00:09:43', 0);
INSERT INTO `photos_comments` (`id`, `from_user_id`, `photo_id`, `content`, `send_at`, `change_at`, `changed`) VALUES ('129', '10', '79', 'Quia ea maxime velit enim maiores porro.', '2001-05-30 23:05:20', '1995-05-09 16:35:50', 0);
INSERT INTO `photos_comments` (`id`, `from_user_id`, `photo_id`, `content`, `send_at`, `change_at`, `changed`) VALUES ('130', '7', '50', 'Iste sunt dolores voluptatibus ut.', '1993-01-10 17:24:53', '2011-10-21 11:37:17', 0);
INSERT INTO `photos_comments` (`id`, `from_user_id`, `photo_id`, `content`, `send_at`, `change_at`, `changed`) VALUES ('131', '3', '4', 'Beatae rerum cum eum in fuga perferendis.', '1979-12-26 19:59:47', '2006-10-29 19:00:07', 0);
INSERT INTO `photos_comments` (`id`, `from_user_id`, `photo_id`, `content`, `send_at`, `change_at`, `changed`) VALUES ('132', '1', '95', 'Tenetur voluptas doloribus tempora et culpa.', '1999-09-15 18:58:12', '2004-10-28 14:30:58', 0);
INSERT INTO `photos_comments` (`id`, `from_user_id`, `photo_id`, `content`, `send_at`, `change_at`, `changed`) VALUES ('133', '18', '5', 'Cupiditate voluptatem maxime et et et.', '2007-05-22 15:55:08', '1971-08-30 05:42:42', 0);
INSERT INTO `photos_comments` (`id`, `from_user_id`, `photo_id`, `content`, `send_at`, `change_at`, `changed`) VALUES ('134', '4', '64', 'Molestiae nam et saepe quisquam saepe aut.', '1991-11-10 17:28:52', '2005-07-05 20:08:34', 0);
INSERT INTO `photos_comments` (`id`, `from_user_id`, `photo_id`, `content`, `send_at`, `change_at`, `changed`) VALUES ('135', '8', '43', 'At delectus aut consectetur.', '2004-06-22 19:56:03', '1970-09-25 10:00:46', 0);
INSERT INTO `photos_comments` (`id`, `from_user_id`, `photo_id`, `content`, `send_at`, `change_at`, `changed`) VALUES ('136', '9', '49', 'Est dolorem esse repellat rem odio error quia.', '1980-02-16 01:18:36', '2004-09-09 02:15:36', 0);
INSERT INTO `photos_comments` (`id`, `from_user_id`, `photo_id`, `content`, `send_at`, `change_at`, `changed`) VALUES ('137', '3', '92', 'Qui eum hic fugiat sit.', '1977-07-12 22:26:34', '1975-05-03 05:23:56', 0);
INSERT INTO `photos_comments` (`id`, `from_user_id`, `photo_id`, `content`, `send_at`, `change_at`, `changed`) VALUES ('138', '3', '15', 'Sunt laborum ea quia eos quibusdam aperiam nihil.', '1992-08-07 19:17:48', '1979-03-14 08:32:41', 0);
INSERT INTO `photos_comments` (`id`, `from_user_id`, `photo_id`, `content`, `send_at`, `change_at`, `changed`) VALUES ('139', '14', '13', 'Est voluptatum aut ducimus in natus debitis.', '2003-05-13 22:24:09', '1979-05-16 01:24:01', 0);
INSERT INTO `photos_comments` (`id`, `from_user_id`, `photo_id`, `content`, `send_at`, `change_at`, `changed`) VALUES ('140', '20', '45', 'Ut nihil omnis harum repellat mollitia velit.', '1987-01-27 15:42:31', '1990-01-22 21:34:21', 0);
INSERT INTO `photos_comments` (`id`, `from_user_id`, `photo_id`, `content`, `send_at`, `change_at`, `changed`) VALUES ('141', '11', '40', 'Sit aspernatur nulla sed hic et.', '2003-05-17 11:42:08', '2014-09-29 12:09:24', 0);
INSERT INTO `photos_comments` (`id`, `from_user_id`, `photo_id`, `content`, `send_at`, `change_at`, `changed`) VALUES ('142', '18', '72', 'Nostrum molestiae eos quasi in voluptatem non.', '1991-01-08 05:31:29', '1982-11-09 20:13:57', 0);
INSERT INTO `photos_comments` (`id`, `from_user_id`, `photo_id`, `content`, `send_at`, `change_at`, `changed`) VALUES ('143', '7', '23', 'Ab aperiam provident cumque cumque fugit non.', '2019-07-20 21:00:13', '2003-01-03 20:34:19', 1);
INSERT INTO `photos_comments` (`id`, `from_user_id`, `photo_id`, `content`, `send_at`, `change_at`, `changed`) VALUES ('144', '3', '84', 'Ex atque commodi cumque nemo vel sit.', '2014-08-04 12:57:16', '1984-07-29 08:01:49', 0);
INSERT INTO `photos_comments` (`id`, `from_user_id`, `photo_id`, `content`, `send_at`, `change_at`, `changed`) VALUES ('145', '1', '44', 'Nemo voluptatem aut sed provident eveniet.', '1986-01-21 17:01:59', '1971-07-18 22:50:18', 0);
INSERT INTO `photos_comments` (`id`, `from_user_id`, `photo_id`, `content`, `send_at`, `change_at`, `changed`) VALUES ('146', '7', '16', 'Consequatur aut ut cum animi et maxime iure.', '2016-08-16 07:33:21', '2004-06-04 09:31:00', 0);
INSERT INTO `photos_comments` (`id`, `from_user_id`, `photo_id`, `content`, `send_at`, `change_at`, `changed`) VALUES ('147', '10', '34', 'Qui molestiae veritatis eligendi itaque.', '1978-08-09 20:39:40', '1979-02-26 05:22:42', 1);
INSERT INTO `photos_comments` (`id`, `from_user_id`, `photo_id`, `content`, `send_at`, `change_at`, `changed`) VALUES ('148', '2', '33', 'Id sit sequi tempora.', '2015-10-28 16:55:41', '1990-09-30 08:56:08', 0);
INSERT INTO `photos_comments` (`id`, `from_user_id`, `photo_id`, `content`, `send_at`, `change_at`, `changed`) VALUES ('149', '8', '27', 'Rerum labore aut est rerum est.', '2019-08-25 08:25:38', '1992-05-09 23:35:26', 0);
INSERT INTO `photos_comments` (`id`, `from_user_id`, `photo_id`, `content`, `send_at`, `change_at`, `changed`) VALUES ('150', '20', '78', 'Voluptatum eum occaecati nemo eius.', '2007-11-01 08:21:05', '1981-09-02 17:15:57', 0);
INSERT INTO `photos_comments` (`id`, `from_user_id`, `photo_id`, `content`, `send_at`, `change_at`, `changed`) VALUES ('151', '14', '39', 'Velit molestiae quos quia.', '1995-06-14 10:50:53', '1971-06-02 08:42:46', 0);
INSERT INTO `photos_comments` (`id`, `from_user_id`, `photo_id`, `content`, `send_at`, `change_at`, `changed`) VALUES ('152', '6', '83', 'Occaecati veritatis quod sit eum.', '1993-08-03 13:34:15', '1980-04-25 15:41:16', 0);
INSERT INTO `photos_comments` (`id`, `from_user_id`, `photo_id`, `content`, `send_at`, `change_at`, `changed`) VALUES ('153', '6', '39', 'Autem id magni tempora accusamus sit id quia hic.', '1997-03-22 05:02:54', '1975-11-14 23:24:31', 0);
INSERT INTO `photos_comments` (`id`, `from_user_id`, `photo_id`, `content`, `send_at`, `change_at`, `changed`) VALUES ('154', '20', '95', 'Minus voluptate quae eligendi.', '2020-02-22 02:55:23', '1995-11-07 13:55:22', 0);
INSERT INTO `photos_comments` (`id`, `from_user_id`, `photo_id`, `content`, `send_at`, `change_at`, `changed`) VALUES ('155', '11', '95', 'Dolor aut est aspernatur ad natus illo ipsa a.', '1974-10-29 08:32:45', '1974-12-27 10:10:12', 0);
INSERT INTO `photos_comments` (`id`, `from_user_id`, `photo_id`, `content`, `send_at`, `change_at`, `changed`) VALUES ('156', '8', '3', 'Dolor sit ipsum expedita facere adipisci quia.', '1976-09-14 05:49:20', '2001-07-25 06:44:45', 0);
INSERT INTO `photos_comments` (`id`, `from_user_id`, `photo_id`, `content`, `send_at`, `change_at`, `changed`) VALUES ('157', '7', '28', 'Tempore rem occaecati labore commodi eos iure.', '1996-01-07 16:17:13', '1985-04-25 18:30:28', 0);
INSERT INTO `photos_comments` (`id`, `from_user_id`, `photo_id`, `content`, `send_at`, `change_at`, `changed`) VALUES ('158', '15', '68', 'Ut sequi ea quo. Earum quas quia et quaerat.', '1979-04-16 19:30:15', '2005-07-19 14:53:28', 0);
INSERT INTO `photos_comments` (`id`, `from_user_id`, `photo_id`, `content`, `send_at`, `change_at`, `changed`) VALUES ('159', '11', '87', 'Nobis quia ea in perspiciatis.', '1994-11-15 22:02:21', '2013-06-18 07:38:23', 0);
INSERT INTO `photos_comments` (`id`, `from_user_id`, `photo_id`, `content`, `send_at`, `change_at`, `changed`) VALUES ('160', '11', '52', 'Est minus sit necessitatibus.', '1990-10-27 19:29:30', '1974-06-28 00:50:53', 0);
INSERT INTO `photos_comments` (`id`, `from_user_id`, `photo_id`, `content`, `send_at`, `change_at`, `changed`) VALUES ('161', '6', '85', 'In tenetur velit tempore error.', '1992-10-27 19:47:27', '1989-09-30 18:04:11', 0);
INSERT INTO `photos_comments` (`id`, `from_user_id`, `photo_id`, `content`, `send_at`, `change_at`, `changed`) VALUES ('162', '14', '77', 'Eos debitis quibusdam fugiat nemo.', '1986-07-02 04:26:09', '1972-02-05 20:18:47', 1);
INSERT INTO `photos_comments` (`id`, `from_user_id`, `photo_id`, `content`, `send_at`, `change_at`, `changed`) VALUES ('163', '4', '77', 'Et ut sunt quod et.', '1996-09-06 17:06:55', '1997-08-04 14:26:18', 1);
INSERT INTO `photos_comments` (`id`, `from_user_id`, `photo_id`, `content`, `send_at`, `change_at`, `changed`) VALUES ('164', '2', '57', 'Rerum fugiat nisi tempore esse cum totam.', '2008-06-29 05:25:27', '2018-05-03 23:15:36', 1);
INSERT INTO `photos_comments` (`id`, `from_user_id`, `photo_id`, `content`, `send_at`, `change_at`, `changed`) VALUES ('165', '1', '5', 'Ut veniam sed ullam distinctio hic.', '1991-04-08 12:53:10', '1988-09-03 19:14:24', 1);
INSERT INTO `photos_comments` (`id`, `from_user_id`, `photo_id`, `content`, `send_at`, `change_at`, `changed`) VALUES ('166', '7', '71', 'Totam voluptas id et.', '1977-06-20 07:28:03', '1971-03-14 05:27:41', 1);
INSERT INTO `photos_comments` (`id`, `from_user_id`, `photo_id`, `content`, `send_at`, `change_at`, `changed`) VALUES ('167', '9', '60', 'Ad dolor quod voluptate.', '1970-12-18 23:15:37', '1993-06-09 17:48:48', 0);
INSERT INTO `photos_comments` (`id`, `from_user_id`, `photo_id`, `content`, `send_at`, `change_at`, `changed`) VALUES ('168', '11', '72', 'Perferendis in nobis ab quam saepe et tenetur.', '2011-10-25 04:05:13', '1988-05-30 06:25:26', 0);
INSERT INTO `photos_comments` (`id`, `from_user_id`, `photo_id`, `content`, `send_at`, `change_at`, `changed`) VALUES ('169', '20', '50', 'Vel sunt voluptates ut vero laudantium.', '1986-07-13 05:35:22', '1975-03-11 07:31:54', 0);
INSERT INTO `photos_comments` (`id`, `from_user_id`, `photo_id`, `content`, `send_at`, `change_at`, `changed`) VALUES ('170', '14', '48', 'Error et quaerat autem at doloremque iste.', '2013-02-24 12:21:27', '1970-06-29 15:44:59', 0);
INSERT INTO `photos_comments` (`id`, `from_user_id`, `photo_id`, `content`, `send_at`, `change_at`, `changed`) VALUES ('171', '9', '6', 'Quia aut sunt quia qui in ullam.', '1993-04-01 05:55:07', '2007-12-06 12:35:52', 0);
INSERT INTO `photos_comments` (`id`, `from_user_id`, `photo_id`, `content`, `send_at`, `change_at`, `changed`) VALUES ('172', '11', '78', 'Voluptatibus et incidunt quos rem quas.', '2014-06-01 16:54:36', '2004-11-29 19:12:51', 0);
INSERT INTO `photos_comments` (`id`, `from_user_id`, `photo_id`, `content`, `send_at`, `change_at`, `changed`) VALUES ('173', '7', '25', 'Sint sit voluptas aperiam cumque nesciunt.', '1978-03-26 00:25:56', '1975-04-02 21:04:20', 0);
INSERT INTO `photos_comments` (`id`, `from_user_id`, `photo_id`, `content`, `send_at`, `change_at`, `changed`) VALUES ('174', '9', '83', 'Sunt neque occaecati aliquid quia recusandae.', '1973-05-05 20:36:27', '1989-11-19 02:16:03', 0);
INSERT INTO `photos_comments` (`id`, `from_user_id`, `photo_id`, `content`, `send_at`, `change_at`, `changed`) VALUES ('175', '3', '96', 'Sed facere molestiae officia eum aperiam quia.', '1990-04-28 07:40:26', '1990-03-28 09:18:12', 0);
INSERT INTO `photos_comments` (`id`, `from_user_id`, `photo_id`, `content`, `send_at`, `change_at`, `changed`) VALUES ('176', '7', '42', 'In ut id dolor omnis commodi voluptatum.', '2014-08-16 00:07:16', '1982-08-03 07:28:17', 0);
INSERT INTO `photos_comments` (`id`, `from_user_id`, `photo_id`, `content`, `send_at`, `change_at`, `changed`) VALUES ('177', '16', '1', 'Provident ipsum voluptate et ab.', '1990-11-18 04:39:12', '1971-10-28 14:26:48', 0);
INSERT INTO `photos_comments` (`id`, `from_user_id`, `photo_id`, `content`, `send_at`, `change_at`, `changed`) VALUES ('178', '4', '99', 'Dolorem accusantium non et quos voluptas.', '1971-05-04 21:28:04', '1981-07-19 11:04:23', 0);
INSERT INTO `photos_comments` (`id`, `from_user_id`, `photo_id`, `content`, `send_at`, `change_at`, `changed`) VALUES ('179', '16', '27', 'Aut asperiores hic suscipit labore.', '2013-06-15 13:05:49', '2018-09-03 10:30:07', 0);
INSERT INTO `photos_comments` (`id`, `from_user_id`, `photo_id`, `content`, `send_at`, `change_at`, `changed`) VALUES ('180', '11', '80', 'Consequatur sint et ab.', '1996-05-24 08:05:03', '1984-09-11 17:33:49', 0);
INSERT INTO `photos_comments` (`id`, `from_user_id`, `photo_id`, `content`, `send_at`, `change_at`, `changed`) VALUES ('181', '7', '89', 'Et atque consequatur a optio dolores.', '1994-07-03 14:19:36', '1983-10-13 01:56:28', 0);
INSERT INTO `photos_comments` (`id`, `from_user_id`, `photo_id`, `content`, `send_at`, `change_at`, `changed`) VALUES ('182', '10', '74', 'Aut facilis corporis quia placeat.', '1986-02-15 20:37:36', '2008-03-22 06:26:05', 0);
INSERT INTO `photos_comments` (`id`, `from_user_id`, `photo_id`, `content`, `send_at`, `change_at`, `changed`) VALUES ('183', '10', '3', 'Magnam ad nulla sapiente molestias.', '1996-10-27 22:54:04', '2018-01-31 20:28:02', 0);
INSERT INTO `photos_comments` (`id`, `from_user_id`, `photo_id`, `content`, `send_at`, `change_at`, `changed`) VALUES ('184', '10', '46', 'Qui sunt harum enim pariatur.', '2001-09-19 14:53:44', '1987-11-25 00:29:28', 0);
INSERT INTO `photos_comments` (`id`, `from_user_id`, `photo_id`, `content`, `send_at`, `change_at`, `changed`) VALUES ('185', '11', '13', 'Eum quo quo aliquid consectetur.', '2004-04-08 03:31:32', '1986-06-04 19:14:25', 0);
INSERT INTO `photos_comments` (`id`, `from_user_id`, `photo_id`, `content`, `send_at`, `change_at`, `changed`) VALUES ('186', '19', '97', 'Esse rerum ut et debitis dicta impedit occaecati.', '1984-12-09 13:30:52', '2017-01-27 00:30:17', 0);
INSERT INTO `photos_comments` (`id`, `from_user_id`, `photo_id`, `content`, `send_at`, `change_at`, `changed`) VALUES ('187', '4', '44', 'Voluptatum sunt dolor unde laboriosam.', '1994-08-21 09:51:06', '2011-04-21 10:00:28', 0);
INSERT INTO `photos_comments` (`id`, `from_user_id`, `photo_id`, `content`, `send_at`, `change_at`, `changed`) VALUES ('188', '15', '51', 'Pariatur ea sapiente omnis minus.', '2014-07-05 13:46:22', '2008-03-16 21:56:28', 0);
INSERT INTO `photos_comments` (`id`, `from_user_id`, `photo_id`, `content`, `send_at`, `change_at`, `changed`) VALUES ('189', '14', '18', 'Possimus ipsam hic minus voluptatum similique.', '2010-08-21 09:04:57', '1977-07-10 02:22:23', 0);
INSERT INTO `photos_comments` (`id`, `from_user_id`, `photo_id`, `content`, `send_at`, `change_at`, `changed`) VALUES ('190', '7', '80', 'Inventore quis voluptatem est provident.', '2006-05-24 17:09:14', '2009-01-18 06:02:56', 0);
INSERT INTO `photos_comments` (`id`, `from_user_id`, `photo_id`, `content`, `send_at`, `change_at`, `changed`) VALUES ('191', '3', '68', 'Ipsum aut soluta voluptatum at.', '1983-07-24 13:27:02', '1996-12-15 03:31:00', 0);
INSERT INTO `photos_comments` (`id`, `from_user_id`, `photo_id`, `content`, `send_at`, `change_at`, `changed`) VALUES ('192', '5', '94', 'Possimus numquam est quo porro.', '1979-06-09 06:20:17', '2017-06-28 18:04:21', 0);
INSERT INTO `photos_comments` (`id`, `from_user_id`, `photo_id`, `content`, `send_at`, `change_at`, `changed`) VALUES ('193', '14', '39', 'Quaerat atque sed molestiae voluptatibus sunt.', '1988-02-20 19:16:22', '1983-01-02 17:04:43', 0);
INSERT INTO `photos_comments` (`id`, `from_user_id`, `photo_id`, `content`, `send_at`, `change_at`, `changed`) VALUES ('194', '19', '46', 'Est nihil cumque est dolorum rerum.', '2018-03-02 08:58:22', '1982-11-11 22:27:25', 0);
INSERT INTO `photos_comments` (`id`, `from_user_id`, `photo_id`, `content`, `send_at`, `change_at`, `changed`) VALUES ('195', '14', '47', 'Voluptatum qui in et similique vel quo cumque.', '1971-03-23 01:02:00', '2012-10-24 14:56:36', 0);
INSERT INTO `photos_comments` (`id`, `from_user_id`, `photo_id`, `content`, `send_at`, `change_at`, `changed`) VALUES ('196', '5', '97', 'In eius sit quaerat provident molestiae.', '1993-04-04 20:23:04', '1976-07-20 03:51:23', 1);
INSERT INTO `photos_comments` (`id`, `from_user_id`, `photo_id`, `content`, `send_at`, `change_at`, `changed`) VALUES ('197', '8', '74', 'Magni sed rerum vel eveniet et ducimus nobis.', '1973-08-13 15:23:06', '2018-04-16 23:25:33', 0);
INSERT INTO `photos_comments` (`id`, `from_user_id`, `photo_id`, `content`, `send_at`, `change_at`, `changed`) VALUES ('198', '15', '84', 'Sunt et modi omnis id.', '2007-07-15 11:17:18', '1995-09-05 04:57:21', 0);
INSERT INTO `photos_comments` (`id`, `from_user_id`, `photo_id`, `content`, `send_at`, `change_at`, `changed`) VALUES ('199', '16', '17', 'Ducimus consectetur minima temporibus qui.', '1992-12-29 07:01:42', '2000-11-16 07:10:37', 1);
INSERT INTO `photos_comments` (`id`, `from_user_id`, `photo_id`, `content`, `send_at`, `change_at`, `changed`) VALUES ('200', '6', '28', 'Dolor voluptates et aperiam.', '1974-06-04 21:28:30', '1979-04-02 08:07:53', 0);
INSERT INTO `photos_comments` (`id`, `from_user_id`, `photo_id`, `content`, `send_at`, `change_at`, `changed`) VALUES ('201', '6', '22', 'Ducimus iste facilis voluptas.', '2003-02-13 11:39:27', '2018-05-21 12:20:49', 0);
INSERT INTO `photos_comments` (`id`, `from_user_id`, `photo_id`, `content`, `send_at`, `change_at`, `changed`) VALUES ('202', '5', '47', 'Ullam veritatis aperiam ipsam consequatur.', '1975-03-25 02:19:59', '2009-09-12 09:11:30', 0);
INSERT INTO `photos_comments` (`id`, `from_user_id`, `photo_id`, `content`, `send_at`, `change_at`, `changed`) VALUES ('203', '13', '98', 'At maiores doloribus ea.', '1974-03-03 15:19:42', '1996-08-16 04:17:46', 0);
INSERT INTO `photos_comments` (`id`, `from_user_id`, `photo_id`, `content`, `send_at`, `change_at`, `changed`) VALUES ('204', '20', '33', 'Maxime nobis deserunt deleniti et.', '1997-07-19 14:21:19', '2001-08-18 06:40:26', 0);
INSERT INTO `photos_comments` (`id`, `from_user_id`, `photo_id`, `content`, `send_at`, `change_at`, `changed`) VALUES ('205', '4', '31', 'Et eius in rem.', '1975-09-30 02:22:49', '2018-07-17 05:22:12', 0);
INSERT INTO `photos_comments` (`id`, `from_user_id`, `photo_id`, `content`, `send_at`, `change_at`, `changed`) VALUES ('206', '3', '29', 'Quas tempore sed eligendi ut.', '1992-01-21 08:04:54', '2011-09-21 09:52:45', 0);
INSERT INTO `photos_comments` (`id`, `from_user_id`, `photo_id`, `content`, `send_at`, `change_at`, `changed`) VALUES ('207', '20', '33', 'Quia unde ut nulla voluptates.', '1978-11-20 18:03:06', '2014-07-17 08:07:08', 1);
INSERT INTO `photos_comments` (`id`, `from_user_id`, `photo_id`, `content`, `send_at`, `change_at`, `changed`) VALUES ('208', '5', '67', 'Possimus cupiditate et iusto quia optio qui aut.', '1980-05-06 18:37:04', '1992-03-29 23:20:09', 1);
INSERT INTO `photos_comments` (`id`, `from_user_id`, `photo_id`, `content`, `send_at`, `change_at`, `changed`) VALUES ('209', '15', '14', 'Voluptatem vel laborum quo nostrum blanditiis.', '1977-01-12 05:44:15', '1995-05-16 17:12:44', 0);
INSERT INTO `photos_comments` (`id`, `from_user_id`, `photo_id`, `content`, `send_at`, `change_at`, `changed`) VALUES ('210', '3', '36', 'Sequi numquam culpa quis sint.', '1980-08-12 13:29:53', '1970-05-09 12:40:11', 0);
INSERT INTO `photos_comments` (`id`, `from_user_id`, `photo_id`, `content`, `send_at`, `change_at`, `changed`) VALUES ('211', '13', '36', 'Corporis quam iusto odio nemo quis.', '2003-10-16 12:59:37', '1979-04-25 00:48:16', 0);
INSERT INTO `photos_comments` (`id`, `from_user_id`, `photo_id`, `content`, `send_at`, `change_at`, `changed`) VALUES ('212', '7', '96', 'Incidunt enim odio provident sit inventore.', '1978-06-02 15:11:32', '1991-12-26 13:52:54', 0);
INSERT INTO `photos_comments` (`id`, `from_user_id`, `photo_id`, `content`, `send_at`, `change_at`, `changed`) VALUES ('213', '2', '3', 'Dolores fuga similique quod.', '2003-06-10 00:59:06', '1989-09-09 04:40:12', 0);
INSERT INTO `photos_comments` (`id`, `from_user_id`, `photo_id`, `content`, `send_at`, `change_at`, `changed`) VALUES ('214', '16', '85', 'Facere et neque iusto.', '1995-03-20 09:52:21', '1973-02-12 01:31:12', 0);
INSERT INTO `photos_comments` (`id`, `from_user_id`, `photo_id`, `content`, `send_at`, `change_at`, `changed`) VALUES ('215', '4', '8', 'Error esse unde et eos omnis et inventore.', '1990-01-14 07:27:31', '1995-12-27 16:34:59', 0);
INSERT INTO `photos_comments` (`id`, `from_user_id`, `photo_id`, `content`, `send_at`, `change_at`, `changed`) VALUES ('216', '3', '48', 'Perferendis laborum et et.', '2003-03-02 19:09:48', '1981-10-18 03:02:59', 0);
INSERT INTO `photos_comments` (`id`, `from_user_id`, `photo_id`, `content`, `send_at`, `change_at`, `changed`) VALUES ('217', '6', '37', 'Nobis excepturi et laborum ipsum quae.', '1980-02-23 22:04:10', '2007-11-03 20:21:35', 0);
INSERT INTO `photos_comments` (`id`, `from_user_id`, `photo_id`, `content`, `send_at`, `change_at`, `changed`) VALUES ('218', '19', '95', 'Libero aut eaque aliquam et.', '2005-11-26 20:50:24', '2017-06-06 13:29:36', 0);
INSERT INTO `photos_comments` (`id`, `from_user_id`, `photo_id`, `content`, `send_at`, `change_at`, `changed`) VALUES ('219', '7', '91', 'Et omnis suscipit magni eius.', '1994-03-17 13:19:05', '1986-12-16 17:37:16', 0);
INSERT INTO `photos_comments` (`id`, `from_user_id`, `photo_id`, `content`, `send_at`, `change_at`, `changed`) VALUES ('220', '6', '50', 'Doloribus quia est earum modi laudantium.', '1971-09-18 15:03:50', '2006-11-12 02:45:45', 0);
INSERT INTO `photos_comments` (`id`, `from_user_id`, `photo_id`, `content`, `send_at`, `change_at`, `changed`) VALUES ('221', '5', '40', 'Atque velit qui rerum quia in est.', '1983-03-08 17:08:20', '1970-02-01 20:47:51', 0);
INSERT INTO `photos_comments` (`id`, `from_user_id`, `photo_id`, `content`, `send_at`, `change_at`, `changed`) VALUES ('222', '16', '20', 'Non sint voluptate nihil corporis quo dolorum.', '1985-02-08 03:44:00', '1992-11-17 03:09:04', 0);
INSERT INTO `photos_comments` (`id`, `from_user_id`, `photo_id`, `content`, `send_at`, `change_at`, `changed`) VALUES ('223', '15', '100', 'Molestiae qui dolore temporibus fugiat fugiat ut.', '1999-02-04 11:44:39', '1985-06-02 11:50:26', 0);
INSERT INTO `photos_comments` (`id`, `from_user_id`, `photo_id`, `content`, `send_at`, `change_at`, `changed`) VALUES ('224', '18', '43', 'Doloremque quam velit architecto nihil.', '2005-07-21 01:44:00', '1976-04-04 08:06:52', 0);
INSERT INTO `photos_comments` (`id`, `from_user_id`, `photo_id`, `content`, `send_at`, `change_at`, `changed`) VALUES ('225', '3', '97', 'Minus consequatur at ut.', '1984-02-05 15:28:11', '1970-05-23 06:18:21', 0);
INSERT INTO `photos_comments` (`id`, `from_user_id`, `photo_id`, `content`, `send_at`, `change_at`, `changed`) VALUES ('226', '16', '75', 'Qui aspernatur qui et quis autem molestias.', '1996-12-24 08:37:07', '1979-07-02 03:01:13', 0);
INSERT INTO `photos_comments` (`id`, `from_user_id`, `photo_id`, `content`, `send_at`, `change_at`, `changed`) VALUES ('227', '7', '11', 'Eum et veritatis ipsa consequatur quis impedit.', '1997-01-26 05:54:50', '1976-09-01 07:15:02', 0);
INSERT INTO `photos_comments` (`id`, `from_user_id`, `photo_id`, `content`, `send_at`, `change_at`, `changed`) VALUES ('228', '14', '41', 'Sequi pariatur repellat sed dolore autem.', '1991-12-04 21:06:47', '1992-07-16 04:09:10', 0);
INSERT INTO `photos_comments` (`id`, `from_user_id`, `photo_id`, `content`, `send_at`, `change_at`, `changed`) VALUES ('229', '3', '50', 'Fuga cupiditate soluta aliquam eius.', '1970-08-07 17:44:53', '1979-03-02 17:13:21', 0);
INSERT INTO `photos_comments` (`id`, `from_user_id`, `photo_id`, `content`, `send_at`, `change_at`, `changed`) VALUES ('230', '6', '33', 'Occaecati porro nobis et qui in ratione dolores.', '1994-10-23 15:53:57', '2001-01-06 23:25:45', 0);
INSERT INTO `photos_comments` (`id`, `from_user_id`, `photo_id`, `content`, `send_at`, `change_at`, `changed`) VALUES ('231', '12', '38', 'Cum modi doloremque temporibus.', '1983-08-31 01:08:56', '2014-11-12 20:43:29', 0);
INSERT INTO `photos_comments` (`id`, `from_user_id`, `photo_id`, `content`, `send_at`, `change_at`, `changed`) VALUES ('232', '17', '87', 'Itaque voluptatem qui sed architecto deserunt.', '1979-09-10 17:47:05', '1999-03-28 21:50:51', 0);
INSERT INTO `photos_comments` (`id`, `from_user_id`, `photo_id`, `content`, `send_at`, `change_at`, `changed`) VALUES ('233', '15', '75', 'Quo reiciendis deserunt harum quisquam.', '2010-03-11 00:09:32', '1979-03-28 13:15:35', 0);
INSERT INTO `photos_comments` (`id`, `from_user_id`, `photo_id`, `content`, `send_at`, `change_at`, `changed`) VALUES ('234', '17', '9', 'Dolore blanditiis velit explicabo voluptatum.', '2003-10-07 23:25:11', '1997-11-25 06:59:47', 0);
INSERT INTO `photos_comments` (`id`, `from_user_id`, `photo_id`, `content`, `send_at`, `change_at`, `changed`) VALUES ('235', '14', '9', 'Dignissimos labore asperiores ad error.', '2007-12-04 06:12:50', '1970-11-30 14:22:26', 0);
INSERT INTO `photos_comments` (`id`, `from_user_id`, `photo_id`, `content`, `send_at`, `change_at`, `changed`) VALUES ('236', '12', '87', 'Sit repellendus error quod libero.', '2008-01-16 00:36:01', '2002-01-06 08:55:26', 0);
INSERT INTO `photos_comments` (`id`, `from_user_id`, `photo_id`, `content`, `send_at`, `change_at`, `changed`) VALUES ('237', '10', '36', 'Doloribus alias ut et est.', '1978-05-23 05:13:08', '2019-05-04 10:22:23', 1);
INSERT INTO `photos_comments` (`id`, `from_user_id`, `photo_id`, `content`, `send_at`, `change_at`, `changed`) VALUES ('238', '2', '20', 'Id voluptates expedita quis quis voluptatem.', '1994-03-22 06:47:01', '1981-08-12 00:38:46', 1);
INSERT INTO `photos_comments` (`id`, `from_user_id`, `photo_id`, `content`, `send_at`, `change_at`, `changed`) VALUES ('239', '8', '91', 'Libero occaecati repellat ratione qui.', '1972-11-27 20:26:42', '1981-02-17 20:42:41', 0);
INSERT INTO `photos_comments` (`id`, `from_user_id`, `photo_id`, `content`, `send_at`, `change_at`, `changed`) VALUES ('240', '13', '50', 'Est quia incidunt culpa qui explicabo voluptatem.', '1970-06-14 13:51:57', '1989-06-23 15:27:26', 0);
INSERT INTO `photos_comments` (`id`, `from_user_id`, `photo_id`, `content`, `send_at`, `change_at`, `changed`) VALUES ('241', '18', '41', 'Beatae eius deserunt minus.', '1996-05-23 07:08:51', '1999-08-13 17:29:22', 0);
INSERT INTO `photos_comments` (`id`, `from_user_id`, `photo_id`, `content`, `send_at`, `change_at`, `changed`) VALUES ('242', '5', '19', 'Vero ut natus deserunt porro.', '1986-05-20 23:38:41', '2019-03-08 20:00:52', 0);
INSERT INTO `photos_comments` (`id`, `from_user_id`, `photo_id`, `content`, `send_at`, `change_at`, `changed`) VALUES ('243', '11', '94', 'Velit ex et beatae aut.', '1976-02-18 07:14:27', '1989-11-22 21:07:41', 0);
INSERT INTO `photos_comments` (`id`, `from_user_id`, `photo_id`, `content`, `send_at`, `change_at`, `changed`) VALUES ('244', '12', '65', 'Rem culpa suscipit omnis suscipit nihil quidem.', '2008-10-29 06:46:41', '1984-08-29 13:31:05', 0);
INSERT INTO `photos_comments` (`id`, `from_user_id`, `photo_id`, `content`, `send_at`, `change_at`, `changed`) VALUES ('245', '9', '85', 'Aspernatur omnis rerum quidem cupiditate.', '1975-01-05 07:44:19', '1974-12-03 15:11:27', 0);
INSERT INTO `photos_comments` (`id`, `from_user_id`, `photo_id`, `content`, `send_at`, `change_at`, `changed`) VALUES ('246', '20', '100', 'Quia voluptatum similique non.', '1994-08-21 08:10:26', '2002-03-09 19:06:25', 0);
INSERT INTO `photos_comments` (`id`, `from_user_id`, `photo_id`, `content`, `send_at`, `change_at`, `changed`) VALUES ('247', '5', '78', 'Autem dolor accusamus est dolorem atque.', '1997-05-27 11:24:40', '2004-02-19 01:33:46', 1);
INSERT INTO `photos_comments` (`id`, `from_user_id`, `photo_id`, `content`, `send_at`, `change_at`, `changed`) VALUES ('248', '18', '98', 'Consequuntur et ullam odio labore ipsam.', '2001-03-05 07:56:38', '1989-09-07 17:38:17', 0);
INSERT INTO `photos_comments` (`id`, `from_user_id`, `photo_id`, `content`, `send_at`, `change_at`, `changed`) VALUES ('249', '11', '68', 'Qui ut molestias sed at.', '1976-08-23 00:59:10', '1992-04-29 05:10:41', 0);
INSERT INTO `photos_comments` (`id`, `from_user_id`, `photo_id`, `content`, `send_at`, `change_at`, `changed`) VALUES ('250', '2', '17', 'Laborum possimus enim ut ut sed et.', '1979-08-24 18:49:09', '2014-04-09 15:39:06', 0);
INSERT INTO `photos_comments` (`id`, `from_user_id`, `photo_id`, `content`, `send_at`, `change_at`, `changed`) VALUES ('251', '16', '64', 'Accusamus et rerum molestiae est omnis autem.', '1984-11-06 18:54:24', '1996-12-08 09:36:31', 0);
INSERT INTO `photos_comments` (`id`, `from_user_id`, `photo_id`, `content`, `send_at`, `change_at`, `changed`) VALUES ('252', '1', '24', 'Recusandae amet optio est perspiciatis sed.', '2020-03-07 04:21:05', '1979-03-31 18:13:45', 0);
INSERT INTO `photos_comments` (`id`, `from_user_id`, `photo_id`, `content`, `send_at`, `change_at`, `changed`) VALUES ('253', '20', '9', 'At nulla qui placeat ut et unde laborum.', '1997-08-29 03:05:05', '1985-10-23 07:55:15', 1);
INSERT INTO `photos_comments` (`id`, `from_user_id`, `photo_id`, `content`, `send_at`, `change_at`, `changed`) VALUES ('254', '9', '35', 'Ex et sit tenetur necessitatibus vero est.', '2018-02-05 02:28:14', '1988-02-29 20:46:07', 0);
INSERT INTO `photos_comments` (`id`, `from_user_id`, `photo_id`, `content`, `send_at`, `change_at`, `changed`) VALUES ('255', '20', '6', 'Et dolor necessitatibus in velit iure eos.', '2014-12-14 20:32:26', '2001-05-01 05:30:56', 0);
INSERT INTO `photos_comments` (`id`, `from_user_id`, `photo_id`, `content`, `send_at`, `change_at`, `changed`) VALUES ('256', '17', '86', 'Dolores delectus numquam laudantium tempore aut.', '2004-04-24 01:18:33', '1991-09-15 13:58:36', 0);
INSERT INTO `photos_comments` (`id`, `from_user_id`, `photo_id`, `content`, `send_at`, `change_at`, `changed`) VALUES ('257', '10', '7', 'Sit ipsum dolor facere atque aut ipsum voluptas.', '2009-11-29 00:39:55', '1990-05-26 05:18:33', 0);
INSERT INTO `photos_comments` (`id`, `from_user_id`, `photo_id`, `content`, `send_at`, `change_at`, `changed`) VALUES ('258', '1', '97', 'Itaque est quia enim eius deserunt ut dolor.', '1975-06-27 01:51:10', '2019-09-19 23:11:40', 0);
INSERT INTO `photos_comments` (`id`, `from_user_id`, `photo_id`, `content`, `send_at`, `change_at`, `changed`) VALUES ('259', '20', '65', 'Et et quia non eos ex qui officia.', '2009-01-12 16:47:12', '2000-06-11 09:30:46', 0);
INSERT INTO `photos_comments` (`id`, `from_user_id`, `photo_id`, `content`, `send_at`, `change_at`, `changed`) VALUES ('260', '13', '42', 'Modi culpa minima a a.', '1992-12-17 07:20:38', '1986-09-22 20:27:29', 0);
INSERT INTO `photos_comments` (`id`, `from_user_id`, `photo_id`, `content`, `send_at`, `change_at`, `changed`) VALUES ('261', '10', '59', 'Omnis et a hic et dolores tenetur.', '1974-12-19 16:39:03', '1982-05-22 18:09:58', 1);
INSERT INTO `photos_comments` (`id`, `from_user_id`, `photo_id`, `content`, `send_at`, `change_at`, `changed`) VALUES ('262', '9', '72', 'Veritatis eaque quidem sapiente magni magnam ut.', '2020-06-02 08:47:52', '1994-11-15 03:52:31', 0);
INSERT INTO `photos_comments` (`id`, `from_user_id`, `photo_id`, `content`, `send_at`, `change_at`, `changed`) VALUES ('263', '8', '28', 'Sint architecto veniam corrupti asperiores.', '2000-01-29 05:07:11', '1973-04-03 08:59:00', 0);
INSERT INTO `photos_comments` (`id`, `from_user_id`, `photo_id`, `content`, `send_at`, `change_at`, `changed`) VALUES ('264', '14', '88', 'Et et et ut non impedit ut.', '2003-06-23 03:05:50', '2017-04-12 02:14:16', 0);
INSERT INTO `photos_comments` (`id`, `from_user_id`, `photo_id`, `content`, `send_at`, `change_at`, `changed`) VALUES ('265', '19', '75', 'Error sed ipsam ut similique.', '2002-11-11 19:28:49', '2017-08-24 20:51:48', 0);
INSERT INTO `photos_comments` (`id`, `from_user_id`, `photo_id`, `content`, `send_at`, `change_at`, `changed`) VALUES ('266', '1', '71', 'Quo sit accusantium omnis nihil non.', '2020-03-08 02:22:09', '1999-06-05 14:52:24', 0);
INSERT INTO `photos_comments` (`id`, `from_user_id`, `photo_id`, `content`, `send_at`, `change_at`, `changed`) VALUES ('267', '8', '8', 'Eum sunt ducimus ab pariatur culpa dolor quam.', '2015-06-27 00:35:44', '1981-09-19 20:30:16', 0);
INSERT INTO `photos_comments` (`id`, `from_user_id`, `photo_id`, `content`, `send_at`, `change_at`, `changed`) VALUES ('268', '19', '37', 'Ut sit est velit totam omnis porro et.', '2013-04-01 03:20:09', '1982-11-29 08:40:31', 1);
INSERT INTO `photos_comments` (`id`, `from_user_id`, `photo_id`, `content`, `send_at`, `change_at`, `changed`) VALUES ('269', '4', '37', 'Aut et eos quis vel.', '2009-11-08 12:16:02', '1994-06-20 10:35:17', 0);
INSERT INTO `photos_comments` (`id`, `from_user_id`, `photo_id`, `content`, `send_at`, `change_at`, `changed`) VALUES ('270', '15', '15', 'Sint necessitatibus voluptates in.', '2019-08-15 14:27:57', '1987-03-26 06:40:24', 0);
INSERT INTO `photos_comments` (`id`, `from_user_id`, `photo_id`, `content`, `send_at`, `change_at`, `changed`) VALUES ('271', '9', '54', 'Possimus et culpa vel deserunt est.', '1986-02-10 15:57:46', '1985-07-12 15:26:52', 0);
INSERT INTO `photos_comments` (`id`, `from_user_id`, `photo_id`, `content`, `send_at`, `change_at`, `changed`) VALUES ('272', '1', '89', 'Ex incidunt dolorum voluptates.', '2005-05-01 18:30:29', '1973-03-28 08:45:52', 0);
INSERT INTO `photos_comments` (`id`, `from_user_id`, `photo_id`, `content`, `send_at`, `change_at`, `changed`) VALUES ('273', '12', '6', 'Quia qui inventore mollitia et inventore.', '2007-06-10 09:58:45', '2000-08-17 03:52:17', 0);
INSERT INTO `photos_comments` (`id`, `from_user_id`, `photo_id`, `content`, `send_at`, `change_at`, `changed`) VALUES ('274', '18', '60', 'Consequatur non velit rerum fugiat nam.', '2013-07-20 03:09:04', '1984-04-11 13:42:16', 0);
INSERT INTO `photos_comments` (`id`, `from_user_id`, `photo_id`, `content`, `send_at`, `change_at`, `changed`) VALUES ('275', '14', '47', 'Et optio ab et modi cumque.', '1995-06-24 10:37:27', '2011-06-18 14:56:15', 0);
INSERT INTO `photos_comments` (`id`, `from_user_id`, `photo_id`, `content`, `send_at`, `change_at`, `changed`) VALUES ('276', '1', '19', 'Non qui maxime est dolorem non debitis debitis.', '1974-03-15 08:20:26', '1982-05-17 07:35:41', 0);
INSERT INTO `photos_comments` (`id`, `from_user_id`, `photo_id`, `content`, `send_at`, `change_at`, `changed`) VALUES ('277', '1', '42', 'Atque ipsum natus sed similique.', '1996-08-10 00:22:23', '1998-04-12 04:02:10', 0);
INSERT INTO `photos_comments` (`id`, `from_user_id`, `photo_id`, `content`, `send_at`, `change_at`, `changed`) VALUES ('278', '19', '41', 'Officiis quae placeat ea illo neque quod ut.', '2009-12-28 20:45:07', '2020-08-10 12:44:38', 0);
INSERT INTO `photos_comments` (`id`, `from_user_id`, `photo_id`, `content`, `send_at`, `change_at`, `changed`) VALUES ('279', '14', '60', 'Ut est laudantium enim ut sunt dolorem.', '1982-12-16 08:27:39', '1970-06-10 12:19:26', 0);
INSERT INTO `photos_comments` (`id`, `from_user_id`, `photo_id`, `content`, `send_at`, `change_at`, `changed`) VALUES ('280', '6', '64', 'Eum fugit ipsa sint rerum eaque tempore unde.', '1975-11-05 18:56:12', '1982-11-14 21:23:29', 0);
INSERT INTO `photos_comments` (`id`, `from_user_id`, `photo_id`, `content`, `send_at`, `change_at`, `changed`) VALUES ('281', '7', '33', 'Nostrum illum qui quod dignissimos beatae dicta.', '2002-08-21 04:58:41', '1994-01-07 00:35:20', 1);
INSERT INTO `photos_comments` (`id`, `from_user_id`, `photo_id`, `content`, `send_at`, `change_at`, `changed`) VALUES ('282', '7', '72', 'Molestias sunt facere quod.', '2011-02-11 00:52:21', '1972-03-06 20:56:56', 0);
INSERT INTO `photos_comments` (`id`, `from_user_id`, `photo_id`, `content`, `send_at`, `change_at`, `changed`) VALUES ('283', '8', '27', 'Accusantium non sint et sint est.', '2004-03-28 18:47:55', '1974-06-02 21:58:24', 0);
INSERT INTO `photos_comments` (`id`, `from_user_id`, `photo_id`, `content`, `send_at`, `change_at`, `changed`) VALUES ('284', '2', '56', 'Consequuntur animi voluptas vitae.', '1977-01-02 13:25:25', '1986-06-05 19:51:25', 0);
INSERT INTO `photos_comments` (`id`, `from_user_id`, `photo_id`, `content`, `send_at`, `change_at`, `changed`) VALUES ('285', '13', '79', 'Ut dolore facilis ullam eius tenetur natus error.', '1983-06-23 11:00:38', '2002-12-20 04:11:01', 0);
INSERT INTO `photos_comments` (`id`, `from_user_id`, `photo_id`, `content`, `send_at`, `change_at`, `changed`) VALUES ('286', '15', '7', 'Quasi vero voluptatibus nihil id quas error.', '2005-11-15 01:12:44', '1970-10-18 15:11:19', 0);
INSERT INTO `photos_comments` (`id`, `from_user_id`, `photo_id`, `content`, `send_at`, `change_at`, `changed`) VALUES ('287', '7', '72', 'Sed enim minus voluptas similique hic nemo id.', '2001-06-17 07:39:17', '1983-05-19 01:13:54', 0);
INSERT INTO `photos_comments` (`id`, `from_user_id`, `photo_id`, `content`, `send_at`, `change_at`, `changed`) VALUES ('288', '19', '93', 'Dolores odit expedita ut tenetur.', '2017-05-13 20:32:21', '2005-09-02 11:51:47', 1);
INSERT INTO `photos_comments` (`id`, `from_user_id`, `photo_id`, `content`, `send_at`, `change_at`, `changed`) VALUES ('289', '16', '80', 'Soluta earum incidunt et aut iste aperiam.', '2011-08-23 09:10:15', '2010-10-17 05:35:21', 0);
INSERT INTO `photos_comments` (`id`, `from_user_id`, `photo_id`, `content`, `send_at`, `change_at`, `changed`) VALUES ('290', '11', '47', 'Quam sapiente in tempora.', '1984-06-30 11:21:45', '1991-10-06 09:37:22', 0);
INSERT INTO `photos_comments` (`id`, `from_user_id`, `photo_id`, `content`, `send_at`, `change_at`, `changed`) VALUES ('291', '6', '53', 'Esse accusamus rerum et qui eligendi laborum.', '2011-02-23 11:20:56', '1980-01-08 02:48:42', 0);
INSERT INTO `photos_comments` (`id`, `from_user_id`, `photo_id`, `content`, `send_at`, `change_at`, `changed`) VALUES ('292', '14', '31', 'Placeat eveniet debitis porro quasi.', '1970-04-13 04:09:56', '1986-11-11 21:17:07', 0);
INSERT INTO `photos_comments` (`id`, `from_user_id`, `photo_id`, `content`, `send_at`, `change_at`, `changed`) VALUES ('293', '19', '56', 'Ratione quia est qui dolore.', '1998-03-27 07:00:41', '2008-07-05 05:41:13', 0);
INSERT INTO `photos_comments` (`id`, `from_user_id`, `photo_id`, `content`, `send_at`, `change_at`, `changed`) VALUES ('294', '15', '63', 'Laudantium est sit et officia est.', '1986-07-24 18:40:18', '2014-07-11 11:52:52', 1);
INSERT INTO `photos_comments` (`id`, `from_user_id`, `photo_id`, `content`, `send_at`, `change_at`, `changed`) VALUES ('295', '4', '100', 'Minus qui et reiciendis illo accusamus.', '1984-07-06 06:05:58', '2017-12-22 16:33:54', 0);
INSERT INTO `photos_comments` (`id`, `from_user_id`, `photo_id`, `content`, `send_at`, `change_at`, `changed`) VALUES ('296', '6', '50', 'Aut eum sapiente possimus vel.', '2020-01-01 06:28:49', '2007-11-19 09:02:34', 0);
INSERT INTO `photos_comments` (`id`, `from_user_id`, `photo_id`, `content`, `send_at`, `change_at`, `changed`) VALUES ('297', '7', '60', 'In aut provident repudiandae vero saepe.', '2014-07-05 04:33:11', '2005-06-27 08:27:42', 1);
INSERT INTO `photos_comments` (`id`, `from_user_id`, `photo_id`, `content`, `send_at`, `change_at`, `changed`) VALUES ('298', '5', '72', 'Ad itaque illum omnis qui.', '1988-06-07 08:46:26', '1970-12-18 03:55:01', 0);
INSERT INTO `photos_comments` (`id`, `from_user_id`, `photo_id`, `content`, `send_at`, `change_at`, `changed`) VALUES ('299', '18', '29', 'Et rerum ut sequi tenetur quis quod.', '2010-10-30 16:53:16', '1981-06-11 15:22:33', 0);
INSERT INTO `photos_comments` (`id`, `from_user_id`, `photo_id`, `content`, `send_at`, `change_at`, `changed`) VALUES ('300', '6', '50', 'Velit facilis magni ea dolorum.', '1979-02-24 19:30:02', '1984-03-07 19:09:19', 0);
INSERT INTO `photos_comments` (`id`, `from_user_id`, `photo_id`, `content`, `send_at`, `change_at`, `changed`) VALUES ('301', '2', '98', 'Commodi culpa possimus alias.', '2015-11-09 01:10:41', '1983-09-14 04:07:18', 1);
INSERT INTO `photos_comments` (`id`, `from_user_id`, `photo_id`, `content`, `send_at`, `change_at`, `changed`) VALUES ('302', '12', '41', 'Velit libero voluptatem aut ad ut impedit qui.', '2004-11-25 15:01:21', '1973-12-03 17:28:55', 0);
INSERT INTO `photos_comments` (`id`, `from_user_id`, `photo_id`, `content`, `send_at`, `change_at`, `changed`) VALUES ('303', '14', '51', 'Voluptatem eaque quam fugiat incidunt.', '1979-01-28 01:50:09', '2009-10-01 08:02:50', 1);
INSERT INTO `photos_comments` (`id`, `from_user_id`, `photo_id`, `content`, `send_at`, `change_at`, `changed`) VALUES ('304', '7', '46', 'Optio quos ducimus dignissimos sed.', '2015-07-14 12:29:43', '2019-08-06 12:28:10', 0);
INSERT INTO `photos_comments` (`id`, `from_user_id`, `photo_id`, `content`, `send_at`, `change_at`, `changed`) VALUES ('305', '6', '85', 'Ut corrupti tempore omnis.', '1993-09-24 08:37:59', '1973-10-01 07:29:52', 0);
INSERT INTO `photos_comments` (`id`, `from_user_id`, `photo_id`, `content`, `send_at`, `change_at`, `changed`) VALUES ('306', '19', '56', 'Ipsam pariatur numquam voluptatem.', '1988-01-07 23:31:10', '1986-08-22 16:56:52', 0);
INSERT INTO `photos_comments` (`id`, `from_user_id`, `photo_id`, `content`, `send_at`, `change_at`, `changed`) VALUES ('307', '8', '58', 'Voluptatibus similique rerum aut officiis.', '2018-06-25 01:46:16', '1980-10-02 06:05:59', 0);
INSERT INTO `photos_comments` (`id`, `from_user_id`, `photo_id`, `content`, `send_at`, `change_at`, `changed`) VALUES ('308', '18', '31', 'Praesentium ratione inventore numquam et.', '1976-09-29 00:04:45', '2015-05-03 15:17:48', 0);
INSERT INTO `photos_comments` (`id`, `from_user_id`, `photo_id`, `content`, `send_at`, `change_at`, `changed`) VALUES ('309', '3', '57', 'Inventore totam itaque enim accusantium.', '1984-09-25 05:01:40', '2004-11-10 00:29:28', 0);
INSERT INTO `photos_comments` (`id`, `from_user_id`, `photo_id`, `content`, `send_at`, `change_at`, `changed`) VALUES ('310', '19', '29', 'Sunt et id eum incidunt odit.', '1976-04-18 20:05:38', '1990-05-14 14:58:58', 0);
INSERT INTO `photos_comments` (`id`, `from_user_id`, `photo_id`, `content`, `send_at`, `change_at`, `changed`) VALUES ('311', '12', '20', 'Cumque aut at sit libero aut ducimus.', '1980-06-20 02:37:52', '1983-04-30 11:14:10', 0);
INSERT INTO `photos_comments` (`id`, `from_user_id`, `photo_id`, `content`, `send_at`, `change_at`, `changed`) VALUES ('312', '16', '88', 'Aut iste aut laborum sed.', '1995-06-14 06:49:10', '1988-01-25 06:06:19', 0);
INSERT INTO `photos_comments` (`id`, `from_user_id`, `photo_id`, `content`, `send_at`, `change_at`, `changed`) VALUES ('313', '16', '99', 'Vel aut est modi aut sapiente perspiciatis.', '2020-01-11 07:59:38', '1989-05-24 16:24:48', 0);
INSERT INTO `photos_comments` (`id`, `from_user_id`, `photo_id`, `content`, `send_at`, `change_at`, `changed`) VALUES ('314', '12', '66', 'Qui sit veniam doloremque rem ut laudantium.', '1982-05-30 18:52:22', '1978-04-28 13:20:29', 0);
INSERT INTO `photos_comments` (`id`, `from_user_id`, `photo_id`, `content`, `send_at`, `change_at`, `changed`) VALUES ('315', '6', '86', 'Eligendi nisi ut deserunt nisi et aliquam.', '2002-07-16 17:53:51', '2017-01-24 21:52:00', 0);
INSERT INTO `photos_comments` (`id`, `from_user_id`, `photo_id`, `content`, `send_at`, `change_at`, `changed`) VALUES ('316', '4', '35', 'Voluptas aliquam cupiditate neque blanditiis aut.', '1990-04-08 11:01:20', '2019-06-22 11:43:16', 0);
INSERT INTO `photos_comments` (`id`, `from_user_id`, `photo_id`, `content`, `send_at`, `change_at`, `changed`) VALUES ('317', '17', '72', 'Et nobis amet id sunt libero.', '2019-09-27 16:17:05', '2019-09-02 23:03:58', 0);
INSERT INTO `photos_comments` (`id`, `from_user_id`, `photo_id`, `content`, `send_at`, `change_at`, `changed`) VALUES ('318', '16', '53', 'Quo laboriosam qui est nihil.', '2009-05-01 23:43:55', '2007-07-13 05:30:56', 0);
INSERT INTO `photos_comments` (`id`, `from_user_id`, `photo_id`, `content`, `send_at`, `change_at`, `changed`) VALUES ('319', '5', '8', 'Rerum rerum consequatur tenetur.', '2018-07-12 04:18:13', '2008-10-30 20:16:12', 0);
INSERT INTO `photos_comments` (`id`, `from_user_id`, `photo_id`, `content`, `send_at`, `change_at`, `changed`) VALUES ('320', '20', '52', 'Molestiae ut velit non quos et hic.', '2002-11-11 12:53:23', '1985-11-24 00:18:25', 1);
INSERT INTO `photos_comments` (`id`, `from_user_id`, `photo_id`, `content`, `send_at`, `change_at`, `changed`) VALUES ('321', '19', '91', 'Et nemo sit minus quod qui.', '1981-11-12 15:56:59', '1981-05-14 15:23:00', 1);
INSERT INTO `photos_comments` (`id`, `from_user_id`, `photo_id`, `content`, `send_at`, `change_at`, `changed`) VALUES ('322', '2', '29', 'Est ab non numquam.', '1970-01-17 17:40:11', '1992-11-23 13:03:04', 1);
INSERT INTO `photos_comments` (`id`, `from_user_id`, `photo_id`, `content`, `send_at`, `change_at`, `changed`) VALUES ('323', '10', '93', 'Veritatis et sint facilis.', '1979-06-21 19:33:43', '2008-07-31 05:30:06', 0);
INSERT INTO `photos_comments` (`id`, `from_user_id`, `photo_id`, `content`, `send_at`, `change_at`, `changed`) VALUES ('324', '12', '62', 'Est saepe hic quod saepe ea corporis.', '1979-03-29 12:25:57', '1995-12-31 06:19:10', 1);
INSERT INTO `photos_comments` (`id`, `from_user_id`, `photo_id`, `content`, `send_at`, `change_at`, `changed`) VALUES ('325', '10', '53', 'Odit ut earum nam laborum suscipit nostrum et.', '1976-09-19 00:01:13', '1982-01-31 16:11:12', 0);
INSERT INTO `photos_comments` (`id`, `from_user_id`, `photo_id`, `content`, `send_at`, `change_at`, `changed`) VALUES ('326', '18', '5', 'Provident sed architecto itaque incidunt eaque.', '2016-05-04 11:57:24', '2007-08-03 17:42:28', 0);
INSERT INTO `photos_comments` (`id`, `from_user_id`, `photo_id`, `content`, `send_at`, `change_at`, `changed`) VALUES ('327', '15', '68', 'Vitae provident quia totam est beatae.', '1998-06-28 20:33:26', '2010-02-20 21:33:20', 0);
INSERT INTO `photos_comments` (`id`, `from_user_id`, `photo_id`, `content`, `send_at`, `change_at`, `changed`) VALUES ('328', '19', '52', 'Nesciunt nihil mollitia illum eum necessitatibus.', '1974-05-06 23:47:42', '2018-07-11 12:05:13', 0);
INSERT INTO `photos_comments` (`id`, `from_user_id`, `photo_id`, `content`, `send_at`, `change_at`, `changed`) VALUES ('329', '14', '51', 'Nihil et quas voluptatum blanditiis et.', '2019-10-24 13:57:54', '2006-04-18 17:30:29', 0);
INSERT INTO `photos_comments` (`id`, `from_user_id`, `photo_id`, `content`, `send_at`, `change_at`, `changed`) VALUES ('330', '4', '93', 'Molestiae vel saepe quaerat excepturi.', '1990-09-17 21:59:48', '1985-06-24 03:29:42', 0);
INSERT INTO `photos_comments` (`id`, `from_user_id`, `photo_id`, `content`, `send_at`, `change_at`, `changed`) VALUES ('331', '8', '32', 'Cumque praesentium quam neque.', '1972-05-28 05:44:39', '1993-05-13 10:07:12', 1);
INSERT INTO `photos_comments` (`id`, `from_user_id`, `photo_id`, `content`, `send_at`, `change_at`, `changed`) VALUES ('332', '6', '19', 'Porro aut in occaecati magni.', '2018-12-21 17:35:42', '1994-09-08 14:47:24', 1);
INSERT INTO `photos_comments` (`id`, `from_user_id`, `photo_id`, `content`, `send_at`, `change_at`, `changed`) VALUES ('333', '1', '3', 'Nisi dolores autem quae qui aut.', '1997-07-02 05:06:46', '2000-05-24 16:34:27', 0);
INSERT INTO `photos_comments` (`id`, `from_user_id`, `photo_id`, `content`, `send_at`, `change_at`, `changed`) VALUES ('334', '15', '25', 'Ut quaerat et sint ea placeat quia.', '2007-07-14 23:40:17', '2006-09-13 00:40:19', 1);
INSERT INTO `photos_comments` (`id`, `from_user_id`, `photo_id`, `content`, `send_at`, `change_at`, `changed`) VALUES ('335', '3', '69', 'Cum alias eius ratione minima fuga.', '2008-09-18 15:25:43', '1988-08-16 10:54:23', 0);
INSERT INTO `photos_comments` (`id`, `from_user_id`, `photo_id`, `content`, `send_at`, `change_at`, `changed`) VALUES ('336', '16', '3', 'Qui ea aspernatur aut sed.', '1994-06-09 22:16:10', '1993-07-27 11:58:39', 0);
INSERT INTO `photos_comments` (`id`, `from_user_id`, `photo_id`, `content`, `send_at`, `change_at`, `changed`) VALUES ('337', '12', '82', 'Sed quaerat vel suscipit dolorem.', '1985-05-28 03:07:49', '2015-11-11 15:18:19', 1);
INSERT INTO `photos_comments` (`id`, `from_user_id`, `photo_id`, `content`, `send_at`, `change_at`, `changed`) VALUES ('338', '7', '7', 'Aut consectetur consectetur est odio quod.', '1984-03-10 00:30:50', '1981-06-03 14:10:18', 0);
INSERT INTO `photos_comments` (`id`, `from_user_id`, `photo_id`, `content`, `send_at`, `change_at`, `changed`) VALUES ('339', '15', '90', 'Dolores nihil nihil est quia.', '2000-05-01 18:35:18', '2004-02-19 09:42:52', 1);
INSERT INTO `photos_comments` (`id`, `from_user_id`, `photo_id`, `content`, `send_at`, `change_at`, `changed`) VALUES ('340', '14', '24', 'Officiis adipisci ea libero et et.', '1989-01-04 14:18:38', '2007-10-25 23:01:32', 0);
INSERT INTO `photos_comments` (`id`, `from_user_id`, `photo_id`, `content`, `send_at`, `change_at`, `changed`) VALUES ('341', '9', '58', 'Nihil dolor molestias velit eveniet.', '2010-10-29 04:39:21', '1973-11-26 23:04:20', 0);
INSERT INTO `photos_comments` (`id`, `from_user_id`, `photo_id`, `content`, `send_at`, `change_at`, `changed`) VALUES ('342', '6', '15', 'Vel molestiae in et laudantium.', '2010-08-08 06:29:57', '2014-06-21 09:22:01', 0);
INSERT INTO `photos_comments` (`id`, `from_user_id`, `photo_id`, `content`, `send_at`, `change_at`, `changed`) VALUES ('343', '5', '20', 'Est dolores tenetur inventore repudiandae.', '2010-06-16 06:56:12', '2003-03-02 22:35:54', 0);
INSERT INTO `photos_comments` (`id`, `from_user_id`, `photo_id`, `content`, `send_at`, `change_at`, `changed`) VALUES ('344', '14', '91', 'Aut vitae hic adipisci vel et minima.', '2012-02-22 03:11:13', '1977-12-11 18:29:43', 0);
INSERT INTO `photos_comments` (`id`, `from_user_id`, `photo_id`, `content`, `send_at`, `change_at`, `changed`) VALUES ('345', '14', '82', 'Adipisci et eum odio. Omnis et et quasi a magnam.', '1984-02-14 20:02:15', '2020-08-07 13:13:49', 0);
INSERT INTO `photos_comments` (`id`, `from_user_id`, `photo_id`, `content`, `send_at`, `change_at`, `changed`) VALUES ('346', '17', '6', 'Magni rerum voluptatibus explicabo qui iste.', '2005-07-21 00:44:37', '2003-09-06 19:44:46', 0);
INSERT INTO `photos_comments` (`id`, `from_user_id`, `photo_id`, `content`, `send_at`, `change_at`, `changed`) VALUES ('347', '3', '11', 'Voluptas velit reprehenderit non voluptatem.', '1997-02-26 10:58:38', '1980-08-15 15:18:54', 0);
INSERT INTO `photos_comments` (`id`, `from_user_id`, `photo_id`, `content`, `send_at`, `change_at`, `changed`) VALUES ('348', '5', '16', 'Veniam expedita similique aut.', '2006-10-29 04:01:47', '2006-04-02 20:16:45', 1);
INSERT INTO `photos_comments` (`id`, `from_user_id`, `photo_id`, `content`, `send_at`, `change_at`, `changed`) VALUES ('349', '3', '96', 'Occaecati numquam commodi dolores tenetur.', '1983-04-18 03:48:29', '1983-01-01 19:00:35', 0);
INSERT INTO `photos_comments` (`id`, `from_user_id`, `photo_id`, `content`, `send_at`, `change_at`, `changed`) VALUES ('350', '8', '24', 'Quia ex architecto fuga autem.', '1980-10-27 09:42:37', '1986-08-06 22:11:00', 0);
INSERT INTO `photos_comments` (`id`, `from_user_id`, `photo_id`, `content`, `send_at`, `change_at`, `changed`) VALUES ('351', '13', '16', 'Eius est doloremque non ipsa commodi.', '1992-06-22 02:14:59', '1977-06-25 08:57:25', 0);
INSERT INTO `photos_comments` (`id`, `from_user_id`, `photo_id`, `content`, `send_at`, `change_at`, `changed`) VALUES ('352', '6', '23', 'Debitis dolor officiis vero consequatur ea quod.', '1993-11-12 14:02:22', '1987-10-17 17:29:28', 0);
INSERT INTO `photos_comments` (`id`, `from_user_id`, `photo_id`, `content`, `send_at`, `change_at`, `changed`) VALUES ('353', '20', '57', 'Neque odit earum debitis vel iusto sed.', '1987-12-14 04:10:06', '1991-08-10 11:19:45', 0);
INSERT INTO `photos_comments` (`id`, `from_user_id`, `photo_id`, `content`, `send_at`, `change_at`, `changed`) VALUES ('354', '6', '72', 'Repellendus vel quaerat a error id dolore.', '1987-11-01 11:03:27', '2020-07-04 03:33:38', 0);
INSERT INTO `photos_comments` (`id`, `from_user_id`, `photo_id`, `content`, `send_at`, `change_at`, `changed`) VALUES ('355', '10', '98', 'Eveniet et vel accusamus molestiae veniam.', '2003-06-29 11:37:12', '2006-02-28 12:35:59', 1);
INSERT INTO `photos_comments` (`id`, `from_user_id`, `photo_id`, `content`, `send_at`, `change_at`, `changed`) VALUES ('356', '19', '90', 'Est qui tenetur reiciendis repellat.', '2003-06-09 06:08:17', '1978-11-19 02:51:07', 0);
INSERT INTO `photos_comments` (`id`, `from_user_id`, `photo_id`, `content`, `send_at`, `change_at`, `changed`) VALUES ('357', '11', '22', 'Corrupti sequi quis nesciunt excepturi.', '2004-02-11 16:08:50', '1971-04-08 10:12:32', 1);
INSERT INTO `photos_comments` (`id`, `from_user_id`, `photo_id`, `content`, `send_at`, `change_at`, `changed`) VALUES ('358', '1', '80', 'Et minima perferendis ea ea alias quam.', '1986-08-31 05:16:37', '2006-04-25 16:55:03', 0);
INSERT INTO `photos_comments` (`id`, `from_user_id`, `photo_id`, `content`, `send_at`, `change_at`, `changed`) VALUES ('359', '9', '69', 'Ad et minus eveniet perspiciatis iusto inventore.', '1997-03-29 01:49:56', '2020-08-27 22:55:41', 0);
INSERT INTO `photos_comments` (`id`, `from_user_id`, `photo_id`, `content`, `send_at`, `change_at`, `changed`) VALUES ('360', '14', '12', 'Odit a saepe est omnis blanditiis.', '1982-01-25 07:39:09', '1996-09-13 19:41:13', 0);
INSERT INTO `photos_comments` (`id`, `from_user_id`, `photo_id`, `content`, `send_at`, `change_at`, `changed`) VALUES ('361', '11', '53', 'Cum qui soluta adipisci qui in consequuntur quia.', '2006-04-06 06:22:02', '1995-07-06 17:11:13', 0);
INSERT INTO `photos_comments` (`id`, `from_user_id`, `photo_id`, `content`, `send_at`, `change_at`, `changed`) VALUES ('362', '4', '64', 'Ut quas facere est illum id expedita.', '1985-11-25 04:45:32', '1995-05-03 20:49:04', 0);
INSERT INTO `photos_comments` (`id`, `from_user_id`, `photo_id`, `content`, `send_at`, `change_at`, `changed`) VALUES ('363', '13', '41', 'Tempora omnis expedita quidem quia error.', '2002-10-01 09:38:45', '1989-09-23 12:07:24', 0);
INSERT INTO `photos_comments` (`id`, `from_user_id`, `photo_id`, `content`, `send_at`, `change_at`, `changed`) VALUES ('364', '16', '76', 'Sequi dolorem veritatis architecto pariatur.', '1992-01-29 03:13:47', '1999-08-18 21:46:14', 0);
INSERT INTO `photos_comments` (`id`, `from_user_id`, `photo_id`, `content`, `send_at`, `change_at`, `changed`) VALUES ('365', '8', '20', 'Eos et rerum omnis cupiditate sint.', '1978-06-18 20:03:08', '2010-02-13 08:02:21', 0);
INSERT INTO `photos_comments` (`id`, `from_user_id`, `photo_id`, `content`, `send_at`, `change_at`, `changed`) VALUES ('366', '20', '100', 'Est sint et et. Quo doloremque placeat quod.', '2019-01-27 19:52:28', '1976-02-04 17:38:26', 0);
INSERT INTO `photos_comments` (`id`, `from_user_id`, `photo_id`, `content`, `send_at`, `change_at`, `changed`) VALUES ('367', '7', '25', 'Qui aspernatur voluptas natus eligendi ea quam.', '1988-06-19 16:07:48', '1983-10-30 02:02:06', 0);
INSERT INTO `photos_comments` (`id`, `from_user_id`, `photo_id`, `content`, `send_at`, `change_at`, `changed`) VALUES ('368', '5', '32', 'Iste minima ea culpa est quo voluptates.', '2002-03-07 16:54:05', '1999-04-08 03:55:46', 0);
INSERT INTO `photos_comments` (`id`, `from_user_id`, `photo_id`, `content`, `send_at`, `change_at`, `changed`) VALUES ('369', '17', '52', 'In itaque sunt quaerat iure fugit.', '2019-11-19 09:09:48', '1973-10-29 06:31:46', 0);
INSERT INTO `photos_comments` (`id`, `from_user_id`, `photo_id`, `content`, `send_at`, `change_at`, `changed`) VALUES ('370', '1', '29', 'Illum dolor et ut est omnis ut.', '2002-12-18 15:21:45', '1977-10-05 00:47:10', 0);
INSERT INTO `photos_comments` (`id`, `from_user_id`, `photo_id`, `content`, `send_at`, `change_at`, `changed`) VALUES ('371', '10', '98', 'Ut rerum ut quis nesciunt velit.', '2019-11-06 21:34:50', '2015-01-29 07:57:51', 0);
INSERT INTO `photos_comments` (`id`, `from_user_id`, `photo_id`, `content`, `send_at`, `change_at`, `changed`) VALUES ('372', '4', '5', 'Quibusdam dolore ipsa sed ut.', '2013-11-24 09:41:17', '2008-01-22 20:33:39', 0);
INSERT INTO `photos_comments` (`id`, `from_user_id`, `photo_id`, `content`, `send_at`, `change_at`, `changed`) VALUES ('373', '4', '21', 'Beatae nisi dolorum quia et.', '1997-03-06 08:29:30', '2007-05-14 16:10:51', 0);
INSERT INTO `photos_comments` (`id`, `from_user_id`, `photo_id`, `content`, `send_at`, `change_at`, `changed`) VALUES ('374', '17', '61', 'Aperiam dolorum eius ducimus repellat.', '1986-12-07 23:13:49', '2017-01-11 09:32:29', 0);
INSERT INTO `photos_comments` (`id`, `from_user_id`, `photo_id`, `content`, `send_at`, `change_at`, `changed`) VALUES ('375', '18', '54', 'Reiciendis quisquam neque quasi ipsam in vero.', '1985-02-28 04:44:55', '2018-04-08 13:12:11', 0);
INSERT INTO `photos_comments` (`id`, `from_user_id`, `photo_id`, `content`, `send_at`, `change_at`, `changed`) VALUES ('376', '15', '41', 'Voluptas recusandae exercitationem itaque.', '1987-01-06 11:38:57', '1973-04-22 06:21:36', 0);
INSERT INTO `photos_comments` (`id`, `from_user_id`, `photo_id`, `content`, `send_at`, `change_at`, `changed`) VALUES ('377', '2', '88', 'Recusandae eum optio fuga aliquid.', '2011-08-26 11:01:54', '2003-06-15 19:03:53', 1);
INSERT INTO `photos_comments` (`id`, `from_user_id`, `photo_id`, `content`, `send_at`, `change_at`, `changed`) VALUES ('378', '1', '69', 'Cum qui repudiandae est.', '1994-06-29 01:10:12', '2003-05-12 05:26:20', 0);
INSERT INTO `photos_comments` (`id`, `from_user_id`, `photo_id`, `content`, `send_at`, `change_at`, `changed`) VALUES ('379', '6', '84', 'Rerum qui nulla ea iusto.', '1975-07-21 12:42:13', '1998-08-07 22:10:31', 1);
INSERT INTO `photos_comments` (`id`, `from_user_id`, `photo_id`, `content`, `send_at`, `change_at`, `changed`) VALUES ('380', '9', '65', 'Voluptatem iure at eligendi pariatur sint nihil.', '1995-11-09 19:41:24', '1982-09-17 22:53:58', 0);
INSERT INTO `photos_comments` (`id`, `from_user_id`, `photo_id`, `content`, `send_at`, `change_at`, `changed`) VALUES ('381', '1', '42', 'Earum exercitationem ab numquam voluptatum.', '1995-12-12 02:28:39', '1985-04-12 14:05:11', 0);
INSERT INTO `photos_comments` (`id`, `from_user_id`, `photo_id`, `content`, `send_at`, `change_at`, `changed`) VALUES ('382', '13', '37', 'Libero nihil unde ipsum soluta mollitia.', '1995-11-09 01:43:36', '2009-05-02 22:59:40', 0);
INSERT INTO `photos_comments` (`id`, `from_user_id`, `photo_id`, `content`, `send_at`, `change_at`, `changed`) VALUES ('383', '14', '87', 'Qui neque distinctio est nihil nulla.', '1982-10-18 01:07:50', '1978-12-19 05:37:46', 0);
INSERT INTO `photos_comments` (`id`, `from_user_id`, `photo_id`, `content`, `send_at`, `change_at`, `changed`) VALUES ('384', '14', '48', 'Corporis qui et deleniti mollitia.', '1980-05-21 04:16:20', '1971-03-11 17:04:27', 0);
INSERT INTO `photos_comments` (`id`, `from_user_id`, `photo_id`, `content`, `send_at`, `change_at`, `changed`) VALUES ('385', '8', '71', 'Voluptatem earum dolore saepe minus.', '1978-02-28 11:37:15', '2009-12-09 07:57:25', 0);
INSERT INTO `photos_comments` (`id`, `from_user_id`, `photo_id`, `content`, `send_at`, `change_at`, `changed`) VALUES ('386', '16', '88', 'Enim nihil aliquam quos voluptate et et nesciunt.', '1994-02-12 17:35:34', '2019-01-16 11:59:42', 0);
INSERT INTO `photos_comments` (`id`, `from_user_id`, `photo_id`, `content`, `send_at`, `change_at`, `changed`) VALUES ('387', '14', '93', 'Animi aliquid quo nulla cumque quam aliquam eos.', '1981-08-03 00:49:40', '1990-03-15 20:35:55', 0);
INSERT INTO `photos_comments` (`id`, `from_user_id`, `photo_id`, `content`, `send_at`, `change_at`, `changed`) VALUES ('388', '19', '87', 'Esse voluptate in velit sapiente sed rem.', '1973-01-09 02:57:34', '2020-04-13 04:47:10', 0);
INSERT INTO `photos_comments` (`id`, `from_user_id`, `photo_id`, `content`, `send_at`, `change_at`, `changed`) VALUES ('389', '3', '76', 'Ipsam molestiae enim sunt suscipit culpa vel.', '2002-05-12 23:53:10', '2003-04-24 16:16:11', 0);
INSERT INTO `photos_comments` (`id`, `from_user_id`, `photo_id`, `content`, `send_at`, `change_at`, `changed`) VALUES ('390', '10', '4', 'Rerum eum dicta quis praesentium expedita sed id.', '1986-12-03 01:17:52', '2019-12-06 19:39:35', 0);
INSERT INTO `photos_comments` (`id`, `from_user_id`, `photo_id`, `content`, `send_at`, `change_at`, `changed`) VALUES ('391', '6', '19', 'Culpa quam perferendis tempore.', '1978-06-03 10:57:35', '2019-09-22 16:19:54', 0);
INSERT INTO `photos_comments` (`id`, `from_user_id`, `photo_id`, `content`, `send_at`, `change_at`, `changed`) VALUES ('392', '9', '35', 'Est dolorem illum deserunt sapiente.', '1974-03-03 08:40:35', '1992-11-19 03:09:59', 0);
INSERT INTO `photos_comments` (`id`, `from_user_id`, `photo_id`, `content`, `send_at`, `change_at`, `changed`) VALUES ('393', '2', '48', 'Quia corrupti nostrum voluptatem illo dolore.', '2007-12-07 09:51:12', '1976-04-26 05:02:36', 0);
INSERT INTO `photos_comments` (`id`, `from_user_id`, `photo_id`, `content`, `send_at`, `change_at`, `changed`) VALUES ('394', '1', '35', 'Error labore rerum sunt fuga earum enim.', '1978-07-22 05:01:24', '1997-12-02 06:12:39', 1);
INSERT INTO `photos_comments` (`id`, `from_user_id`, `photo_id`, `content`, `send_at`, `change_at`, `changed`) VALUES ('395', '7', '46', 'Eos consequatur eum temporibus quos.', '1981-02-09 14:03:27', '2018-12-05 09:21:01', 0);
INSERT INTO `photos_comments` (`id`, `from_user_id`, `photo_id`, `content`, `send_at`, `change_at`, `changed`) VALUES ('396', '20', '33', 'Animi laudantium enim voluptatem expedita quia.', '1997-03-28 11:18:36', '1979-01-07 04:21:51', 0);
INSERT INTO `photos_comments` (`id`, `from_user_id`, `photo_id`, `content`, `send_at`, `change_at`, `changed`) VALUES ('397', '18', '64', 'Aut quis qui eos in quasi sunt ut.', '1989-03-30 03:27:51', '2016-05-04 22:42:45', 0);
INSERT INTO `photos_comments` (`id`, `from_user_id`, `photo_id`, `content`, `send_at`, `change_at`, `changed`) VALUES ('398', '14', '54', 'Labore iure pariatur reprehenderit.', '1993-03-15 10:50:12', '2010-03-21 17:41:02', 0);
INSERT INTO `photos_comments` (`id`, `from_user_id`, `photo_id`, `content`, `send_at`, `change_at`, `changed`) VALUES ('399', '10', '37', 'Dolores voluptates et non recusandae magnam.', '1979-02-03 10:26:57', '1988-10-30 17:19:29', 0);
INSERT INTO `photos_comments` (`id`, `from_user_id`, `photo_id`, `content`, `send_at`, `change_at`, `changed`) VALUES ('400', '1', '89', 'Rerum voluptatem ad quasi.', '2020-06-12 14:32:09', '1983-01-20 17:42:30', 0);
INSERT INTO `photos_comments` (`id`, `from_user_id`, `photo_id`, `content`, `send_at`, `change_at`, `changed`) VALUES ('401', '2', '77', 'Pariatur qui rerum ut eaque quis.', '2011-07-29 13:02:29', '1972-09-02 04:16:46', 1);
INSERT INTO `photos_comments` (`id`, `from_user_id`, `photo_id`, `content`, `send_at`, `change_at`, `changed`) VALUES ('402', '16', '75', 'Sed non et et doloribus. Aut quam quia porro.', '1994-07-10 15:13:33', '1970-12-23 15:08:09', 0);
INSERT INTO `photos_comments` (`id`, `from_user_id`, `photo_id`, `content`, `send_at`, `change_at`, `changed`) VALUES ('403', '14', '68', 'Animi perspiciatis dolores et ipsam itaque.', '2001-08-22 06:44:46', '2017-01-19 19:10:28', 0);
INSERT INTO `photos_comments` (`id`, `from_user_id`, `photo_id`, `content`, `send_at`, `change_at`, `changed`) VALUES ('404', '13', '83', 'Recusandae sed eos vel.', '1993-08-28 17:07:35', '1974-11-20 08:31:48', 0);
INSERT INTO `photos_comments` (`id`, `from_user_id`, `photo_id`, `content`, `send_at`, `change_at`, `changed`) VALUES ('405', '9', '9', 'Ipsam quae sequi voluptates.', '2004-07-20 14:03:14', '2009-06-02 22:45:08', 1);
INSERT INTO `photos_comments` (`id`, `from_user_id`, `photo_id`, `content`, `send_at`, `change_at`, `changed`) VALUES ('406', '18', '72', 'Numquam iure non eos harum.', '2019-09-03 20:51:32', '1971-04-17 12:37:54', 1);
INSERT INTO `photos_comments` (`id`, `from_user_id`, `photo_id`, `content`, `send_at`, `change_at`, `changed`) VALUES ('407', '6', '29', 'Eum sunt rerum at fugit dolores accusamus.', '2005-02-05 16:40:11', '1985-04-07 08:02:58', 0);
INSERT INTO `photos_comments` (`id`, `from_user_id`, `photo_id`, `content`, `send_at`, `change_at`, `changed`) VALUES ('408', '2', '34', 'Eius id consequatur et magni et sed.', '2009-07-08 10:55:58', '2009-07-08 08:29:19', 1);
INSERT INTO `photos_comments` (`id`, `from_user_id`, `photo_id`, `content`, `send_at`, `change_at`, `changed`) VALUES ('409', '16', '9', 'Unde rerum hic officia est natus ea nam.', '1982-10-03 20:37:02', '2002-08-08 08:54:26', 1);
INSERT INTO `photos_comments` (`id`, `from_user_id`, `photo_id`, `content`, `send_at`, `change_at`, `changed`) VALUES ('410', '14', '6', 'Fuga earum cum aut blanditiis id qui nesciunt.', '2018-10-07 13:21:20', '1975-08-29 23:12:50', 0);
INSERT INTO `photos_comments` (`id`, `from_user_id`, `photo_id`, `content`, `send_at`, `change_at`, `changed`) VALUES ('411', '11', '68', 'Repellat quo ab commodi pariatur.', '1976-02-28 13:08:55', '1995-12-29 13:32:53', 0);
INSERT INTO `photos_comments` (`id`, `from_user_id`, `photo_id`, `content`, `send_at`, `change_at`, `changed`) VALUES ('412', '8', '43', 'Officiis vitae rerum iste molestiae.', '1994-09-19 19:08:05', '2012-04-28 07:55:34', 0);
INSERT INTO `photos_comments` (`id`, `from_user_id`, `photo_id`, `content`, `send_at`, `change_at`, `changed`) VALUES ('413', '7', '7', 'Est delectus excepturi accusantium reprehenderit.', '1994-06-11 01:43:56', '2000-10-21 09:35:00', 1);
INSERT INTO `photos_comments` (`id`, `from_user_id`, `photo_id`, `content`, `send_at`, `change_at`, `changed`) VALUES ('414', '20', '81', 'Quasi commodi aut quaerat amet saepe sunt.', '1981-07-01 05:39:46', '1971-08-29 03:24:55', 0);
INSERT INTO `photos_comments` (`id`, `from_user_id`, `photo_id`, `content`, `send_at`, `change_at`, `changed`) VALUES ('415', '9', '97', 'Atque et ipsa iure doloribus accusantium.', '2006-05-18 05:49:01', '2005-05-26 19:58:20', 0);
INSERT INTO `photos_comments` (`id`, `from_user_id`, `photo_id`, `content`, `send_at`, `change_at`, `changed`) VALUES ('416', '14', '51', 'Amet nemo dolorem qui similique eius sed ea.', '2017-09-27 06:41:03', '2015-05-25 15:03:45', 0);
INSERT INTO `photos_comments` (`id`, `from_user_id`, `photo_id`, `content`, `send_at`, `change_at`, `changed`) VALUES ('417', '15', '45', 'Illo quis fugiat totam amet.', '2002-09-09 05:36:13', '2003-12-22 09:16:20', 0);
INSERT INTO `photos_comments` (`id`, `from_user_id`, `photo_id`, `content`, `send_at`, `change_at`, `changed`) VALUES ('418', '5', '42', 'Odit voluptatem dolore mollitia et.', '2005-12-19 21:36:20', '1972-10-02 23:02:24', 0);
INSERT INTO `photos_comments` (`id`, `from_user_id`, `photo_id`, `content`, `send_at`, `change_at`, `changed`) VALUES ('419', '3', '87', 'Et deserunt dolorem sed dolorem quibusdam.', '1991-07-31 21:19:04', '2008-06-23 13:06:08', 0);
INSERT INTO `photos_comments` (`id`, `from_user_id`, `photo_id`, `content`, `send_at`, `change_at`, `changed`) VALUES ('420', '5', '56', 'Esse quo rerum et id ea.', '2004-07-04 03:28:32', '1995-09-28 19:46:07', 0);
INSERT INTO `photos_comments` (`id`, `from_user_id`, `photo_id`, `content`, `send_at`, `change_at`, `changed`) VALUES ('421', '20', '9', 'Alias odio aut qui voluptas eum.', '1988-10-26 22:51:00', '1999-09-03 08:43:55', 0);
INSERT INTO `photos_comments` (`id`, `from_user_id`, `photo_id`, `content`, `send_at`, `change_at`, `changed`) VALUES ('422', '6', '23', 'Necessitatibus quod commodi cumque perferendis.', '2007-09-15 21:04:48', '1979-03-17 06:38:04', 0);
INSERT INTO `photos_comments` (`id`, `from_user_id`, `photo_id`, `content`, `send_at`, `change_at`, `changed`) VALUES ('423', '8', '34', 'Nobis voluptas voluptas quas commodi eos at ex.', '1997-04-29 05:26:57', '2013-04-23 18:56:19', 1);
INSERT INTO `photos_comments` (`id`, `from_user_id`, `photo_id`, `content`, `send_at`, `change_at`, `changed`) VALUES ('424', '12', '13', 'Consequuntur ut sint qui et.', '1993-11-09 10:27:39', '2018-07-23 04:35:11', 0);
INSERT INTO `photos_comments` (`id`, `from_user_id`, `photo_id`, `content`, `send_at`, `change_at`, `changed`) VALUES ('425', '9', '25', 'Nisi quia optio asperiores in quasi praesentium.', '1998-11-06 23:50:26', '1998-01-29 21:52:02', 0);
INSERT INTO `photos_comments` (`id`, `from_user_id`, `photo_id`, `content`, `send_at`, `change_at`, `changed`) VALUES ('426', '4', '98', 'Debitis aliquam laboriosam magni iste ut at.', '1993-11-12 16:08:17', '2007-02-22 10:20:18', 0);
INSERT INTO `photos_comments` (`id`, `from_user_id`, `photo_id`, `content`, `send_at`, `change_at`, `changed`) VALUES ('427', '19', '57', 'Quo qui dicta sunt suscipit voluptas atque.', '1992-01-07 04:32:21', '2009-01-01 08:47:53', 0);
INSERT INTO `photos_comments` (`id`, `from_user_id`, `photo_id`, `content`, `send_at`, `change_at`, `changed`) VALUES ('428', '8', '24', 'Dolore at et ex ut natus dolores ipsa.', '1979-02-04 22:04:13', '2019-05-30 15:40:59', 0);
INSERT INTO `photos_comments` (`id`, `from_user_id`, `photo_id`, `content`, `send_at`, `change_at`, `changed`) VALUES ('429', '13', '35', 'Et libero molestiae hic aut natus.', '1983-11-06 19:01:20', '2012-07-20 01:12:37', 0);
INSERT INTO `photos_comments` (`id`, `from_user_id`, `photo_id`, `content`, `send_at`, `change_at`, `changed`) VALUES ('430', '1', '6', 'Magni eum aut quia sit dolores.', '2001-12-14 11:55:51', '2015-06-04 11:52:59', 1);
INSERT INTO `photos_comments` (`id`, `from_user_id`, `photo_id`, `content`, `send_at`, `change_at`, `changed`) VALUES ('431', '7', '74', 'In illo dolorem tempora minima ipsum veniam.', '1971-11-13 04:35:53', '2005-01-06 02:19:42', 0);
INSERT INTO `photos_comments` (`id`, `from_user_id`, `photo_id`, `content`, `send_at`, `change_at`, `changed`) VALUES ('432', '12', '4', 'Accusamus illum tenetur tempora molestias.', '2017-01-29 01:06:04', '1981-11-30 02:45:06', 0);
INSERT INTO `photos_comments` (`id`, `from_user_id`, `photo_id`, `content`, `send_at`, `change_at`, `changed`) VALUES ('433', '4', '81', 'Fuga pariatur debitis fuga ab.', '1971-10-17 14:26:51', '1970-07-14 15:03:08', 0);
INSERT INTO `photos_comments` (`id`, `from_user_id`, `photo_id`, `content`, `send_at`, `change_at`, `changed`) VALUES ('434', '9', '32', 'Quam qui nemo qui.', '2009-03-03 03:45:37', '1992-12-25 09:49:03', 0);
INSERT INTO `photos_comments` (`id`, `from_user_id`, `photo_id`, `content`, `send_at`, `change_at`, `changed`) VALUES ('435', '14', '68', 'Autem reiciendis corrupti reprehenderit.', '1976-10-14 16:51:21', '2012-09-25 01:28:09', 0);
INSERT INTO `photos_comments` (`id`, `from_user_id`, `photo_id`, `content`, `send_at`, `change_at`, `changed`) VALUES ('436', '18', '63', 'Error quis ab soluta numquam.', '1983-11-05 23:58:32', '1975-09-19 21:45:11', 0);
INSERT INTO `photos_comments` (`id`, `from_user_id`, `photo_id`, `content`, `send_at`, `change_at`, `changed`) VALUES ('437', '16', '14', 'Maiores deleniti voluptatibus soluta vero.', '2017-02-10 12:52:30', '2008-06-26 13:46:51', 0);
INSERT INTO `photos_comments` (`id`, `from_user_id`, `photo_id`, `content`, `send_at`, `change_at`, `changed`) VALUES ('438', '17', '14', 'Eveniet et doloremque non fugit neque velit.', '1986-04-13 02:12:58', '1977-01-05 03:03:49', 1);
INSERT INTO `photos_comments` (`id`, `from_user_id`, `photo_id`, `content`, `send_at`, `change_at`, `changed`) VALUES ('439', '10', '41', 'Non et rerum eius voluptatem at.', '1980-09-26 05:53:33', '1992-06-06 15:29:05', 0);
INSERT INTO `photos_comments` (`id`, `from_user_id`, `photo_id`, `content`, `send_at`, `change_at`, `changed`) VALUES ('440', '6', '90', 'Dolores odio cupiditate numquam omnis.', '1977-10-08 14:19:08', '2003-03-21 22:49:51', 0);
INSERT INTO `photos_comments` (`id`, `from_user_id`, `photo_id`, `content`, `send_at`, `change_at`, `changed`) VALUES ('441', '14', '46', 'Quo eos nesciunt voluptatem cum soluta.', '1972-07-04 21:46:59', '1991-07-24 14:14:55', 0);
INSERT INTO `photos_comments` (`id`, `from_user_id`, `photo_id`, `content`, `send_at`, `change_at`, `changed`) VALUES ('442', '18', '58', 'Nisi iusto quia animi possimus.', '2011-03-03 13:22:05', '2006-07-30 12:02:26', 0);
INSERT INTO `photos_comments` (`id`, `from_user_id`, `photo_id`, `content`, `send_at`, `change_at`, `changed`) VALUES ('443', '1', '27', 'Et hic illo sunt.', '2005-04-13 09:50:56', '1988-07-30 02:06:37', 0);
INSERT INTO `photos_comments` (`id`, `from_user_id`, `photo_id`, `content`, `send_at`, `change_at`, `changed`) VALUES ('444', '17', '64', 'Et odio deserunt porro id.', '1974-06-19 13:25:56', '1992-06-18 04:43:05', 0);
INSERT INTO `photos_comments` (`id`, `from_user_id`, `photo_id`, `content`, `send_at`, `change_at`, `changed`) VALUES ('445', '13', '87', 'Qui dolorum sunt et illo minima.', '2018-11-08 13:57:53', '2003-09-29 11:18:24', 0);
INSERT INTO `photos_comments` (`id`, `from_user_id`, `photo_id`, `content`, `send_at`, `change_at`, `changed`) VALUES ('446', '14', '93', 'Minima officia sunt et non nesciunt.', '2007-03-06 23:18:58', '1989-07-06 17:38:35', 1);
INSERT INTO `photos_comments` (`id`, `from_user_id`, `photo_id`, `content`, `send_at`, `change_at`, `changed`) VALUES ('447', '13', '25', 'Iusto labore repellendus voluptatum eaque.', '2005-01-10 15:38:51', '1973-02-16 13:10:26', 0);
INSERT INTO `photos_comments` (`id`, `from_user_id`, `photo_id`, `content`, `send_at`, `change_at`, `changed`) VALUES ('448', '20', '79', 'Ut quia ut dolore quia inventore.', '1974-08-18 13:01:57', '2017-06-10 22:19:59', 0);
INSERT INTO `photos_comments` (`id`, `from_user_id`, `photo_id`, `content`, `send_at`, `change_at`, `changed`) VALUES ('449', '1', '40', 'Iusto in nihil dolorum.', '1979-04-09 04:41:40', '1997-01-18 14:50:58', 0);
INSERT INTO `photos_comments` (`id`, `from_user_id`, `photo_id`, `content`, `send_at`, `change_at`, `changed`) VALUES ('450', '2', '72', 'Voluptatem odio et incidunt doloribus.', '1999-11-22 13:10:02', '1996-03-19 08:09:50', 0);
INSERT INTO `photos_comments` (`id`, `from_user_id`, `photo_id`, `content`, `send_at`, `change_at`, `changed`) VALUES ('451', '2', '97', 'Commodi nulla quis culpa et quia iusto.', '1991-08-16 20:27:55', '1971-08-05 03:30:09', 0);
INSERT INTO `photos_comments` (`id`, `from_user_id`, `photo_id`, `content`, `send_at`, `change_at`, `changed`) VALUES ('452', '7', '85', 'Beatae quis et impedit eligendi.', '2006-07-02 17:03:47', '2012-04-27 01:19:49', 0);
INSERT INTO `photos_comments` (`id`, `from_user_id`, `photo_id`, `content`, `send_at`, `change_at`, `changed`) VALUES ('453', '3', '19', 'Impedit et qui nobis ut.', '1979-05-22 20:12:11', '1988-05-13 18:57:30', 1);
INSERT INTO `photos_comments` (`id`, `from_user_id`, `photo_id`, `content`, `send_at`, `change_at`, `changed`) VALUES ('454', '20', '58', 'Est laborum est aliquid ut aut doloribus.', '1993-08-07 08:22:13', '1982-02-07 02:57:30', 1);
INSERT INTO `photos_comments` (`id`, `from_user_id`, `photo_id`, `content`, `send_at`, `change_at`, `changed`) VALUES ('455', '12', '25', 'Et sapiente eaque et et.', '1980-01-09 11:18:48', '2002-04-27 05:39:17', 0);
INSERT INTO `photos_comments` (`id`, `from_user_id`, `photo_id`, `content`, `send_at`, `change_at`, `changed`) VALUES ('456', '10', '25', 'Odio occaecati tempora sit officia.', '1976-08-23 19:34:47', '2020-01-25 02:50:10', 0);
INSERT INTO `photos_comments` (`id`, `from_user_id`, `photo_id`, `content`, `send_at`, `change_at`, `changed`) VALUES ('457', '14', '35', 'In fugiat voluptate maiores et.', '1998-04-16 19:15:12', '2006-12-11 12:42:08', 0);
INSERT INTO `photos_comments` (`id`, `from_user_id`, `photo_id`, `content`, `send_at`, `change_at`, `changed`) VALUES ('458', '17', '71', 'Dolore velit qui ut.', '1994-07-16 11:49:48', '1970-11-07 09:57:11', 0);
INSERT INTO `photos_comments` (`id`, `from_user_id`, `photo_id`, `content`, `send_at`, `change_at`, `changed`) VALUES ('459', '13', '65', 'Assumenda qui distinctio voluptas quos vero.', '2004-04-04 02:54:03', '1979-10-12 13:26:49', 1);
INSERT INTO `photos_comments` (`id`, `from_user_id`, `photo_id`, `content`, `send_at`, `change_at`, `changed`) VALUES ('460', '7', '22', 'Corporis sint temporibus illum quae illum.', '1993-08-16 03:00:54', '1970-09-17 00:28:10', 0);
INSERT INTO `photos_comments` (`id`, `from_user_id`, `photo_id`, `content`, `send_at`, `change_at`, `changed`) VALUES ('461', '11', '4', 'Quisquam eos omnis inventore atque dolores.', '1999-09-08 14:49:06', '2003-02-18 12:15:27', 1);
INSERT INTO `photos_comments` (`id`, `from_user_id`, `photo_id`, `content`, `send_at`, `change_at`, `changed`) VALUES ('462', '3', '11', 'Dignissimos molestiae et dignissimos.', '1975-08-28 09:06:14', '2014-09-03 13:35:49', 0);
INSERT INTO `photos_comments` (`id`, `from_user_id`, `photo_id`, `content`, `send_at`, `change_at`, `changed`) VALUES ('463', '6', '10', 'Quam consequuntur laborum voluptas sed.', '1992-12-25 15:23:03', '1985-01-13 07:07:28', 0);
INSERT INTO `photos_comments` (`id`, `from_user_id`, `photo_id`, `content`, `send_at`, `change_at`, `changed`) VALUES ('464', '18', '33', 'Sed a et dolore dicta harum quos.', '1993-11-28 02:56:12', '1983-04-09 19:57:35', 0);
INSERT INTO `photos_comments` (`id`, `from_user_id`, `photo_id`, `content`, `send_at`, `change_at`, `changed`) VALUES ('465', '10', '100', 'Impedit aut omnis quis itaque quod ea.', '2014-02-01 09:32:57', '1978-09-24 10:06:53', 1);
INSERT INTO `photos_comments` (`id`, `from_user_id`, `photo_id`, `content`, `send_at`, `change_at`, `changed`) VALUES ('466', '1', '57', 'Perspiciatis eos in ut quam dolor ipsa.', '2017-05-25 15:53:48', '2009-11-11 00:41:02', 0);
INSERT INTO `photos_comments` (`id`, `from_user_id`, `photo_id`, `content`, `send_at`, `change_at`, `changed`) VALUES ('467', '20', '38', 'Qui sit sunt voluptas.', '1995-07-27 04:15:32', '1972-11-11 22:27:06', 0);
INSERT INTO `photos_comments` (`id`, `from_user_id`, `photo_id`, `content`, `send_at`, `change_at`, `changed`) VALUES ('468', '9', '6', 'Et rerum laborum impedit non.', '1989-01-06 23:18:24', '2016-03-10 18:52:55', 0);
INSERT INTO `photos_comments` (`id`, `from_user_id`, `photo_id`, `content`, `send_at`, `change_at`, `changed`) VALUES ('469', '12', '39', 'Magni aut corporis temporibus ab autem.', '1985-02-04 04:55:28', '1970-01-09 11:40:16', 0);
INSERT INTO `photos_comments` (`id`, `from_user_id`, `photo_id`, `content`, `send_at`, `change_at`, `changed`) VALUES ('470', '13', '15', 'Doloremque sequi dolor asperiores nemo quibusdam.', '1973-10-20 18:00:17', '2012-12-08 21:34:55', 0);
INSERT INTO `photos_comments` (`id`, `from_user_id`, `photo_id`, `content`, `send_at`, `change_at`, `changed`) VALUES ('471', '13', '11', 'In ut necessitatibus doloribus quis cumque.', '2005-10-17 14:12:55', '1972-02-11 14:45:21', 1);
INSERT INTO `photos_comments` (`id`, `from_user_id`, `photo_id`, `content`, `send_at`, `change_at`, `changed`) VALUES ('472', '8', '33', 'Quia earum est autem dolorum.', '1979-04-13 23:34:33', '1984-04-26 07:02:00', 0);
INSERT INTO `photos_comments` (`id`, `from_user_id`, `photo_id`, `content`, `send_at`, `change_at`, `changed`) VALUES ('473', '9', '22', 'Ipsum quae doloremque voluptates laboriosam.', '2011-05-15 13:44:25', '2000-04-15 21:04:13', 0);
INSERT INTO `photos_comments` (`id`, `from_user_id`, `photo_id`, `content`, `send_at`, `change_at`, `changed`) VALUES ('474', '1', '5', 'Expedita aut occaecati omnis eum modi ipsa.', '2003-02-18 12:54:41', '2002-11-14 15:01:05', 1);
INSERT INTO `photos_comments` (`id`, `from_user_id`, `photo_id`, `content`, `send_at`, `change_at`, `changed`) VALUES ('475', '18', '38', 'Adipisci quasi quisquam minima aut.', '1978-11-17 21:17:07', '2012-02-23 08:32:09', 1);
INSERT INTO `photos_comments` (`id`, `from_user_id`, `photo_id`, `content`, `send_at`, `change_at`, `changed`) VALUES ('476', '6', '37', 'Cupiditate id omnis voluptate odit quia.', '1989-03-04 04:02:13', '1976-06-04 23:27:07', 0);
INSERT INTO `photos_comments` (`id`, `from_user_id`, `photo_id`, `content`, `send_at`, `change_at`, `changed`) VALUES ('477', '9', '41', 'Aut repellat occaecati aut.', '1981-11-01 17:12:35', '1999-03-05 19:43:58', 0);
INSERT INTO `photos_comments` (`id`, `from_user_id`, `photo_id`, `content`, `send_at`, `change_at`, `changed`) VALUES ('478', '10', '69', 'A esse nam doloribus nemo quia corporis.', '1978-08-12 17:43:17', '2016-12-05 01:38:05', 0);
INSERT INTO `photos_comments` (`id`, `from_user_id`, `photo_id`, `content`, `send_at`, `change_at`, `changed`) VALUES ('479', '10', '37', 'Est quia eius reiciendis harum quaerat sint.', '1993-12-03 21:02:30', '1992-10-28 15:25:06', 1);
INSERT INTO `photos_comments` (`id`, `from_user_id`, `photo_id`, `content`, `send_at`, `change_at`, `changed`) VALUES ('480', '1', '99', 'At molestiae qui id.', '1990-07-16 23:07:53', '1979-02-01 19:43:05', 0);
INSERT INTO `photos_comments` (`id`, `from_user_id`, `photo_id`, `content`, `send_at`, `change_at`, `changed`) VALUES ('481', '8', '6', 'Fugit dignissimos facere est necessitatibus.', '2000-06-28 20:48:52', '2012-05-21 16:26:02', 0);
INSERT INTO `photos_comments` (`id`, `from_user_id`, `photo_id`, `content`, `send_at`, `change_at`, `changed`) VALUES ('482', '11', '31', 'Quia quos nobis rerum dicta.', '1998-09-29 03:47:28', '1972-07-11 21:59:49', 0);
INSERT INTO `photos_comments` (`id`, `from_user_id`, `photo_id`, `content`, `send_at`, `change_at`, `changed`) VALUES ('483', '9', '96', 'Sit molestiae amet et hic molestiae in laborum.', '1977-09-08 00:39:53', '1998-07-07 09:35:55', 0);
INSERT INTO `photos_comments` (`id`, `from_user_id`, `photo_id`, `content`, `send_at`, `change_at`, `changed`) VALUES ('484', '8', '99', 'Consequatur sint eos qui odit ad quae nostrum.', '2017-01-05 14:47:51', '2014-01-03 14:37:33', 0);
INSERT INTO `photos_comments` (`id`, `from_user_id`, `photo_id`, `content`, `send_at`, `change_at`, `changed`) VALUES ('485', '7', '100', 'Voluptates velit inventore autem.', '2005-03-28 06:47:32', '2007-05-14 21:58:53', 0);
INSERT INTO `photos_comments` (`id`, `from_user_id`, `photo_id`, `content`, `send_at`, `change_at`, `changed`) VALUES ('486', '3', '98', 'Libero quia deleniti voluptate architecto.', '2018-12-20 20:05:37', '2010-09-09 23:58:46', 0);
INSERT INTO `photos_comments` (`id`, `from_user_id`, `photo_id`, `content`, `send_at`, `change_at`, `changed`) VALUES ('487', '2', '53', 'Accusantium quasi neque debitis laudantium.', '2012-03-22 00:43:11', '2016-06-27 05:49:10', 0);
INSERT INTO `photos_comments` (`id`, `from_user_id`, `photo_id`, `content`, `send_at`, `change_at`, `changed`) VALUES ('488', '6', '54', 'Ut nulla qui est laborum est fuga.', '1978-11-30 06:22:45', '2000-09-20 20:44:28', 0);
INSERT INTO `photos_comments` (`id`, `from_user_id`, `photo_id`, `content`, `send_at`, `change_at`, `changed`) VALUES ('489', '15', '34', 'Est pariatur blanditiis aliquid ut quibusdam.', '2017-04-06 11:37:41', '1984-07-10 00:50:43', 0);
INSERT INTO `photos_comments` (`id`, `from_user_id`, `photo_id`, `content`, `send_at`, `change_at`, `changed`) VALUES ('490', '12', '61', 'Earum autem ab quis consectetur.', '2002-08-05 12:24:57', '1981-05-29 18:55:27', 1);
INSERT INTO `photos_comments` (`id`, `from_user_id`, `photo_id`, `content`, `send_at`, `change_at`, `changed`) VALUES ('491', '15', '86', 'Eos ea incidunt maxime at.', '2013-03-02 07:19:43', '1999-05-25 11:52:30', 0);
INSERT INTO `photos_comments` (`id`, `from_user_id`, `photo_id`, `content`, `send_at`, `change_at`, `changed`) VALUES ('492', '20', '12', 'Qui ipsam totam blanditiis.', '2018-03-18 09:58:53', '1994-09-29 05:15:58', 0);
INSERT INTO `photos_comments` (`id`, `from_user_id`, `photo_id`, `content`, `send_at`, `change_at`, `changed`) VALUES ('493', '6', '44', 'Dolor perspiciatis impedit soluta.', '1984-01-22 13:16:40', '1992-02-04 11:45:33', 0);
INSERT INTO `photos_comments` (`id`, `from_user_id`, `photo_id`, `content`, `send_at`, `change_at`, `changed`) VALUES ('494', '17', '75', 'Enim fugit recusandae sint sint qui eum et.', '1984-01-11 06:47:36', '1996-09-25 05:28:43', 0);
INSERT INTO `photos_comments` (`id`, `from_user_id`, `photo_id`, `content`, `send_at`, `change_at`, `changed`) VALUES ('495', '16', '82', 'Eos harum error magni quibusdam.', '1972-06-10 21:49:05', '2010-07-13 05:47:26', 0);
INSERT INTO `photos_comments` (`id`, `from_user_id`, `photo_id`, `content`, `send_at`, `change_at`, `changed`) VALUES ('496', '15', '15', 'Consequatur harum et aut ut necessitatibus est.', '1978-01-11 20:12:54', '1973-08-14 22:45:26', 0);
INSERT INTO `photos_comments` (`id`, `from_user_id`, `photo_id`, `content`, `send_at`, `change_at`, `changed`) VALUES ('497', '18', '28', 'Nihil sunt sint est et quo ut.', '2012-01-17 00:05:07', '1992-11-27 19:34:25', 0);
INSERT INTO `photos_comments` (`id`, `from_user_id`, `photo_id`, `content`, `send_at`, `change_at`, `changed`) VALUES ('498', '10', '30', 'Doloremque facere architecto fuga.', '2011-05-23 11:32:04', '2000-04-01 23:54:35', 0);
INSERT INTO `photos_comments` (`id`, `from_user_id`, `photo_id`, `content`, `send_at`, `change_at`, `changed`) VALUES ('499', '5', '83', 'Facere harum sit illum ea et.', '2003-08-25 12:33:02', '1974-09-05 05:26:14', 1);
INSERT INTO `photos_comments` (`id`, `from_user_id`, `photo_id`, `content`, `send_at`, `change_at`, `changed`) VALUES ('500', '6', '58', 'Sint magnam vel voluptatem qui sunt quod maiores.', '1978-07-12 10:19:54', '2016-11-14 17:03:05', 0);


#
# TABLE STRUCTURE FOR: photos_likes
#

DROP TABLE IF EXISTS `photos_likes`;

CREATE TABLE `photos_likes` (
  `id` bigint(20) unsigned NOT NULL AUTO_INCREMENT,
  `from_user_id` bigint(20) unsigned NOT NULL,
  `photo_id` bigint(20) unsigned NOT NULL,
  `send_at` datetime NOT NULL DEFAULT current_timestamp(),
  UNIQUE KEY `id` (`id`),
  KEY `photos_likes_profiles_id_fk` (`from_user_id`),
  KEY `photos_likes_profiles_id_fk2` (`photo_id`),
  CONSTRAINT `photos_likes_profiles_id_fk` FOREIGN KEY (`from_user_id`) REFERENCES `profiles` (`id`) ON DELETE CASCADE ON UPDATE CASCADE,
  CONSTRAINT `photos_likes_profiles_id_fk2` FOREIGN KEY (`photo_id`) REFERENCES `photos` (`id`) ON DELETE CASCADE ON UPDATE CASCADE
) ENGINE=InnoDB AUTO_INCREMENT=501 DEFAULT CHARSET=utf8 COLLATE=utf8_unicode_ci;

INSERT INTO `photos_likes` (`id`, `from_user_id`, `photo_id`, `send_at`) VALUES ('1', '14', '84', '2012-09-05 03:53:58');
INSERT INTO `photos_likes` (`id`, `from_user_id`, `photo_id`, `send_at`) VALUES ('2', '14', '45', '2004-08-06 17:45:05');
INSERT INTO `photos_likes` (`id`, `from_user_id`, `photo_id`, `send_at`) VALUES ('3', '8', '50', '2009-09-25 12:11:08');
INSERT INTO `photos_likes` (`id`, `from_user_id`, `photo_id`, `send_at`) VALUES ('4', '7', '33', '2018-11-18 05:38:42');
INSERT INTO `photos_likes` (`id`, `from_user_id`, `photo_id`, `send_at`) VALUES ('5', '4', '39', '1976-10-27 08:53:41');
INSERT INTO `photos_likes` (`id`, `from_user_id`, `photo_id`, `send_at`) VALUES ('6', '19', '10', '2019-04-07 09:55:08');
INSERT INTO `photos_likes` (`id`, `from_user_id`, `photo_id`, `send_at`) VALUES ('7', '11', '60', '1990-05-26 05:25:28');
INSERT INTO `photos_likes` (`id`, `from_user_id`, `photo_id`, `send_at`) VALUES ('8', '8', '10', '2014-05-05 06:23:22');
INSERT INTO `photos_likes` (`id`, `from_user_id`, `photo_id`, `send_at`) VALUES ('9', '18', '20', '1971-05-21 08:19:52');
INSERT INTO `photos_likes` (`id`, `from_user_id`, `photo_id`, `send_at`) VALUES ('10', '8', '36', '2000-05-30 23:51:30');
INSERT INTO `photos_likes` (`id`, `from_user_id`, `photo_id`, `send_at`) VALUES ('11', '18', '95', '1991-06-29 02:30:37');
INSERT INTO `photos_likes` (`id`, `from_user_id`, `photo_id`, `send_at`) VALUES ('12', '4', '97', '2006-02-10 17:46:11');
INSERT INTO `photos_likes` (`id`, `from_user_id`, `photo_id`, `send_at`) VALUES ('13', '7', '47', '1971-02-18 10:52:14');
INSERT INTO `photos_likes` (`id`, `from_user_id`, `photo_id`, `send_at`) VALUES ('14', '3', '93', '1998-06-11 07:02:21');
INSERT INTO `photos_likes` (`id`, `from_user_id`, `photo_id`, `send_at`) VALUES ('15', '3', '24', '2015-09-08 19:37:52');
INSERT INTO `photos_likes` (`id`, `from_user_id`, `photo_id`, `send_at`) VALUES ('16', '11', '79', '2000-02-25 20:32:56');
INSERT INTO `photos_likes` (`id`, `from_user_id`, `photo_id`, `send_at`) VALUES ('17', '2', '20', '2012-02-20 18:11:49');
INSERT INTO `photos_likes` (`id`, `from_user_id`, `photo_id`, `send_at`) VALUES ('18', '5', '47', '1972-01-15 00:42:47');
INSERT INTO `photos_likes` (`id`, `from_user_id`, `photo_id`, `send_at`) VALUES ('19', '14', '54', '1988-09-15 20:11:37');
INSERT INTO `photos_likes` (`id`, `from_user_id`, `photo_id`, `send_at`) VALUES ('20', '16', '85', '1980-06-03 14:37:40');
INSERT INTO `photos_likes` (`id`, `from_user_id`, `photo_id`, `send_at`) VALUES ('21', '19', '74', '1973-02-17 07:57:20');
INSERT INTO `photos_likes` (`id`, `from_user_id`, `photo_id`, `send_at`) VALUES ('22', '19', '43', '2008-07-22 08:09:35');
INSERT INTO `photos_likes` (`id`, `from_user_id`, `photo_id`, `send_at`) VALUES ('23', '7', '32', '2000-03-16 03:14:35');
INSERT INTO `photos_likes` (`id`, `from_user_id`, `photo_id`, `send_at`) VALUES ('24', '11', '23', '1971-04-09 11:04:17');
INSERT INTO `photos_likes` (`id`, `from_user_id`, `photo_id`, `send_at`) VALUES ('25', '11', '88', '1983-05-06 08:07:52');
INSERT INTO `photos_likes` (`id`, `from_user_id`, `photo_id`, `send_at`) VALUES ('26', '12', '40', '2012-06-26 01:36:51');
INSERT INTO `photos_likes` (`id`, `from_user_id`, `photo_id`, `send_at`) VALUES ('27', '17', '78', '2019-03-29 10:27:07');
INSERT INTO `photos_likes` (`id`, `from_user_id`, `photo_id`, `send_at`) VALUES ('28', '8', '13', '2009-10-22 09:45:10');
INSERT INTO `photos_likes` (`id`, `from_user_id`, `photo_id`, `send_at`) VALUES ('29', '5', '47', '1998-05-17 00:21:24');
INSERT INTO `photos_likes` (`id`, `from_user_id`, `photo_id`, `send_at`) VALUES ('30', '1', '35', '1992-08-12 21:37:06');
INSERT INTO `photos_likes` (`id`, `from_user_id`, `photo_id`, `send_at`) VALUES ('31', '15', '59', '1984-03-03 18:19:25');
INSERT INTO `photos_likes` (`id`, `from_user_id`, `photo_id`, `send_at`) VALUES ('32', '3', '78', '2003-02-12 01:28:49');
INSERT INTO `photos_likes` (`id`, `from_user_id`, `photo_id`, `send_at`) VALUES ('33', '16', '36', '2009-10-04 22:28:48');
INSERT INTO `photos_likes` (`id`, `from_user_id`, `photo_id`, `send_at`) VALUES ('34', '5', '49', '2019-12-02 05:24:21');
INSERT INTO `photos_likes` (`id`, `from_user_id`, `photo_id`, `send_at`) VALUES ('35', '18', '3', '2002-09-13 00:49:36');
INSERT INTO `photos_likes` (`id`, `from_user_id`, `photo_id`, `send_at`) VALUES ('36', '7', '81', '1990-06-18 10:02:26');
INSERT INTO `photos_likes` (`id`, `from_user_id`, `photo_id`, `send_at`) VALUES ('37', '16', '27', '1989-01-27 05:20:10');
INSERT INTO `photos_likes` (`id`, `from_user_id`, `photo_id`, `send_at`) VALUES ('38', '5', '9', '1996-07-11 10:44:34');
INSERT INTO `photos_likes` (`id`, `from_user_id`, `photo_id`, `send_at`) VALUES ('39', '12', '75', '1974-03-06 13:01:51');
INSERT INTO `photos_likes` (`id`, `from_user_id`, `photo_id`, `send_at`) VALUES ('40', '7', '10', '2011-07-03 13:27:32');
INSERT INTO `photos_likes` (`id`, `from_user_id`, `photo_id`, `send_at`) VALUES ('41', '13', '90', '1989-05-22 00:08:42');
INSERT INTO `photos_likes` (`id`, `from_user_id`, `photo_id`, `send_at`) VALUES ('42', '10', '45', '1992-09-25 22:27:15');
INSERT INTO `photos_likes` (`id`, `from_user_id`, `photo_id`, `send_at`) VALUES ('43', '14', '85', '2009-10-06 09:42:04');
INSERT INTO `photos_likes` (`id`, `from_user_id`, `photo_id`, `send_at`) VALUES ('44', '12', '92', '1991-04-28 21:01:49');
INSERT INTO `photos_likes` (`id`, `from_user_id`, `photo_id`, `send_at`) VALUES ('45', '7', '62', '1980-08-23 01:32:07');
INSERT INTO `photos_likes` (`id`, `from_user_id`, `photo_id`, `send_at`) VALUES ('46', '6', '2', '1998-09-12 05:56:59');
INSERT INTO `photos_likes` (`id`, `from_user_id`, `photo_id`, `send_at`) VALUES ('47', '5', '39', '1984-02-19 22:36:13');
INSERT INTO `photos_likes` (`id`, `from_user_id`, `photo_id`, `send_at`) VALUES ('48', '16', '99', '2016-10-04 11:54:32');
INSERT INTO `photos_likes` (`id`, `from_user_id`, `photo_id`, `send_at`) VALUES ('49', '15', '3', '1977-11-26 02:36:21');
INSERT INTO `photos_likes` (`id`, `from_user_id`, `photo_id`, `send_at`) VALUES ('50', '10', '63', '1987-09-03 02:27:45');
INSERT INTO `photos_likes` (`id`, `from_user_id`, `photo_id`, `send_at`) VALUES ('51', '2', '81', '2004-05-18 23:01:21');
INSERT INTO `photos_likes` (`id`, `from_user_id`, `photo_id`, `send_at`) VALUES ('52', '9', '82', '1984-04-27 22:08:38');
INSERT INTO `photos_likes` (`id`, `from_user_id`, `photo_id`, `send_at`) VALUES ('53', '2', '67', '1984-01-04 09:47:16');
INSERT INTO `photos_likes` (`id`, `from_user_id`, `photo_id`, `send_at`) VALUES ('54', '19', '66', '1988-09-24 22:53:44');
INSERT INTO `photos_likes` (`id`, `from_user_id`, `photo_id`, `send_at`) VALUES ('55', '9', '22', '1999-09-02 10:12:28');
INSERT INTO `photos_likes` (`id`, `from_user_id`, `photo_id`, `send_at`) VALUES ('56', '16', '3', '1980-07-14 14:36:06');
INSERT INTO `photos_likes` (`id`, `from_user_id`, `photo_id`, `send_at`) VALUES ('57', '3', '25', '1971-05-17 13:48:56');
INSERT INTO `photos_likes` (`id`, `from_user_id`, `photo_id`, `send_at`) VALUES ('58', '10', '79', '2003-06-24 07:44:34');
INSERT INTO `photos_likes` (`id`, `from_user_id`, `photo_id`, `send_at`) VALUES ('59', '2', '4', '1975-06-09 14:39:48');
INSERT INTO `photos_likes` (`id`, `from_user_id`, `photo_id`, `send_at`) VALUES ('60', '15', '40', '2010-06-17 05:46:57');
INSERT INTO `photos_likes` (`id`, `from_user_id`, `photo_id`, `send_at`) VALUES ('61', '14', '97', '1988-11-25 13:35:59');
INSERT INTO `photos_likes` (`id`, `from_user_id`, `photo_id`, `send_at`) VALUES ('62', '9', '86', '1994-12-21 01:39:56');
INSERT INTO `photos_likes` (`id`, `from_user_id`, `photo_id`, `send_at`) VALUES ('63', '8', '21', '1995-06-03 15:46:54');
INSERT INTO `photos_likes` (`id`, `from_user_id`, `photo_id`, `send_at`) VALUES ('64', '17', '10', '1979-07-03 12:02:26');
INSERT INTO `photos_likes` (`id`, `from_user_id`, `photo_id`, `send_at`) VALUES ('65', '5', '32', '1982-08-01 01:04:25');
INSERT INTO `photos_likes` (`id`, `from_user_id`, `photo_id`, `send_at`) VALUES ('66', '15', '29', '2004-12-04 08:33:10');
INSERT INTO `photos_likes` (`id`, `from_user_id`, `photo_id`, `send_at`) VALUES ('67', '3', '16', '2011-12-17 14:33:02');
INSERT INTO `photos_likes` (`id`, `from_user_id`, `photo_id`, `send_at`) VALUES ('68', '3', '19', '1976-03-09 01:33:04');
INSERT INTO `photos_likes` (`id`, `from_user_id`, `photo_id`, `send_at`) VALUES ('69', '17', '1', '2000-10-21 22:32:36');
INSERT INTO `photos_likes` (`id`, `from_user_id`, `photo_id`, `send_at`) VALUES ('70', '17', '22', '1971-06-04 18:48:29');
INSERT INTO `photos_likes` (`id`, `from_user_id`, `photo_id`, `send_at`) VALUES ('71', '5', '61', '1970-10-14 18:33:17');
INSERT INTO `photos_likes` (`id`, `from_user_id`, `photo_id`, `send_at`) VALUES ('72', '5', '35', '1987-05-17 16:00:22');
INSERT INTO `photos_likes` (`id`, `from_user_id`, `photo_id`, `send_at`) VALUES ('73', '18', '71', '2017-07-04 16:26:11');
INSERT INTO `photos_likes` (`id`, `from_user_id`, `photo_id`, `send_at`) VALUES ('74', '3', '95', '2005-01-31 01:16:11');
INSERT INTO `photos_likes` (`id`, `from_user_id`, `photo_id`, `send_at`) VALUES ('75', '15', '83', '2014-04-01 19:58:28');
INSERT INTO `photos_likes` (`id`, `from_user_id`, `photo_id`, `send_at`) VALUES ('76', '7', '40', '1981-07-15 17:38:16');
INSERT INTO `photos_likes` (`id`, `from_user_id`, `photo_id`, `send_at`) VALUES ('77', '16', '76', '1985-07-07 12:37:57');
INSERT INTO `photos_likes` (`id`, `from_user_id`, `photo_id`, `send_at`) VALUES ('78', '5', '15', '1989-01-16 13:15:54');
INSERT INTO `photos_likes` (`id`, `from_user_id`, `photo_id`, `send_at`) VALUES ('79', '20', '10', '2004-08-10 21:25:59');
INSERT INTO `photos_likes` (`id`, `from_user_id`, `photo_id`, `send_at`) VALUES ('80', '5', '20', '1993-01-09 23:59:49');
INSERT INTO `photos_likes` (`id`, `from_user_id`, `photo_id`, `send_at`) VALUES ('81', '9', '97', '1970-12-01 10:48:02');
INSERT INTO `photos_likes` (`id`, `from_user_id`, `photo_id`, `send_at`) VALUES ('82', '10', '53', '1999-03-21 19:23:54');
INSERT INTO `photos_likes` (`id`, `from_user_id`, `photo_id`, `send_at`) VALUES ('83', '3', '59', '1993-05-31 04:33:47');
INSERT INTO `photos_likes` (`id`, `from_user_id`, `photo_id`, `send_at`) VALUES ('84', '15', '95', '2000-04-30 03:32:01');
INSERT INTO `photos_likes` (`id`, `from_user_id`, `photo_id`, `send_at`) VALUES ('85', '12', '56', '2016-03-16 15:49:18');
INSERT INTO `photos_likes` (`id`, `from_user_id`, `photo_id`, `send_at`) VALUES ('86', '4', '82', '1989-03-25 21:08:25');
INSERT INTO `photos_likes` (`id`, `from_user_id`, `photo_id`, `send_at`) VALUES ('87', '4', '41', '1973-12-24 14:01:25');
INSERT INTO `photos_likes` (`id`, `from_user_id`, `photo_id`, `send_at`) VALUES ('88', '4', '2', '1987-09-27 13:07:22');
INSERT INTO `photos_likes` (`id`, `from_user_id`, `photo_id`, `send_at`) VALUES ('89', '3', '29', '1986-11-10 20:13:04');
INSERT INTO `photos_likes` (`id`, `from_user_id`, `photo_id`, `send_at`) VALUES ('90', '20', '86', '2011-08-29 18:07:56');
INSERT INTO `photos_likes` (`id`, `from_user_id`, `photo_id`, `send_at`) VALUES ('91', '3', '31', '2014-10-25 19:31:59');
INSERT INTO `photos_likes` (`id`, `from_user_id`, `photo_id`, `send_at`) VALUES ('92', '5', '91', '1970-01-28 18:06:34');
INSERT INTO `photos_likes` (`id`, `from_user_id`, `photo_id`, `send_at`) VALUES ('93', '2', '50', '1974-04-18 01:16:19');
INSERT INTO `photos_likes` (`id`, `from_user_id`, `photo_id`, `send_at`) VALUES ('94', '2', '3', '1998-12-16 01:53:21');
INSERT INTO `photos_likes` (`id`, `from_user_id`, `photo_id`, `send_at`) VALUES ('95', '12', '31', '2001-08-19 19:18:40');
INSERT INTO `photos_likes` (`id`, `from_user_id`, `photo_id`, `send_at`) VALUES ('96', '5', '100', '1979-03-02 12:20:04');
INSERT INTO `photos_likes` (`id`, `from_user_id`, `photo_id`, `send_at`) VALUES ('97', '6', '70', '2012-05-05 12:21:30');
INSERT INTO `photos_likes` (`id`, `from_user_id`, `photo_id`, `send_at`) VALUES ('98', '11', '40', '2017-08-23 16:56:37');
INSERT INTO `photos_likes` (`id`, `from_user_id`, `photo_id`, `send_at`) VALUES ('99', '6', '23', '1998-05-16 16:52:51');
INSERT INTO `photos_likes` (`id`, `from_user_id`, `photo_id`, `send_at`) VALUES ('100', '7', '87', '1999-07-24 04:58:59');
INSERT INTO `photos_likes` (`id`, `from_user_id`, `photo_id`, `send_at`) VALUES ('101', '16', '50', '2018-06-20 10:58:53');
INSERT INTO `photos_likes` (`id`, `from_user_id`, `photo_id`, `send_at`) VALUES ('102', '14', '95', '2017-07-15 13:33:28');
INSERT INTO `photos_likes` (`id`, `from_user_id`, `photo_id`, `send_at`) VALUES ('103', '18', '83', '1977-07-08 22:43:15');
INSERT INTO `photos_likes` (`id`, `from_user_id`, `photo_id`, `send_at`) VALUES ('104', '20', '1', '1993-01-02 04:28:59');
INSERT INTO `photos_likes` (`id`, `from_user_id`, `photo_id`, `send_at`) VALUES ('105', '3', '94', '1994-04-02 17:18:28');
INSERT INTO `photos_likes` (`id`, `from_user_id`, `photo_id`, `send_at`) VALUES ('106', '18', '23', '1987-03-13 00:11:59');
INSERT INTO `photos_likes` (`id`, `from_user_id`, `photo_id`, `send_at`) VALUES ('107', '5', '11', '1971-09-02 05:17:51');
INSERT INTO `photos_likes` (`id`, `from_user_id`, `photo_id`, `send_at`) VALUES ('108', '3', '31', '1973-03-20 08:06:52');
INSERT INTO `photos_likes` (`id`, `from_user_id`, `photo_id`, `send_at`) VALUES ('109', '12', '19', '1985-04-21 07:13:25');
INSERT INTO `photos_likes` (`id`, `from_user_id`, `photo_id`, `send_at`) VALUES ('110', '7', '19', '1988-04-26 05:52:05');
INSERT INTO `photos_likes` (`id`, `from_user_id`, `photo_id`, `send_at`) VALUES ('111', '10', '54', '1997-11-06 03:45:14');
INSERT INTO `photos_likes` (`id`, `from_user_id`, `photo_id`, `send_at`) VALUES ('112', '4', '77', '1997-12-01 16:23:01');
INSERT INTO `photos_likes` (`id`, `from_user_id`, `photo_id`, `send_at`) VALUES ('113', '5', '70', '1997-08-25 07:44:50');
INSERT INTO `photos_likes` (`id`, `from_user_id`, `photo_id`, `send_at`) VALUES ('114', '4', '50', '2017-04-16 13:36:47');
INSERT INTO `photos_likes` (`id`, `from_user_id`, `photo_id`, `send_at`) VALUES ('115', '19', '50', '2004-08-27 18:47:48');
INSERT INTO `photos_likes` (`id`, `from_user_id`, `photo_id`, `send_at`) VALUES ('116', '8', '71', '1971-07-23 05:03:36');
INSERT INTO `photos_likes` (`id`, `from_user_id`, `photo_id`, `send_at`) VALUES ('117', '20', '4', '1987-04-16 04:10:22');
INSERT INTO `photos_likes` (`id`, `from_user_id`, `photo_id`, `send_at`) VALUES ('118', '14', '90', '1995-09-05 10:19:35');
INSERT INTO `photos_likes` (`id`, `from_user_id`, `photo_id`, `send_at`) VALUES ('119', '18', '63', '1978-06-02 03:43:49');
INSERT INTO `photos_likes` (`id`, `from_user_id`, `photo_id`, `send_at`) VALUES ('120', '19', '98', '2006-01-31 01:57:56');
INSERT INTO `photos_likes` (`id`, `from_user_id`, `photo_id`, `send_at`) VALUES ('121', '12', '76', '2009-06-06 17:03:36');
INSERT INTO `photos_likes` (`id`, `from_user_id`, `photo_id`, `send_at`) VALUES ('122', '4', '80', '1997-09-06 00:25:52');
INSERT INTO `photos_likes` (`id`, `from_user_id`, `photo_id`, `send_at`) VALUES ('123', '18', '33', '2002-08-28 06:39:50');
INSERT INTO `photos_likes` (`id`, `from_user_id`, `photo_id`, `send_at`) VALUES ('124', '2', '46', '2010-12-14 09:44:07');
INSERT INTO `photos_likes` (`id`, `from_user_id`, `photo_id`, `send_at`) VALUES ('125', '11', '42', '1978-09-14 22:48:51');
INSERT INTO `photos_likes` (`id`, `from_user_id`, `photo_id`, `send_at`) VALUES ('126', '13', '1', '1990-11-06 17:54:37');
INSERT INTO `photos_likes` (`id`, `from_user_id`, `photo_id`, `send_at`) VALUES ('127', '20', '82', '1975-06-05 10:15:53');
INSERT INTO `photos_likes` (`id`, `from_user_id`, `photo_id`, `send_at`) VALUES ('128', '16', '19', '2000-07-25 07:25:16');
INSERT INTO `photos_likes` (`id`, `from_user_id`, `photo_id`, `send_at`) VALUES ('129', '11', '93', '1975-04-03 10:53:06');
INSERT INTO `photos_likes` (`id`, `from_user_id`, `photo_id`, `send_at`) VALUES ('130', '14', '43', '2016-04-25 07:46:22');
INSERT INTO `photos_likes` (`id`, `from_user_id`, `photo_id`, `send_at`) VALUES ('131', '9', '4', '1999-05-20 21:57:12');
INSERT INTO `photos_likes` (`id`, `from_user_id`, `photo_id`, `send_at`) VALUES ('132', '3', '42', '2011-08-23 01:55:02');
INSERT INTO `photos_likes` (`id`, `from_user_id`, `photo_id`, `send_at`) VALUES ('133', '2', '79', '1988-04-30 23:22:07');
INSERT INTO `photos_likes` (`id`, `from_user_id`, `photo_id`, `send_at`) VALUES ('134', '7', '94', '2009-02-14 22:27:45');
INSERT INTO `photos_likes` (`id`, `from_user_id`, `photo_id`, `send_at`) VALUES ('135', '9', '22', '1987-02-25 06:15:23');
INSERT INTO `photos_likes` (`id`, `from_user_id`, `photo_id`, `send_at`) VALUES ('136', '19', '96', '2013-04-25 17:58:51');
INSERT INTO `photos_likes` (`id`, `from_user_id`, `photo_id`, `send_at`) VALUES ('137', '20', '11', '1972-01-07 10:27:24');
INSERT INTO `photos_likes` (`id`, `from_user_id`, `photo_id`, `send_at`) VALUES ('138', '15', '84', '1978-11-20 21:47:49');
INSERT INTO `photos_likes` (`id`, `from_user_id`, `photo_id`, `send_at`) VALUES ('139', '9', '85', '2003-08-29 14:53:22');
INSERT INTO `photos_likes` (`id`, `from_user_id`, `photo_id`, `send_at`) VALUES ('140', '6', '95', '1994-08-14 16:27:54');
INSERT INTO `photos_likes` (`id`, `from_user_id`, `photo_id`, `send_at`) VALUES ('141', '6', '94', '2003-05-08 10:47:52');
INSERT INTO `photos_likes` (`id`, `from_user_id`, `photo_id`, `send_at`) VALUES ('142', '19', '22', '1972-05-02 22:19:23');
INSERT INTO `photos_likes` (`id`, `from_user_id`, `photo_id`, `send_at`) VALUES ('143', '16', '71', '1972-07-03 06:26:05');
INSERT INTO `photos_likes` (`id`, `from_user_id`, `photo_id`, `send_at`) VALUES ('144', '9', '27', '2017-09-20 02:40:53');
INSERT INTO `photos_likes` (`id`, `from_user_id`, `photo_id`, `send_at`) VALUES ('145', '13', '8', '1999-01-26 16:24:45');
INSERT INTO `photos_likes` (`id`, `from_user_id`, `photo_id`, `send_at`) VALUES ('146', '14', '6', '2001-08-09 01:03:41');
INSERT INTO `photos_likes` (`id`, `from_user_id`, `photo_id`, `send_at`) VALUES ('147', '3', '82', '1998-02-12 21:19:59');
INSERT INTO `photos_likes` (`id`, `from_user_id`, `photo_id`, `send_at`) VALUES ('148', '10', '19', '1970-08-13 18:33:45');
INSERT INTO `photos_likes` (`id`, `from_user_id`, `photo_id`, `send_at`) VALUES ('149', '12', '79', '2000-06-10 11:51:39');
INSERT INTO `photos_likes` (`id`, `from_user_id`, `photo_id`, `send_at`) VALUES ('150', '3', '100', '2010-12-26 07:46:18');
INSERT INTO `photos_likes` (`id`, `from_user_id`, `photo_id`, `send_at`) VALUES ('151', '20', '3', '1975-03-24 03:31:21');
INSERT INTO `photos_likes` (`id`, `from_user_id`, `photo_id`, `send_at`) VALUES ('152', '20', '98', '1992-11-19 16:38:03');
INSERT INTO `photos_likes` (`id`, `from_user_id`, `photo_id`, `send_at`) VALUES ('153', '3', '71', '1995-11-24 05:41:32');
INSERT INTO `photos_likes` (`id`, `from_user_id`, `photo_id`, `send_at`) VALUES ('154', '17', '57', '2012-09-18 09:37:58');
INSERT INTO `photos_likes` (`id`, `from_user_id`, `photo_id`, `send_at`) VALUES ('155', '11', '11', '2008-08-09 19:32:07');
INSERT INTO `photos_likes` (`id`, `from_user_id`, `photo_id`, `send_at`) VALUES ('156', '11', '82', '1995-05-02 08:55:37');
INSERT INTO `photos_likes` (`id`, `from_user_id`, `photo_id`, `send_at`) VALUES ('157', '1', '45', '1981-08-16 17:59:00');
INSERT INTO `photos_likes` (`id`, `from_user_id`, `photo_id`, `send_at`) VALUES ('158', '1', '81', '1992-11-20 06:07:56');
INSERT INTO `photos_likes` (`id`, `from_user_id`, `photo_id`, `send_at`) VALUES ('159', '4', '44', '1999-11-10 15:22:04');
INSERT INTO `photos_likes` (`id`, `from_user_id`, `photo_id`, `send_at`) VALUES ('160', '2', '79', '1983-08-16 13:03:47');
INSERT INTO `photos_likes` (`id`, `from_user_id`, `photo_id`, `send_at`) VALUES ('161', '11', '76', '1986-09-27 20:40:53');
INSERT INTO `photos_likes` (`id`, `from_user_id`, `photo_id`, `send_at`) VALUES ('162', '17', '63', '1997-03-08 03:11:06');
INSERT INTO `photos_likes` (`id`, `from_user_id`, `photo_id`, `send_at`) VALUES ('163', '12', '31', '2003-09-05 20:23:37');
INSERT INTO `photos_likes` (`id`, `from_user_id`, `photo_id`, `send_at`) VALUES ('164', '17', '17', '1984-07-18 20:08:38');
INSERT INTO `photos_likes` (`id`, `from_user_id`, `photo_id`, `send_at`) VALUES ('165', '2', '93', '1982-01-29 22:18:45');
INSERT INTO `photos_likes` (`id`, `from_user_id`, `photo_id`, `send_at`) VALUES ('166', '4', '9', '1976-12-23 19:57:29');
INSERT INTO `photos_likes` (`id`, `from_user_id`, `photo_id`, `send_at`) VALUES ('167', '20', '13', '2017-03-03 01:40:31');
INSERT INTO `photos_likes` (`id`, `from_user_id`, `photo_id`, `send_at`) VALUES ('168', '2', '9', '2017-01-28 11:00:18');
INSERT INTO `photos_likes` (`id`, `from_user_id`, `photo_id`, `send_at`) VALUES ('169', '17', '88', '1993-06-14 06:55:24');
INSERT INTO `photos_likes` (`id`, `from_user_id`, `photo_id`, `send_at`) VALUES ('170', '13', '38', '1986-01-31 00:55:37');
INSERT INTO `photos_likes` (`id`, `from_user_id`, `photo_id`, `send_at`) VALUES ('171', '20', '15', '2004-12-27 11:42:41');
INSERT INTO `photos_likes` (`id`, `from_user_id`, `photo_id`, `send_at`) VALUES ('172', '4', '3', '2013-12-01 20:33:47');
INSERT INTO `photos_likes` (`id`, `from_user_id`, `photo_id`, `send_at`) VALUES ('173', '12', '22', '2019-02-27 21:41:42');
INSERT INTO `photos_likes` (`id`, `from_user_id`, `photo_id`, `send_at`) VALUES ('174', '17', '76', '1994-06-29 00:30:19');
INSERT INTO `photos_likes` (`id`, `from_user_id`, `photo_id`, `send_at`) VALUES ('175', '13', '90', '2018-04-21 13:01:43');
INSERT INTO `photos_likes` (`id`, `from_user_id`, `photo_id`, `send_at`) VALUES ('176', '11', '16', '1978-07-16 09:41:22');
INSERT INTO `photos_likes` (`id`, `from_user_id`, `photo_id`, `send_at`) VALUES ('177', '14', '39', '1989-10-28 08:44:18');
INSERT INTO `photos_likes` (`id`, `from_user_id`, `photo_id`, `send_at`) VALUES ('178', '16', '23', '1998-12-20 16:06:34');
INSERT INTO `photos_likes` (`id`, `from_user_id`, `photo_id`, `send_at`) VALUES ('179', '14', '59', '2012-03-31 21:08:41');
INSERT INTO `photos_likes` (`id`, `from_user_id`, `photo_id`, `send_at`) VALUES ('180', '8', '79', '1989-11-30 18:16:20');
INSERT INTO `photos_likes` (`id`, `from_user_id`, `photo_id`, `send_at`) VALUES ('181', '11', '56', '2014-09-07 07:02:46');
INSERT INTO `photos_likes` (`id`, `from_user_id`, `photo_id`, `send_at`) VALUES ('182', '18', '48', '1980-09-20 13:27:24');
INSERT INTO `photos_likes` (`id`, `from_user_id`, `photo_id`, `send_at`) VALUES ('183', '14', '94', '1998-09-17 15:59:02');
INSERT INTO `photos_likes` (`id`, `from_user_id`, `photo_id`, `send_at`) VALUES ('184', '12', '51', '1988-02-20 00:17:08');
INSERT INTO `photos_likes` (`id`, `from_user_id`, `photo_id`, `send_at`) VALUES ('185', '17', '20', '1995-12-17 11:15:34');
INSERT INTO `photos_likes` (`id`, `from_user_id`, `photo_id`, `send_at`) VALUES ('186', '18', '79', '1978-03-08 21:31:40');
INSERT INTO `photos_likes` (`id`, `from_user_id`, `photo_id`, `send_at`) VALUES ('187', '7', '6', '1988-09-12 11:44:48');
INSERT INTO `photos_likes` (`id`, `from_user_id`, `photo_id`, `send_at`) VALUES ('188', '17', '95', '1992-07-28 06:27:18');
INSERT INTO `photos_likes` (`id`, `from_user_id`, `photo_id`, `send_at`) VALUES ('189', '6', '64', '1992-05-20 01:25:14');
INSERT INTO `photos_likes` (`id`, `from_user_id`, `photo_id`, `send_at`) VALUES ('190', '14', '92', '1989-03-13 09:57:11');
INSERT INTO `photos_likes` (`id`, `from_user_id`, `photo_id`, `send_at`) VALUES ('191', '11', '24', '1998-12-07 15:44:33');
INSERT INTO `photos_likes` (`id`, `from_user_id`, `photo_id`, `send_at`) VALUES ('192', '2', '19', '1996-09-22 23:52:29');
INSERT INTO `photos_likes` (`id`, `from_user_id`, `photo_id`, `send_at`) VALUES ('193', '13', '85', '1998-09-29 18:20:10');
INSERT INTO `photos_likes` (`id`, `from_user_id`, `photo_id`, `send_at`) VALUES ('194', '9', '32', '1990-07-30 21:13:22');
INSERT INTO `photos_likes` (`id`, `from_user_id`, `photo_id`, `send_at`) VALUES ('195', '9', '81', '2007-09-03 05:08:55');
INSERT INTO `photos_likes` (`id`, `from_user_id`, `photo_id`, `send_at`) VALUES ('196', '2', '96', '1974-01-25 09:32:14');
INSERT INTO `photos_likes` (`id`, `from_user_id`, `photo_id`, `send_at`) VALUES ('197', '8', '98', '1993-09-04 15:18:28');
INSERT INTO `photos_likes` (`id`, `from_user_id`, `photo_id`, `send_at`) VALUES ('198', '9', '5', '1981-08-14 04:59:33');
INSERT INTO `photos_likes` (`id`, `from_user_id`, `photo_id`, `send_at`) VALUES ('199', '19', '98', '1988-01-04 22:11:10');
INSERT INTO `photos_likes` (`id`, `from_user_id`, `photo_id`, `send_at`) VALUES ('200', '11', '71', '1999-09-29 09:28:17');
INSERT INTO `photos_likes` (`id`, `from_user_id`, `photo_id`, `send_at`) VALUES ('201', '4', '43', '1975-07-16 23:46:05');
INSERT INTO `photos_likes` (`id`, `from_user_id`, `photo_id`, `send_at`) VALUES ('202', '10', '52', '1998-07-06 00:22:00');
INSERT INTO `photos_likes` (`id`, `from_user_id`, `photo_id`, `send_at`) VALUES ('203', '10', '31', '1978-06-01 19:38:04');
INSERT INTO `photos_likes` (`id`, `from_user_id`, `photo_id`, `send_at`) VALUES ('204', '10', '76', '2013-11-17 20:35:05');
INSERT INTO `photos_likes` (`id`, `from_user_id`, `photo_id`, `send_at`) VALUES ('205', '19', '16', '1983-05-15 00:46:49');
INSERT INTO `photos_likes` (`id`, `from_user_id`, `photo_id`, `send_at`) VALUES ('206', '14', '48', '2005-01-15 09:29:04');
INSERT INTO `photos_likes` (`id`, `from_user_id`, `photo_id`, `send_at`) VALUES ('207', '8', '74', '1974-12-29 15:34:42');
INSERT INTO `photos_likes` (`id`, `from_user_id`, `photo_id`, `send_at`) VALUES ('208', '14', '1', '1982-03-08 16:06:24');
INSERT INTO `photos_likes` (`id`, `from_user_id`, `photo_id`, `send_at`) VALUES ('209', '12', '8', '2020-07-22 03:06:36');
INSERT INTO `photos_likes` (`id`, `from_user_id`, `photo_id`, `send_at`) VALUES ('210', '7', '2', '2020-07-22 02:14:21');
INSERT INTO `photos_likes` (`id`, `from_user_id`, `photo_id`, `send_at`) VALUES ('211', '18', '42', '1988-09-02 16:32:22');
INSERT INTO `photos_likes` (`id`, `from_user_id`, `photo_id`, `send_at`) VALUES ('212', '20', '25', '2003-09-11 00:05:13');
INSERT INTO `photos_likes` (`id`, `from_user_id`, `photo_id`, `send_at`) VALUES ('213', '8', '40', '1999-06-21 04:44:34');
INSERT INTO `photos_likes` (`id`, `from_user_id`, `photo_id`, `send_at`) VALUES ('214', '6', '30', '2018-06-27 01:37:53');
INSERT INTO `photos_likes` (`id`, `from_user_id`, `photo_id`, `send_at`) VALUES ('215', '8', '84', '2016-01-14 02:16:59');
INSERT INTO `photos_likes` (`id`, `from_user_id`, `photo_id`, `send_at`) VALUES ('216', '1', '55', '1978-01-06 09:52:10');
INSERT INTO `photos_likes` (`id`, `from_user_id`, `photo_id`, `send_at`) VALUES ('217', '6', '50', '1988-10-28 09:46:02');
INSERT INTO `photos_likes` (`id`, `from_user_id`, `photo_id`, `send_at`) VALUES ('218', '2', '75', '1995-01-09 23:25:12');
INSERT INTO `photos_likes` (`id`, `from_user_id`, `photo_id`, `send_at`) VALUES ('219', '16', '53', '1986-10-11 16:06:08');
INSERT INTO `photos_likes` (`id`, `from_user_id`, `photo_id`, `send_at`) VALUES ('220', '10', '74', '1992-11-23 13:12:07');
INSERT INTO `photos_likes` (`id`, `from_user_id`, `photo_id`, `send_at`) VALUES ('221', '14', '17', '1997-04-27 06:50:06');
INSERT INTO `photos_likes` (`id`, `from_user_id`, `photo_id`, `send_at`) VALUES ('222', '5', '7', '1996-07-12 18:21:14');
INSERT INTO `photos_likes` (`id`, `from_user_id`, `photo_id`, `send_at`) VALUES ('223', '19', '88', '1990-09-13 23:08:03');
INSERT INTO `photos_likes` (`id`, `from_user_id`, `photo_id`, `send_at`) VALUES ('224', '2', '49', '2012-05-30 20:23:13');
INSERT INTO `photos_likes` (`id`, `from_user_id`, `photo_id`, `send_at`) VALUES ('225', '19', '40', '1970-01-15 10:06:30');
INSERT INTO `photos_likes` (`id`, `from_user_id`, `photo_id`, `send_at`) VALUES ('226', '11', '83', '1998-06-03 12:13:31');
INSERT INTO `photos_likes` (`id`, `from_user_id`, `photo_id`, `send_at`) VALUES ('227', '17', '48', '1992-02-20 17:48:34');
INSERT INTO `photos_likes` (`id`, `from_user_id`, `photo_id`, `send_at`) VALUES ('228', '2', '21', '2012-05-31 06:32:15');
INSERT INTO `photos_likes` (`id`, `from_user_id`, `photo_id`, `send_at`) VALUES ('229', '18', '35', '1981-05-09 08:42:59');
INSERT INTO `photos_likes` (`id`, `from_user_id`, `photo_id`, `send_at`) VALUES ('230', '10', '24', '2010-09-15 04:29:08');
INSERT INTO `photos_likes` (`id`, `from_user_id`, `photo_id`, `send_at`) VALUES ('231', '4', '51', '1977-12-17 10:38:06');
INSERT INTO `photos_likes` (`id`, `from_user_id`, `photo_id`, `send_at`) VALUES ('232', '16', '45', '1990-09-23 06:23:14');
INSERT INTO `photos_likes` (`id`, `from_user_id`, `photo_id`, `send_at`) VALUES ('233', '20', '84', '1985-05-05 08:36:11');
INSERT INTO `photos_likes` (`id`, `from_user_id`, `photo_id`, `send_at`) VALUES ('234', '4', '80', '1983-03-05 07:41:08');
INSERT INTO `photos_likes` (`id`, `from_user_id`, `photo_id`, `send_at`) VALUES ('235', '8', '69', '2015-03-16 09:12:55');
INSERT INTO `photos_likes` (`id`, `from_user_id`, `photo_id`, `send_at`) VALUES ('236', '11', '3', '2002-02-04 04:49:41');
INSERT INTO `photos_likes` (`id`, `from_user_id`, `photo_id`, `send_at`) VALUES ('237', '17', '74', '2008-11-19 02:41:07');
INSERT INTO `photos_likes` (`id`, `from_user_id`, `photo_id`, `send_at`) VALUES ('238', '2', '75', '1975-11-04 10:11:23');
INSERT INTO `photos_likes` (`id`, `from_user_id`, `photo_id`, `send_at`) VALUES ('239', '13', '17', '2009-04-28 11:20:43');
INSERT INTO `photos_likes` (`id`, `from_user_id`, `photo_id`, `send_at`) VALUES ('240', '5', '56', '1992-08-07 22:30:05');
INSERT INTO `photos_likes` (`id`, `from_user_id`, `photo_id`, `send_at`) VALUES ('241', '12', '74', '2009-11-06 03:41:40');
INSERT INTO `photos_likes` (`id`, `from_user_id`, `photo_id`, `send_at`) VALUES ('242', '8', '37', '1992-10-28 18:15:15');
INSERT INTO `photos_likes` (`id`, `from_user_id`, `photo_id`, `send_at`) VALUES ('243', '5', '44', '1998-05-08 17:06:07');
INSERT INTO `photos_likes` (`id`, `from_user_id`, `photo_id`, `send_at`) VALUES ('244', '12', '7', '1980-04-14 00:30:27');
INSERT INTO `photos_likes` (`id`, `from_user_id`, `photo_id`, `send_at`) VALUES ('245', '16', '7', '2011-06-21 03:07:06');
INSERT INTO `photos_likes` (`id`, `from_user_id`, `photo_id`, `send_at`) VALUES ('246', '6', '97', '1970-06-17 05:34:07');
INSERT INTO `photos_likes` (`id`, `from_user_id`, `photo_id`, `send_at`) VALUES ('247', '12', '7', '1994-01-02 09:40:25');
INSERT INTO `photos_likes` (`id`, `from_user_id`, `photo_id`, `send_at`) VALUES ('248', '9', '57', '2010-06-12 11:10:18');
INSERT INTO `photos_likes` (`id`, `from_user_id`, `photo_id`, `send_at`) VALUES ('249', '19', '60', '1999-03-19 13:48:02');
INSERT INTO `photos_likes` (`id`, `from_user_id`, `photo_id`, `send_at`) VALUES ('250', '8', '26', '1976-05-29 07:28:02');
INSERT INTO `photos_likes` (`id`, `from_user_id`, `photo_id`, `send_at`) VALUES ('251', '6', '90', '1980-11-03 23:32:06');
INSERT INTO `photos_likes` (`id`, `from_user_id`, `photo_id`, `send_at`) VALUES ('252', '6', '12', '1987-01-30 06:55:42');
INSERT INTO `photos_likes` (`id`, `from_user_id`, `photo_id`, `send_at`) VALUES ('253', '13', '38', '2014-12-26 07:32:12');
INSERT INTO `photos_likes` (`id`, `from_user_id`, `photo_id`, `send_at`) VALUES ('254', '18', '24', '1984-01-23 07:54:18');
INSERT INTO `photos_likes` (`id`, `from_user_id`, `photo_id`, `send_at`) VALUES ('255', '11', '10', '1977-09-03 21:54:59');
INSERT INTO `photos_likes` (`id`, `from_user_id`, `photo_id`, `send_at`) VALUES ('256', '16', '10', '1970-10-05 19:58:55');
INSERT INTO `photos_likes` (`id`, `from_user_id`, `photo_id`, `send_at`) VALUES ('257', '17', '16', '1993-07-18 05:37:30');
INSERT INTO `photos_likes` (`id`, `from_user_id`, `photo_id`, `send_at`) VALUES ('258', '10', '4', '2003-05-22 10:01:15');
INSERT INTO `photos_likes` (`id`, `from_user_id`, `photo_id`, `send_at`) VALUES ('259', '12', '4', '2010-11-19 16:31:51');
INSERT INTO `photos_likes` (`id`, `from_user_id`, `photo_id`, `send_at`) VALUES ('260', '2', '38', '1972-06-15 23:32:26');
INSERT INTO `photos_likes` (`id`, `from_user_id`, `photo_id`, `send_at`) VALUES ('261', '3', '40', '1993-08-22 03:44:35');
INSERT INTO `photos_likes` (`id`, `from_user_id`, `photo_id`, `send_at`) VALUES ('262', '7', '68', '1985-05-29 09:52:28');
INSERT INTO `photos_likes` (`id`, `from_user_id`, `photo_id`, `send_at`) VALUES ('263', '10', '74', '1978-05-18 04:15:15');
INSERT INTO `photos_likes` (`id`, `from_user_id`, `photo_id`, `send_at`) VALUES ('264', '5', '37', '1982-01-06 03:16:15');
INSERT INTO `photos_likes` (`id`, `from_user_id`, `photo_id`, `send_at`) VALUES ('265', '7', '61', '2003-02-20 08:19:19');
INSERT INTO `photos_likes` (`id`, `from_user_id`, `photo_id`, `send_at`) VALUES ('266', '13', '60', '2011-05-24 07:06:53');
INSERT INTO `photos_likes` (`id`, `from_user_id`, `photo_id`, `send_at`) VALUES ('267', '10', '92', '1975-09-03 06:47:00');
INSERT INTO `photos_likes` (`id`, `from_user_id`, `photo_id`, `send_at`) VALUES ('268', '15', '13', '1993-12-13 18:52:20');
INSERT INTO `photos_likes` (`id`, `from_user_id`, `photo_id`, `send_at`) VALUES ('269', '6', '59', '1991-10-07 14:46:44');
INSERT INTO `photos_likes` (`id`, `from_user_id`, `photo_id`, `send_at`) VALUES ('270', '8', '83', '1972-03-09 19:33:12');
INSERT INTO `photos_likes` (`id`, `from_user_id`, `photo_id`, `send_at`) VALUES ('271', '14', '15', '2018-06-23 21:27:28');
INSERT INTO `photos_likes` (`id`, `from_user_id`, `photo_id`, `send_at`) VALUES ('272', '19', '52', '1998-03-10 16:21:08');
INSERT INTO `photos_likes` (`id`, `from_user_id`, `photo_id`, `send_at`) VALUES ('273', '7', '39', '1974-11-21 23:06:17');
INSERT INTO `photos_likes` (`id`, `from_user_id`, `photo_id`, `send_at`) VALUES ('274', '11', '90', '1972-01-07 15:06:43');
INSERT INTO `photos_likes` (`id`, `from_user_id`, `photo_id`, `send_at`) VALUES ('275', '9', '65', '2007-02-05 18:13:48');
INSERT INTO `photos_likes` (`id`, `from_user_id`, `photo_id`, `send_at`) VALUES ('276', '6', '52', '1999-10-10 00:45:56');
INSERT INTO `photos_likes` (`id`, `from_user_id`, `photo_id`, `send_at`) VALUES ('277', '1', '60', '2009-09-28 13:22:50');
INSERT INTO `photos_likes` (`id`, `from_user_id`, `photo_id`, `send_at`) VALUES ('278', '4', '51', '1982-04-25 09:54:01');
INSERT INTO `photos_likes` (`id`, `from_user_id`, `photo_id`, `send_at`) VALUES ('279', '7', '43', '1991-03-17 22:22:36');
INSERT INTO `photos_likes` (`id`, `from_user_id`, `photo_id`, `send_at`) VALUES ('280', '18', '67', '2003-08-17 10:15:11');
INSERT INTO `photos_likes` (`id`, `from_user_id`, `photo_id`, `send_at`) VALUES ('281', '1', '50', '1973-06-30 04:55:03');
INSERT INTO `photos_likes` (`id`, `from_user_id`, `photo_id`, `send_at`) VALUES ('282', '6', '53', '1992-09-27 13:19:54');
INSERT INTO `photos_likes` (`id`, `from_user_id`, `photo_id`, `send_at`) VALUES ('283', '9', '98', '1997-07-08 18:19:38');
INSERT INTO `photos_likes` (`id`, `from_user_id`, `photo_id`, `send_at`) VALUES ('284', '13', '70', '2017-06-30 10:15:17');
INSERT INTO `photos_likes` (`id`, `from_user_id`, `photo_id`, `send_at`) VALUES ('285', '12', '1', '1981-03-23 21:50:38');
INSERT INTO `photos_likes` (`id`, `from_user_id`, `photo_id`, `send_at`) VALUES ('286', '11', '25', '2001-02-12 05:54:56');
INSERT INTO `photos_likes` (`id`, `from_user_id`, `photo_id`, `send_at`) VALUES ('287', '4', '45', '2015-11-10 07:31:13');
INSERT INTO `photos_likes` (`id`, `from_user_id`, `photo_id`, `send_at`) VALUES ('288', '16', '46', '1988-02-03 08:04:41');
INSERT INTO `photos_likes` (`id`, `from_user_id`, `photo_id`, `send_at`) VALUES ('289', '17', '31', '1971-03-31 04:09:45');
INSERT INTO `photos_likes` (`id`, `from_user_id`, `photo_id`, `send_at`) VALUES ('290', '7', '24', '2011-06-19 07:48:29');
INSERT INTO `photos_likes` (`id`, `from_user_id`, `photo_id`, `send_at`) VALUES ('291', '20', '62', '2019-03-27 19:46:56');
INSERT INTO `photos_likes` (`id`, `from_user_id`, `photo_id`, `send_at`) VALUES ('292', '15', '100', '1995-08-23 15:34:33');
INSERT INTO `photos_likes` (`id`, `from_user_id`, `photo_id`, `send_at`) VALUES ('293', '5', '94', '1981-06-10 01:26:00');
INSERT INTO `photos_likes` (`id`, `from_user_id`, `photo_id`, `send_at`) VALUES ('294', '11', '54', '1978-01-06 21:10:42');
INSERT INTO `photos_likes` (`id`, `from_user_id`, `photo_id`, `send_at`) VALUES ('295', '8', '39', '2008-04-19 05:35:14');
INSERT INTO `photos_likes` (`id`, `from_user_id`, `photo_id`, `send_at`) VALUES ('296', '5', '40', '1994-07-08 11:32:45');
INSERT INTO `photos_likes` (`id`, `from_user_id`, `photo_id`, `send_at`) VALUES ('297', '18', '47', '1984-04-05 08:21:08');
INSERT INTO `photos_likes` (`id`, `from_user_id`, `photo_id`, `send_at`) VALUES ('298', '19', '29', '1999-09-24 03:15:15');
INSERT INTO `photos_likes` (`id`, `from_user_id`, `photo_id`, `send_at`) VALUES ('299', '9', '57', '2005-03-06 16:57:19');
INSERT INTO `photos_likes` (`id`, `from_user_id`, `photo_id`, `send_at`) VALUES ('300', '20', '1', '1970-07-11 06:45:13');
INSERT INTO `photos_likes` (`id`, `from_user_id`, `photo_id`, `send_at`) VALUES ('301', '12', '51', '1974-02-17 23:23:59');
INSERT INTO `photos_likes` (`id`, `from_user_id`, `photo_id`, `send_at`) VALUES ('302', '6', '73', '2014-08-24 07:24:23');
INSERT INTO `photos_likes` (`id`, `from_user_id`, `photo_id`, `send_at`) VALUES ('303', '19', '2', '1997-12-06 22:02:14');
INSERT INTO `photos_likes` (`id`, `from_user_id`, `photo_id`, `send_at`) VALUES ('304', '4', '77', '1999-08-16 11:54:19');
INSERT INTO `photos_likes` (`id`, `from_user_id`, `photo_id`, `send_at`) VALUES ('305', '7', '53', '1985-03-19 09:43:00');
INSERT INTO `photos_likes` (`id`, `from_user_id`, `photo_id`, `send_at`) VALUES ('306', '1', '28', '1980-10-02 10:59:00');
INSERT INTO `photos_likes` (`id`, `from_user_id`, `photo_id`, `send_at`) VALUES ('307', '3', '76', '2018-10-05 03:19:16');
INSERT INTO `photos_likes` (`id`, `from_user_id`, `photo_id`, `send_at`) VALUES ('308', '6', '35', '2007-09-29 04:45:44');
INSERT INTO `photos_likes` (`id`, `from_user_id`, `photo_id`, `send_at`) VALUES ('309', '14', '78', '1991-10-01 15:34:21');
INSERT INTO `photos_likes` (`id`, `from_user_id`, `photo_id`, `send_at`) VALUES ('310', '18', '6', '1996-03-03 08:36:24');
INSERT INTO `photos_likes` (`id`, `from_user_id`, `photo_id`, `send_at`) VALUES ('311', '4', '9', '1981-07-29 18:42:10');
INSERT INTO `photos_likes` (`id`, `from_user_id`, `photo_id`, `send_at`) VALUES ('312', '9', '4', '1991-01-16 01:20:32');
INSERT INTO `photos_likes` (`id`, `from_user_id`, `photo_id`, `send_at`) VALUES ('313', '11', '37', '2009-06-06 05:17:39');
INSERT INTO `photos_likes` (`id`, `from_user_id`, `photo_id`, `send_at`) VALUES ('314', '7', '99', '1970-11-03 17:51:30');
INSERT INTO `photos_likes` (`id`, `from_user_id`, `photo_id`, `send_at`) VALUES ('315', '19', '32', '1992-10-30 02:27:10');
INSERT INTO `photos_likes` (`id`, `from_user_id`, `photo_id`, `send_at`) VALUES ('316', '20', '51', '1981-12-05 16:38:27');
INSERT INTO `photos_likes` (`id`, `from_user_id`, `photo_id`, `send_at`) VALUES ('317', '17', '24', '2007-04-04 02:43:27');
INSERT INTO `photos_likes` (`id`, `from_user_id`, `photo_id`, `send_at`) VALUES ('318', '5', '77', '1986-05-26 02:53:15');
INSERT INTO `photos_likes` (`id`, `from_user_id`, `photo_id`, `send_at`) VALUES ('319', '5', '40', '2007-10-13 23:18:17');
INSERT INTO `photos_likes` (`id`, `from_user_id`, `photo_id`, `send_at`) VALUES ('320', '11', '57', '1973-07-02 17:41:23');
INSERT INTO `photos_likes` (`id`, `from_user_id`, `photo_id`, `send_at`) VALUES ('321', '19', '55', '1978-02-19 07:07:27');
INSERT INTO `photos_likes` (`id`, `from_user_id`, `photo_id`, `send_at`) VALUES ('322', '17', '6', '2008-08-21 11:39:48');
INSERT INTO `photos_likes` (`id`, `from_user_id`, `photo_id`, `send_at`) VALUES ('323', '6', '11', '1974-01-25 19:06:04');
INSERT INTO `photos_likes` (`id`, `from_user_id`, `photo_id`, `send_at`) VALUES ('324', '8', '99', '1976-04-08 20:41:11');
INSERT INTO `photos_likes` (`id`, `from_user_id`, `photo_id`, `send_at`) VALUES ('325', '18', '28', '1993-03-17 18:53:25');
INSERT INTO `photos_likes` (`id`, `from_user_id`, `photo_id`, `send_at`) VALUES ('326', '1', '4', '1998-10-27 21:38:35');
INSERT INTO `photos_likes` (`id`, `from_user_id`, `photo_id`, `send_at`) VALUES ('327', '8', '49', '2003-11-29 01:22:13');
INSERT INTO `photos_likes` (`id`, `from_user_id`, `photo_id`, `send_at`) VALUES ('328', '2', '91', '2008-05-12 03:01:05');
INSERT INTO `photos_likes` (`id`, `from_user_id`, `photo_id`, `send_at`) VALUES ('329', '17', '40', '1971-04-02 03:27:11');
INSERT INTO `photos_likes` (`id`, `from_user_id`, `photo_id`, `send_at`) VALUES ('330', '18', '78', '1972-06-08 08:14:36');
INSERT INTO `photos_likes` (`id`, `from_user_id`, `photo_id`, `send_at`) VALUES ('331', '15', '88', '1999-10-17 02:59:11');
INSERT INTO `photos_likes` (`id`, `from_user_id`, `photo_id`, `send_at`) VALUES ('332', '6', '53', '2017-11-07 20:07:47');
INSERT INTO `photos_likes` (`id`, `from_user_id`, `photo_id`, `send_at`) VALUES ('333', '3', '51', '1998-05-18 02:54:53');
INSERT INTO `photos_likes` (`id`, `from_user_id`, `photo_id`, `send_at`) VALUES ('334', '6', '37', '1980-04-12 11:06:58');
INSERT INTO `photos_likes` (`id`, `from_user_id`, `photo_id`, `send_at`) VALUES ('335', '18', '84', '1989-10-28 23:35:39');
INSERT INTO `photos_likes` (`id`, `from_user_id`, `photo_id`, `send_at`) VALUES ('336', '19', '82', '1992-02-24 09:43:34');
INSERT INTO `photos_likes` (`id`, `from_user_id`, `photo_id`, `send_at`) VALUES ('337', '8', '77', '1999-02-09 05:46:00');
INSERT INTO `photos_likes` (`id`, `from_user_id`, `photo_id`, `send_at`) VALUES ('338', '18', '67', '1970-05-10 04:52:57');
INSERT INTO `photos_likes` (`id`, `from_user_id`, `photo_id`, `send_at`) VALUES ('339', '18', '27', '1990-03-24 22:10:50');
INSERT INTO `photos_likes` (`id`, `from_user_id`, `photo_id`, `send_at`) VALUES ('340', '14', '77', '2008-03-06 11:05:56');
INSERT INTO `photos_likes` (`id`, `from_user_id`, `photo_id`, `send_at`) VALUES ('341', '11', '69', '2001-09-02 23:21:46');
INSERT INTO `photos_likes` (`id`, `from_user_id`, `photo_id`, `send_at`) VALUES ('342', '17', '91', '2004-09-17 07:27:20');
INSERT INTO `photos_likes` (`id`, `from_user_id`, `photo_id`, `send_at`) VALUES ('343', '4', '88', '2010-02-15 14:35:45');
INSERT INTO `photos_likes` (`id`, `from_user_id`, `photo_id`, `send_at`) VALUES ('344', '17', '3', '2010-03-28 11:36:55');
INSERT INTO `photos_likes` (`id`, `from_user_id`, `photo_id`, `send_at`) VALUES ('345', '6', '69', '1979-10-19 23:10:52');
INSERT INTO `photos_likes` (`id`, `from_user_id`, `photo_id`, `send_at`) VALUES ('346', '16', '99', '2010-06-15 10:54:33');
INSERT INTO `photos_likes` (`id`, `from_user_id`, `photo_id`, `send_at`) VALUES ('347', '12', '8', '2018-06-07 06:40:29');
INSERT INTO `photos_likes` (`id`, `from_user_id`, `photo_id`, `send_at`) VALUES ('348', '11', '68', '1971-05-24 08:35:28');
INSERT INTO `photos_likes` (`id`, `from_user_id`, `photo_id`, `send_at`) VALUES ('349', '12', '82', '1970-01-02 11:52:55');
INSERT INTO `photos_likes` (`id`, `from_user_id`, `photo_id`, `send_at`) VALUES ('350', '1', '48', '1980-03-25 06:03:58');
INSERT INTO `photos_likes` (`id`, `from_user_id`, `photo_id`, `send_at`) VALUES ('351', '13', '97', '1973-09-10 02:35:46');
INSERT INTO `photos_likes` (`id`, `from_user_id`, `photo_id`, `send_at`) VALUES ('352', '6', '3', '1996-12-03 03:47:11');
INSERT INTO `photos_likes` (`id`, `from_user_id`, `photo_id`, `send_at`) VALUES ('353', '15', '17', '2019-10-11 23:55:17');
INSERT INTO `photos_likes` (`id`, `from_user_id`, `photo_id`, `send_at`) VALUES ('354', '14', '61', '1973-09-07 20:22:01');
INSERT INTO `photos_likes` (`id`, `from_user_id`, `photo_id`, `send_at`) VALUES ('355', '9', '35', '1982-07-10 03:41:26');
INSERT INTO `photos_likes` (`id`, `from_user_id`, `photo_id`, `send_at`) VALUES ('356', '8', '99', '1997-09-02 15:12:20');
INSERT INTO `photos_likes` (`id`, `from_user_id`, `photo_id`, `send_at`) VALUES ('357', '1', '17', '2000-07-23 09:29:28');
INSERT INTO `photos_likes` (`id`, `from_user_id`, `photo_id`, `send_at`) VALUES ('358', '18', '21', '1994-07-29 00:43:31');
INSERT INTO `photos_likes` (`id`, `from_user_id`, `photo_id`, `send_at`) VALUES ('359', '1', '70', '2010-07-09 22:25:37');
INSERT INTO `photos_likes` (`id`, `from_user_id`, `photo_id`, `send_at`) VALUES ('360', '5', '32', '1995-04-18 11:55:41');
INSERT INTO `photos_likes` (`id`, `from_user_id`, `photo_id`, `send_at`) VALUES ('361', '8', '3', '2002-03-26 01:42:32');
INSERT INTO `photos_likes` (`id`, `from_user_id`, `photo_id`, `send_at`) VALUES ('362', '7', '94', '1982-07-24 03:42:32');
INSERT INTO `photos_likes` (`id`, `from_user_id`, `photo_id`, `send_at`) VALUES ('363', '3', '82', '2019-11-23 12:38:41');
INSERT INTO `photos_likes` (`id`, `from_user_id`, `photo_id`, `send_at`) VALUES ('364', '13', '69', '2012-09-20 00:37:33');
INSERT INTO `photos_likes` (`id`, `from_user_id`, `photo_id`, `send_at`) VALUES ('365', '13', '64', '1972-05-25 07:04:31');
INSERT INTO `photos_likes` (`id`, `from_user_id`, `photo_id`, `send_at`) VALUES ('366', '4', '28', '1986-07-13 04:21:33');
INSERT INTO `photos_likes` (`id`, `from_user_id`, `photo_id`, `send_at`) VALUES ('367', '12', '46', '2019-02-05 12:35:11');
INSERT INTO `photos_likes` (`id`, `from_user_id`, `photo_id`, `send_at`) VALUES ('368', '7', '33', '1989-03-15 23:11:01');
INSERT INTO `photos_likes` (`id`, `from_user_id`, `photo_id`, `send_at`) VALUES ('369', '13', '100', '1980-12-12 08:00:47');
INSERT INTO `photos_likes` (`id`, `from_user_id`, `photo_id`, `send_at`) VALUES ('370', '19', '7', '1971-12-04 06:36:15');
INSERT INTO `photos_likes` (`id`, `from_user_id`, `photo_id`, `send_at`) VALUES ('371', '7', '30', '1995-03-30 22:47:51');
INSERT INTO `photos_likes` (`id`, `from_user_id`, `photo_id`, `send_at`) VALUES ('372', '1', '38', '1995-02-20 14:07:50');
INSERT INTO `photos_likes` (`id`, `from_user_id`, `photo_id`, `send_at`) VALUES ('373', '10', '94', '1980-03-17 13:12:17');
INSERT INTO `photos_likes` (`id`, `from_user_id`, `photo_id`, `send_at`) VALUES ('374', '12', '51', '1975-04-18 13:09:12');
INSERT INTO `photos_likes` (`id`, `from_user_id`, `photo_id`, `send_at`) VALUES ('375', '13', '81', '1992-02-01 20:20:49');
INSERT INTO `photos_likes` (`id`, `from_user_id`, `photo_id`, `send_at`) VALUES ('376', '17', '1', '2002-07-28 04:50:24');
INSERT INTO `photos_likes` (`id`, `from_user_id`, `photo_id`, `send_at`) VALUES ('377', '17', '13', '1991-04-13 06:00:53');
INSERT INTO `photos_likes` (`id`, `from_user_id`, `photo_id`, `send_at`) VALUES ('378', '19', '94', '1997-12-24 16:15:31');
INSERT INTO `photos_likes` (`id`, `from_user_id`, `photo_id`, `send_at`) VALUES ('379', '19', '55', '2007-06-26 22:50:32');
INSERT INTO `photos_likes` (`id`, `from_user_id`, `photo_id`, `send_at`) VALUES ('380', '13', '58', '1994-06-01 02:26:57');
INSERT INTO `photos_likes` (`id`, `from_user_id`, `photo_id`, `send_at`) VALUES ('381', '4', '79', '1998-01-11 12:36:59');
INSERT INTO `photos_likes` (`id`, `from_user_id`, `photo_id`, `send_at`) VALUES ('382', '17', '78', '2019-04-28 13:21:59');
INSERT INTO `photos_likes` (`id`, `from_user_id`, `photo_id`, `send_at`) VALUES ('383', '5', '15', '2003-11-15 05:28:02');
INSERT INTO `photos_likes` (`id`, `from_user_id`, `photo_id`, `send_at`) VALUES ('384', '3', '86', '2014-11-01 15:53:23');
INSERT INTO `photos_likes` (`id`, `from_user_id`, `photo_id`, `send_at`) VALUES ('385', '3', '4', '2005-01-23 19:13:19');
INSERT INTO `photos_likes` (`id`, `from_user_id`, `photo_id`, `send_at`) VALUES ('386', '19', '48', '2002-09-04 19:16:27');
INSERT INTO `photos_likes` (`id`, `from_user_id`, `photo_id`, `send_at`) VALUES ('387', '7', '97', '1995-11-20 11:55:55');
INSERT INTO `photos_likes` (`id`, `from_user_id`, `photo_id`, `send_at`) VALUES ('388', '17', '80', '1978-11-08 08:12:40');
INSERT INTO `photos_likes` (`id`, `from_user_id`, `photo_id`, `send_at`) VALUES ('389', '19', '43', '1987-12-06 13:20:25');
INSERT INTO `photos_likes` (`id`, `from_user_id`, `photo_id`, `send_at`) VALUES ('390', '6', '53', '1982-04-16 06:08:38');
INSERT INTO `photos_likes` (`id`, `from_user_id`, `photo_id`, `send_at`) VALUES ('391', '5', '12', '1970-10-06 02:00:49');
INSERT INTO `photos_likes` (`id`, `from_user_id`, `photo_id`, `send_at`) VALUES ('392', '11', '8', '1991-11-08 14:23:27');
INSERT INTO `photos_likes` (`id`, `from_user_id`, `photo_id`, `send_at`) VALUES ('393', '5', '47', '2005-06-22 00:36:20');
INSERT INTO `photos_likes` (`id`, `from_user_id`, `photo_id`, `send_at`) VALUES ('394', '1', '18', '2017-04-02 20:23:55');
INSERT INTO `photos_likes` (`id`, `from_user_id`, `photo_id`, `send_at`) VALUES ('395', '1', '64', '2016-01-18 20:28:03');
INSERT INTO `photos_likes` (`id`, `from_user_id`, `photo_id`, `send_at`) VALUES ('396', '16', '20', '1981-05-26 04:06:49');
INSERT INTO `photos_likes` (`id`, `from_user_id`, `photo_id`, `send_at`) VALUES ('397', '9', '60', '2020-01-29 13:45:42');
INSERT INTO `photos_likes` (`id`, `from_user_id`, `photo_id`, `send_at`) VALUES ('398', '20', '65', '1981-05-16 15:38:54');
INSERT INTO `photos_likes` (`id`, `from_user_id`, `photo_id`, `send_at`) VALUES ('399', '15', '8', '1992-06-14 00:40:32');
INSERT INTO `photos_likes` (`id`, `from_user_id`, `photo_id`, `send_at`) VALUES ('400', '11', '89', '2000-04-08 02:36:44');
INSERT INTO `photos_likes` (`id`, `from_user_id`, `photo_id`, `send_at`) VALUES ('401', '3', '43', '1973-03-15 07:06:50');
INSERT INTO `photos_likes` (`id`, `from_user_id`, `photo_id`, `send_at`) VALUES ('402', '8', '45', '1991-04-22 03:07:31');
INSERT INTO `photos_likes` (`id`, `from_user_id`, `photo_id`, `send_at`) VALUES ('403', '8', '22', '2007-10-12 22:01:55');
INSERT INTO `photos_likes` (`id`, `from_user_id`, `photo_id`, `send_at`) VALUES ('404', '5', '30', '1982-04-22 17:15:46');
INSERT INTO `photos_likes` (`id`, `from_user_id`, `photo_id`, `send_at`) VALUES ('405', '13', '54', '1999-05-27 11:26:53');
INSERT INTO `photos_likes` (`id`, `from_user_id`, `photo_id`, `send_at`) VALUES ('406', '17', '88', '1972-04-12 13:51:38');
INSERT INTO `photos_likes` (`id`, `from_user_id`, `photo_id`, `send_at`) VALUES ('407', '14', '36', '1970-10-27 22:43:04');
INSERT INTO `photos_likes` (`id`, `from_user_id`, `photo_id`, `send_at`) VALUES ('408', '19', '90', '1982-06-07 21:28:04');
INSERT INTO `photos_likes` (`id`, `from_user_id`, `photo_id`, `send_at`) VALUES ('409', '17', '96', '1986-01-07 14:31:31');
INSERT INTO `photos_likes` (`id`, `from_user_id`, `photo_id`, `send_at`) VALUES ('410', '2', '83', '1977-10-19 04:05:35');
INSERT INTO `photos_likes` (`id`, `from_user_id`, `photo_id`, `send_at`) VALUES ('411', '12', '83', '1985-11-06 20:05:57');
INSERT INTO `photos_likes` (`id`, `from_user_id`, `photo_id`, `send_at`) VALUES ('412', '1', '1', '1979-10-10 17:16:05');
INSERT INTO `photos_likes` (`id`, `from_user_id`, `photo_id`, `send_at`) VALUES ('413', '9', '100', '1972-05-02 06:30:18');
INSERT INTO `photos_likes` (`id`, `from_user_id`, `photo_id`, `send_at`) VALUES ('414', '13', '18', '2017-11-29 18:38:40');
INSERT INTO `photos_likes` (`id`, `from_user_id`, `photo_id`, `send_at`) VALUES ('415', '2', '16', '1989-06-10 08:07:57');
INSERT INTO `photos_likes` (`id`, `from_user_id`, `photo_id`, `send_at`) VALUES ('416', '2', '19', '2000-07-21 12:58:40');
INSERT INTO `photos_likes` (`id`, `from_user_id`, `photo_id`, `send_at`) VALUES ('417', '12', '43', '1996-03-14 08:36:48');
INSERT INTO `photos_likes` (`id`, `from_user_id`, `photo_id`, `send_at`) VALUES ('418', '13', '97', '2007-10-16 23:15:29');
INSERT INTO `photos_likes` (`id`, `from_user_id`, `photo_id`, `send_at`) VALUES ('419', '13', '87', '1985-05-19 20:34:52');
INSERT INTO `photos_likes` (`id`, `from_user_id`, `photo_id`, `send_at`) VALUES ('420', '6', '29', '1977-05-28 05:50:25');
INSERT INTO `photos_likes` (`id`, `from_user_id`, `photo_id`, `send_at`) VALUES ('421', '9', '9', '2006-09-19 06:43:23');
INSERT INTO `photos_likes` (`id`, `from_user_id`, `photo_id`, `send_at`) VALUES ('422', '4', '6', '1976-04-02 17:31:50');
INSERT INTO `photos_likes` (`id`, `from_user_id`, `photo_id`, `send_at`) VALUES ('423', '9', '12', '2009-09-15 17:04:41');
INSERT INTO `photos_likes` (`id`, `from_user_id`, `photo_id`, `send_at`) VALUES ('424', '20', '26', '2002-04-04 04:23:49');
INSERT INTO `photos_likes` (`id`, `from_user_id`, `photo_id`, `send_at`) VALUES ('425', '2', '3', '1981-11-11 15:56:47');
INSERT INTO `photos_likes` (`id`, `from_user_id`, `photo_id`, `send_at`) VALUES ('426', '2', '67', '2015-02-16 10:03:58');
INSERT INTO `photos_likes` (`id`, `from_user_id`, `photo_id`, `send_at`) VALUES ('427', '18', '11', '2018-10-30 08:49:41');
INSERT INTO `photos_likes` (`id`, `from_user_id`, `photo_id`, `send_at`) VALUES ('428', '14', '28', '1986-09-22 09:54:27');
INSERT INTO `photos_likes` (`id`, `from_user_id`, `photo_id`, `send_at`) VALUES ('429', '2', '32', '1998-06-05 14:29:28');
INSERT INTO `photos_likes` (`id`, `from_user_id`, `photo_id`, `send_at`) VALUES ('430', '9', '16', '1995-07-18 22:41:11');
INSERT INTO `photos_likes` (`id`, `from_user_id`, `photo_id`, `send_at`) VALUES ('431', '10', '51', '1984-04-30 22:16:39');
INSERT INTO `photos_likes` (`id`, `from_user_id`, `photo_id`, `send_at`) VALUES ('432', '7', '5', '2001-04-20 08:11:07');
INSERT INTO `photos_likes` (`id`, `from_user_id`, `photo_id`, `send_at`) VALUES ('433', '19', '97', '2007-09-20 17:29:04');
INSERT INTO `photos_likes` (`id`, `from_user_id`, `photo_id`, `send_at`) VALUES ('434', '1', '58', '1989-10-28 14:21:44');
INSERT INTO `photos_likes` (`id`, `from_user_id`, `photo_id`, `send_at`) VALUES ('435', '17', '27', '2016-03-31 03:44:10');
INSERT INTO `photos_likes` (`id`, `from_user_id`, `photo_id`, `send_at`) VALUES ('436', '18', '24', '1986-02-20 04:08:09');
INSERT INTO `photos_likes` (`id`, `from_user_id`, `photo_id`, `send_at`) VALUES ('437', '8', '2', '1983-01-23 02:40:52');
INSERT INTO `photos_likes` (`id`, `from_user_id`, `photo_id`, `send_at`) VALUES ('438', '6', '79', '1989-10-14 00:16:03');
INSERT INTO `photos_likes` (`id`, `from_user_id`, `photo_id`, `send_at`) VALUES ('439', '3', '25', '1971-09-01 12:57:48');
INSERT INTO `photos_likes` (`id`, `from_user_id`, `photo_id`, `send_at`) VALUES ('440', '1', '21', '1986-12-27 23:20:25');
INSERT INTO `photos_likes` (`id`, `from_user_id`, `photo_id`, `send_at`) VALUES ('441', '6', '12', '1975-08-13 14:55:12');
INSERT INTO `photos_likes` (`id`, `from_user_id`, `photo_id`, `send_at`) VALUES ('442', '18', '13', '2017-04-14 08:32:35');
INSERT INTO `photos_likes` (`id`, `from_user_id`, `photo_id`, `send_at`) VALUES ('443', '5', '53', '2007-08-05 07:36:54');
INSERT INTO `photos_likes` (`id`, `from_user_id`, `photo_id`, `send_at`) VALUES ('444', '9', '31', '1972-05-28 09:15:48');
INSERT INTO `photos_likes` (`id`, `from_user_id`, `photo_id`, `send_at`) VALUES ('445', '17', '86', '1975-06-11 17:36:24');
INSERT INTO `photos_likes` (`id`, `from_user_id`, `photo_id`, `send_at`) VALUES ('446', '10', '31', '1983-07-30 16:17:30');
INSERT INTO `photos_likes` (`id`, `from_user_id`, `photo_id`, `send_at`) VALUES ('447', '8', '81', '1976-03-26 18:07:48');
INSERT INTO `photos_likes` (`id`, `from_user_id`, `photo_id`, `send_at`) VALUES ('448', '7', '30', '1984-03-31 17:28:23');
INSERT INTO `photos_likes` (`id`, `from_user_id`, `photo_id`, `send_at`) VALUES ('449', '16', '36', '1995-08-06 08:22:14');
INSERT INTO `photos_likes` (`id`, `from_user_id`, `photo_id`, `send_at`) VALUES ('450', '18', '61', '1984-11-16 21:57:23');
INSERT INTO `photos_likes` (`id`, `from_user_id`, `photo_id`, `send_at`) VALUES ('451', '13', '73', '1987-01-12 22:27:31');
INSERT INTO `photos_likes` (`id`, `from_user_id`, `photo_id`, `send_at`) VALUES ('452', '17', '98', '2002-09-22 16:16:02');
INSERT INTO `photos_likes` (`id`, `from_user_id`, `photo_id`, `send_at`) VALUES ('453', '15', '13', '1976-05-29 13:34:29');
INSERT INTO `photos_likes` (`id`, `from_user_id`, `photo_id`, `send_at`) VALUES ('454', '16', '88', '1982-05-27 12:21:09');
INSERT INTO `photos_likes` (`id`, `from_user_id`, `photo_id`, `send_at`) VALUES ('455', '8', '80', '1988-08-19 23:19:59');
INSERT INTO `photos_likes` (`id`, `from_user_id`, `photo_id`, `send_at`) VALUES ('456', '2', '65', '1985-09-23 16:06:15');
INSERT INTO `photos_likes` (`id`, `from_user_id`, `photo_id`, `send_at`) VALUES ('457', '19', '94', '1977-06-02 21:08:37');
INSERT INTO `photos_likes` (`id`, `from_user_id`, `photo_id`, `send_at`) VALUES ('458', '16', '13', '1971-04-02 01:09:43');
INSERT INTO `photos_likes` (`id`, `from_user_id`, `photo_id`, `send_at`) VALUES ('459', '10', '18', '1981-12-04 03:12:18');
INSERT INTO `photos_likes` (`id`, `from_user_id`, `photo_id`, `send_at`) VALUES ('460', '9', '31', '1985-08-28 23:53:23');
INSERT INTO `photos_likes` (`id`, `from_user_id`, `photo_id`, `send_at`) VALUES ('461', '1', '91', '1998-08-18 13:16:46');
INSERT INTO `photos_likes` (`id`, `from_user_id`, `photo_id`, `send_at`) VALUES ('462', '13', '40', '2008-01-07 14:58:32');
INSERT INTO `photos_likes` (`id`, `from_user_id`, `photo_id`, `send_at`) VALUES ('463', '15', '96', '2007-04-03 17:00:45');
INSERT INTO `photos_likes` (`id`, `from_user_id`, `photo_id`, `send_at`) VALUES ('464', '14', '49', '2012-03-03 19:05:20');
INSERT INTO `photos_likes` (`id`, `from_user_id`, `photo_id`, `send_at`) VALUES ('465', '7', '57', '1991-10-07 08:00:00');
INSERT INTO `photos_likes` (`id`, `from_user_id`, `photo_id`, `send_at`) VALUES ('466', '2', '93', '1986-12-01 21:56:33');
INSERT INTO `photos_likes` (`id`, `from_user_id`, `photo_id`, `send_at`) VALUES ('467', '6', '93', '2016-07-01 21:25:44');
INSERT INTO `photos_likes` (`id`, `from_user_id`, `photo_id`, `send_at`) VALUES ('468', '18', '5', '1984-10-13 09:18:13');
INSERT INTO `photos_likes` (`id`, `from_user_id`, `photo_id`, `send_at`) VALUES ('469', '1', '65', '1982-07-31 10:37:13');
INSERT INTO `photos_likes` (`id`, `from_user_id`, `photo_id`, `send_at`) VALUES ('470', '19', '42', '1999-04-30 03:15:42');
INSERT INTO `photos_likes` (`id`, `from_user_id`, `photo_id`, `send_at`) VALUES ('471', '9', '100', '1986-04-16 02:43:22');
INSERT INTO `photos_likes` (`id`, `from_user_id`, `photo_id`, `send_at`) VALUES ('472', '2', '35', '1976-08-24 11:33:36');
INSERT INTO `photos_likes` (`id`, `from_user_id`, `photo_id`, `send_at`) VALUES ('473', '19', '84', '2019-09-02 11:24:08');
INSERT INTO `photos_likes` (`id`, `from_user_id`, `photo_id`, `send_at`) VALUES ('474', '10', '41', '1978-08-29 20:22:29');
INSERT INTO `photos_likes` (`id`, `from_user_id`, `photo_id`, `send_at`) VALUES ('475', '1', '91', '2011-06-19 22:33:49');
INSERT INTO `photos_likes` (`id`, `from_user_id`, `photo_id`, `send_at`) VALUES ('476', '15', '5', '1974-05-07 08:14:46');
INSERT INTO `photos_likes` (`id`, `from_user_id`, `photo_id`, `send_at`) VALUES ('477', '17', '32', '2010-12-18 20:30:09');
INSERT INTO `photos_likes` (`id`, `from_user_id`, `photo_id`, `send_at`) VALUES ('478', '9', '52', '2018-05-15 03:07:42');
INSERT INTO `photos_likes` (`id`, `from_user_id`, `photo_id`, `send_at`) VALUES ('479', '6', '14', '2007-09-24 13:20:18');
INSERT INTO `photos_likes` (`id`, `from_user_id`, `photo_id`, `send_at`) VALUES ('480', '1', '58', '2002-02-21 11:22:03');
INSERT INTO `photos_likes` (`id`, `from_user_id`, `photo_id`, `send_at`) VALUES ('481', '14', '10', '1973-02-23 16:12:35');
INSERT INTO `photos_likes` (`id`, `from_user_id`, `photo_id`, `send_at`) VALUES ('482', '10', '100', '2017-03-10 14:24:45');
INSERT INTO `photos_likes` (`id`, `from_user_id`, `photo_id`, `send_at`) VALUES ('483', '1', '39', '2008-03-30 03:34:50');
INSERT INTO `photos_likes` (`id`, `from_user_id`, `photo_id`, `send_at`) VALUES ('484', '1', '7', '1992-03-04 13:17:42');
INSERT INTO `photos_likes` (`id`, `from_user_id`, `photo_id`, `send_at`) VALUES ('485', '1', '96', '1984-03-10 01:49:19');
INSERT INTO `photos_likes` (`id`, `from_user_id`, `photo_id`, `send_at`) VALUES ('486', '10', '48', '1984-01-24 04:04:38');
INSERT INTO `photos_likes` (`id`, `from_user_id`, `photo_id`, `send_at`) VALUES ('487', '20', '54', '1988-07-04 11:34:08');
INSERT INTO `photos_likes` (`id`, `from_user_id`, `photo_id`, `send_at`) VALUES ('488', '17', '90', '2000-07-23 05:32:44');
INSERT INTO `photos_likes` (`id`, `from_user_id`, `photo_id`, `send_at`) VALUES ('489', '8', '30', '1973-05-10 06:27:06');
INSERT INTO `photos_likes` (`id`, `from_user_id`, `photo_id`, `send_at`) VALUES ('490', '7', '39', '1976-09-04 19:35:12');
INSERT INTO `photos_likes` (`id`, `from_user_id`, `photo_id`, `send_at`) VALUES ('491', '4', '2', '1981-10-10 19:21:04');
INSERT INTO `photos_likes` (`id`, `from_user_id`, `photo_id`, `send_at`) VALUES ('492', '9', '1', '1995-01-25 13:29:44');
INSERT INTO `photos_likes` (`id`, `from_user_id`, `photo_id`, `send_at`) VALUES ('493', '7', '86', '1977-12-29 10:14:50');
INSERT INTO `photos_likes` (`id`, `from_user_id`, `photo_id`, `send_at`) VALUES ('494', '11', '60', '2017-12-18 21:23:57');
INSERT INTO `photos_likes` (`id`, `from_user_id`, `photo_id`, `send_at`) VALUES ('495', '20', '54', '1989-04-29 05:58:31');
INSERT INTO `photos_likes` (`id`, `from_user_id`, `photo_id`, `send_at`) VALUES ('496', '4', '69', '2005-12-23 00:57:12');
INSERT INTO `photos_likes` (`id`, `from_user_id`, `photo_id`, `send_at`) VALUES ('497', '13', '66', '1999-02-17 20:39:35');
INSERT INTO `photos_likes` (`id`, `from_user_id`, `photo_id`, `send_at`) VALUES ('498', '14', '64', '1972-03-11 07:43:25');
INSERT INTO `photos_likes` (`id`, `from_user_id`, `photo_id`, `send_at`) VALUES ('499', '1', '73', '1989-01-17 11:26:20');
INSERT INTO `photos_likes` (`id`, `from_user_id`, `photo_id`, `send_at`) VALUES ('500', '14', '8', '2014-06-23 02:00:18');


#
# TABLE STRUCTURE FOR: posts
#

DROP TABLE IF EXISTS `posts`;

CREATE TABLE `posts` (
                         `id` bigint(20) unsigned NOT NULL AUTO_INCREMENT,
                         `from_user_id` bigint(20) unsigned NOT NULL,
                         `content` text COLLATE utf8_unicode_ci DEFAULT NULL,
                         `send_at` datetime NOT NULL DEFAULT current_timestamp(),
                         `change_at` datetime NOT NULL DEFAULT current_timestamp() ON UPDATE current_timestamp(),
                         `changed` tinyint(1) DEFAULT 0,
                         UNIQUE KEY `id` (`id`),
                         KEY `posts_profiles_id_fk` (`from_user_id`),
                         CONSTRAINT `posts_profiles_id_fk` FOREIGN KEY (`from_user_id`) REFERENCES `profiles` (`id`) ON DELETE CASCADE ON UPDATE CASCADE
) ENGINE=InnoDB AUTO_INCREMENT=101 DEFAULT CHARSET=utf8 COLLATE=utf8_unicode_ci;

INSERT INTO `posts` (`id`, `from_user_id`, `content`, `send_at`, `change_at`, `changed`) VALUES ('1', '2', 'Quos quibusdam quia vel accusamus. Explicabo possimus nam soluta debitis eius eligendi eligendi.', '1996-07-21 13:57:21', '2016-04-27 14:27:56', 0);
INSERT INTO `posts` (`id`, `from_user_id`, `content`, `send_at`, `change_at`, `changed`) VALUES ('2', '7', 'Natus sequi sapiente atque mollitia nemo. Saepe unde ipsum blanditiis facilis assumenda. Id repudiandae tempora ea nemo rerum. Corrupti expedita eveniet beatae possimus.', '2006-01-27 22:30:23', '2017-01-05 07:35:53', 0);
INSERT INTO `posts` (`id`, `from_user_id`, `content`, `send_at`, `change_at`, `changed`) VALUES ('3', '12', 'Molestiae ullam perspiciatis modi. Aut voluptate ducimus doloremque. Itaque deleniti recusandae numquam voluptatum.', '2020-06-15 10:20:04', '2000-01-21 03:34:12', 0);
INSERT INTO `posts` (`id`, `from_user_id`, `content`, `send_at`, `change_at`, `changed`) VALUES ('4', '12', 'Rerum adipisci quaerat aut sint adipisci et ut. Molestias ea cumque et. Hic non nihil aut. Fugit quo veniam quo eos ipsa et.', '1981-04-03 14:10:17', '2009-11-18 11:02:57', 0);
INSERT INTO `posts` (`id`, `from_user_id`, `content`, `send_at`, `change_at`, `changed`) VALUES ('5', '13', 'Eligendi consequuntur quas assumenda illum molestiae temporibus temporibus. Ab placeat sit itaque ratione ipsum. Excepturi suscipit enim dolor aut cumque quos optio quos.', '1979-09-09 14:43:16', '2003-09-28 23:34:45', 0);
INSERT INTO `posts` (`id`, `from_user_id`, `content`, `send_at`, `change_at`, `changed`) VALUES ('6', '3', 'Cum aliquam sint ipsum ea voluptas deserunt. Laudantium inventore laudantium occaecati assumenda placeat adipisci iste rerum. Officia voluptatibus quaerat quo.', '2003-09-03 23:11:45', '1986-04-01 08:16:49', 0);
INSERT INTO `posts` (`id`, `from_user_id`, `content`, `send_at`, `change_at`, `changed`) VALUES ('7', '5', 'Ex illum numquam occaecati pariatur quia. Ex dolorum vel a consequatur accusantium autem. Quasi eaque adipisci alias quo.\nNemo neque et consequatur sit. Repellendus ipsa dolor non consequatur ut.', '2020-04-18 05:15:57', '2011-12-09 11:48:21', 0);
INSERT INTO `posts` (`id`, `from_user_id`, `content`, `send_at`, `change_at`, `changed`) VALUES ('8', '11', 'Aliquam voluptatem cupiditate repudiandae quae ad. Ea consequatur ut consequatur officiis unde. Quia qui reprehenderit aliquid qui.', '1975-09-26 16:57:25', '2018-03-17 21:12:38', 0);
INSERT INTO `posts` (`id`, `from_user_id`, `content`, `send_at`, `change_at`, `changed`) VALUES ('9', '9', 'Excepturi vel ut culpa ducimus quia. Voluptatem id atque aut nostrum tenetur.', '1994-11-06 22:39:29', '2003-07-01 09:07:45', 0);
INSERT INTO `posts` (`id`, `from_user_id`, `content`, `send_at`, `change_at`, `changed`) VALUES ('10', '5', 'Porro fuga consequuntur rem necessitatibus quam. Quos eum non cumque nisi vel aut excepturi dolor. Illum est rem amet est repellat rerum nobis.', '1999-01-01 13:35:54', '1989-02-26 23:20:28', 0);
INSERT INTO `posts` (`id`, `from_user_id`, `content`, `send_at`, `change_at`, `changed`) VALUES ('11', '4', 'Et eum libero cum vitae vel ea totam. Molestias sit perferendis quidem repellendus fuga modi. Corporis rem assumenda cum accusamus. Cumque sed consequatur illo voluptate.', '2001-09-07 08:38:51', '2001-05-22 08:43:16', 0);
INSERT INTO `posts` (`id`, `from_user_id`, `content`, `send_at`, `change_at`, `changed`) VALUES ('12', '14', 'Aperiam occaecati in mollitia rem iure odit. Minus ipsum aliquid non minima ipsa modi. Et eos ipsam eius molestiae quo nam. Ut voluptatem non doloribus officia quis voluptatem velit natus.', '2013-02-05 09:24:43', '2005-12-16 21:23:03', 1);
INSERT INTO `posts` (`id`, `from_user_id`, `content`, `send_at`, `change_at`, `changed`) VALUES ('13', '5', 'Earum eligendi consequatur molestiae recusandae expedita quia. Consequatur numquam et et mollitia dolores dolorem quia. Accusantium dolore quibusdam eveniet. Voluptatum quia minima nesciunt.', '1974-11-23 17:29:14', '2016-08-02 13:50:16', 1);
INSERT INTO `posts` (`id`, `from_user_id`, `content`, `send_at`, `change_at`, `changed`) VALUES ('14', '17', 'Pariatur enim occaecati maiores eum est. Nemo vel quos temporibus sit placeat ratione soluta. Voluptatem sapiente accusamus minus alias eveniet architecto voluptate. Et ea vitae quasi soluta.', '2014-04-11 09:44:14', '1996-12-24 11:28:29', 0);
INSERT INTO `posts` (`id`, `from_user_id`, `content`, `send_at`, `change_at`, `changed`) VALUES ('15', '4', 'Ipsam provident a repellendus rerum. Est autem eum at deserunt exercitationem officia. Neque doloribus possimus ut veritatis laudantium aut alias. Ut impedit porro unde sequi.', '2007-05-22 19:14:29', '2012-03-08 08:55:06', 1);
INSERT INTO `posts` (`id`, `from_user_id`, `content`, `send_at`, `change_at`, `changed`) VALUES ('16', '9', 'Voluptas consequatur quia dignissimos provident voluptatem. Culpa rem non ipsum sunt consequatur atque dolores. Ad minus praesentium est.', '1998-09-06 07:50:09', '1973-03-27 03:28:53', 0);
INSERT INTO `posts` (`id`, `from_user_id`, `content`, `send_at`, `change_at`, `changed`) VALUES ('17', '9', 'Vel libero qui quae adipisci corporis delectus. Illum quia explicabo harum ipsa quas. Qui et earum eveniet et necessitatibus expedita eaque.', '1982-09-21 22:09:49', '1977-11-20 23:59:26', 1);
INSERT INTO `posts` (`id`, `from_user_id`, `content`, `send_at`, `change_at`, `changed`) VALUES ('18', '9', 'Quo sapiente temporibus voluptates voluptatem magni. Quia accusantium suscipit id. Laboriosam hic necessitatibus ea rerum.', '2003-12-03 14:19:08', '1981-02-20 06:18:07', 0);
INSERT INTO `posts` (`id`, `from_user_id`, `content`, `send_at`, `change_at`, `changed`) VALUES ('19', '16', 'Facere molestias quasi reiciendis accusamus quis corrupti natus laboriosam. Et dolor laudantium alias odit. Maxime assumenda numquam qui provident ea.', '1990-01-02 17:20:38', '1989-08-09 12:57:00', 0);
INSERT INTO `posts` (`id`, `from_user_id`, `content`, `send_at`, `change_at`, `changed`) VALUES ('20', '1', 'Accusantium reprehenderit nulla dicta sunt. Qui nihil dicta dicta. Et ab mollitia nulla repellendus molestiae fugit.', '2018-04-25 04:21:23', '2005-06-01 09:38:06', 0);
INSERT INTO `posts` (`id`, `from_user_id`, `content`, `send_at`, `change_at`, `changed`) VALUES ('21', '5', 'Necessitatibus quaerat sed eum voluptatem deserunt. Aut aut illum reprehenderit deleniti quidem. Voluptates est cum necessitatibus aut aliquam aut voluptatem.', '2012-01-10 03:15:18', '1982-11-08 14:48:07', 0);
INSERT INTO `posts` (`id`, `from_user_id`, `content`, `send_at`, `change_at`, `changed`) VALUES ('22', '8', 'Harum sit exercitationem consequuntur molestias hic dolorem quae. Optio molestiae iusto qui nihil.', '1975-01-24 00:39:19', '2017-10-24 05:11:22', 0);
INSERT INTO `posts` (`id`, `from_user_id`, `content`, `send_at`, `change_at`, `changed`) VALUES ('23', '12', 'Quis autem molestiae et. Corporis itaque quis provident.', '2012-03-03 10:24:14', '1992-08-05 22:51:35', 1);
INSERT INTO `posts` (`id`, `from_user_id`, `content`, `send_at`, `change_at`, `changed`) VALUES ('24', '16', 'Velit alias inventore ab tempore. Eveniet quam minus odit omnis. Quam libero aut architecto esse modi distinctio possimus. Dignissimos eveniet recusandae veritatis at et. Non rem qui quod ipsam.', '2019-06-05 20:01:15', '1997-08-05 01:15:04', 0);
INSERT INTO `posts` (`id`, `from_user_id`, `content`, `send_at`, `change_at`, `changed`) VALUES ('25', '2', 'Animi non molestias ut modi sapiente. Rem reprehenderit quis accusantium mollitia et et necessitatibus quia.', '2002-08-10 10:36:17', '2006-03-10 23:02:20', 0);
INSERT INTO `posts` (`id`, `from_user_id`, `content`, `send_at`, `change_at`, `changed`) VALUES ('26', '20', 'Placeat cupiditate aperiam distinctio inventore. A voluptatibus beatae est. Quaerat voluptatem unde porro accusantium.', '1995-03-01 00:39:49', '2015-06-30 12:52:13', 0);
INSERT INTO `posts` (`id`, `from_user_id`, `content`, `send_at`, `change_at`, `changed`) VALUES ('27', '18', 'Eum fuga distinctio culpa non laudantium. Consequatur vel aut culpa. Et deleniti ipsa omnis officia odit optio earum. Eaque explicabo nam accusantium non.', '1993-10-16 08:40:35', '2017-08-09 13:18:11', 1);
INSERT INTO `posts` (`id`, `from_user_id`, `content`, `send_at`, `change_at`, `changed`) VALUES ('28', '5', 'Explicabo sed laborum optio officiis doloremque quasi. Sed molestiae error voluptatem magnam ducimus aliquid fugit. Culpa omnis dolore rerum quod voluptatibus quae.', '2019-04-04 10:38:42', '2005-02-11 15:30:45', 0);
INSERT INTO `posts` (`id`, `from_user_id`, `content`, `send_at`, `change_at`, `changed`) VALUES ('29', '5', 'Blanditiis similique numquam eum voluptatem at. Commodi molestiae aut aut fugit neque rerum aut. Ut possimus id ipsa exercitationem.', '1999-07-04 02:18:02', '1989-02-12 23:06:50', 0);
INSERT INTO `posts` (`id`, `from_user_id`, `content`, `send_at`, `change_at`, `changed`) VALUES ('30', '10', 'Eaque assumenda molestiae sint explicabo exercitationem. Aut praesentium aliquid voluptatem natus omnis voluptatibus. Non aut itaque qui accusamus et.', '1975-06-12 03:00:34', '1997-11-06 21:03:32', 0);
INSERT INTO `posts` (`id`, `from_user_id`, `content`, `send_at`, `change_at`, `changed`) VALUES ('31', '2', 'Aut quia et soluta ad. Est molestias veniam aut consectetur nihil sunt quis. Perspiciatis qui illum nesciunt quis accusamus aut. Veniam quos voluptatem quam corrupti modi deserunt.', '2013-03-09 09:56:45', '1977-10-31 00:45:49', 1);
INSERT INTO `posts` (`id`, `from_user_id`, `content`, `send_at`, `change_at`, `changed`) VALUES ('32', '7', 'Voluptatem dicta repellendus ipsa. Saepe ut rerum aliquam veritatis dolorem et velit. Blanditiis voluptatibus veniam praesentium dolor.', '1974-10-07 17:48:41', '2008-03-10 19:14:23', 0);
INSERT INTO `posts` (`id`, `from_user_id`, `content`, `send_at`, `change_at`, `changed`) VALUES ('33', '17', 'Facilis non qui mollitia sit fuga et. Sunt et unde doloribus dolore quia. Saepe sint accusantium reprehenderit fuga nisi. Est voluptas dolorem ea magnam sit officia.', '1997-02-23 04:09:26', '2001-01-06 08:39:41', 0);
INSERT INTO `posts` (`id`, `from_user_id`, `content`, `send_at`, `change_at`, `changed`) VALUES ('34', '14', 'Blanditiis voluptas dolor tempora at magnam impedit eum. Atque quia eos ab aut nam sint. Ipsa vel ut maxime laudantium adipisci. Enim at qui totam at quas placeat.', '2003-09-11 22:17:53', '2005-12-06 00:27:36', 1);
INSERT INTO `posts` (`id`, `from_user_id`, `content`, `send_at`, `change_at`, `changed`) VALUES ('35', '18', 'Mollitia at est aut. Repellat voluptatibus veniam id culpa. Et vel rerum et dolores cupiditate et. Eligendi et distinctio aut sit atque perspiciatis.', '2017-05-29 09:38:56', '1993-05-06 04:21:27', 0);
INSERT INTO `posts` (`id`, `from_user_id`, `content`, `send_at`, `change_at`, `changed`) VALUES ('36', '9', 'Itaque sit reiciendis nobis nihil voluptatibus natus et. Odio tempore rerum dolorum aspernatur ipsa tenetur vel. Non aut veritatis voluptate dolor.', '2014-01-16 20:14:48', '2000-06-26 17:48:43', 0);
INSERT INTO `posts` (`id`, `from_user_id`, `content`, `send_at`, `change_at`, `changed`) VALUES ('37', '17', 'Aut voluptates nulla officiis et est a. Et reprehenderit provident iste dolor vel sunt. Voluptas facilis nesciunt numquam officia ad est quisquam. Aut veritatis mollitia suscipit architecto.', '1987-10-02 21:21:20', '1986-10-20 11:37:48', 0);
INSERT INTO `posts` (`id`, `from_user_id`, `content`, `send_at`, `change_at`, `changed`) VALUES ('38', '3', 'Voluptas sed repellendus doloribus. Id soluta assumenda magni. Hic dolore enim doloribus perferendis.', '1986-09-04 12:11:59', '1991-09-14 10:29:16', 0);
INSERT INTO `posts` (`id`, `from_user_id`, `content`, `send_at`, `change_at`, `changed`) VALUES ('39', '20', 'Est id repellat dolor illum. Eaque rerum autem hic animi soluta. Consequatur officia odit ipsa et. Deleniti et quia et sint natus.', '2016-12-16 17:05:50', '2003-03-03 06:12:02', 0);
INSERT INTO `posts` (`id`, `from_user_id`, `content`, `send_at`, `change_at`, `changed`) VALUES ('40', '6', 'Ipsam quidem consequatur harum rerum deleniti. Voluptates maxime dolores velit. Dolorum ab sint sed iusto est deserunt nemo. Quia ipsum dolorum aut amet.', '2008-10-16 22:18:01', '1972-04-05 05:47:30', 0);
INSERT INTO `posts` (`id`, `from_user_id`, `content`, `send_at`, `change_at`, `changed`) VALUES ('41', '7', 'Unde consequuntur perferendis maxime accusamus. Ipsam debitis nobis minima rem. Qui error beatae impedit optio porro dolores.', '1988-11-13 04:40:10', '2016-09-30 23:53:39', 0);
INSERT INTO `posts` (`id`, `from_user_id`, `content`, `send_at`, `change_at`, `changed`) VALUES ('42', '3', 'Dolorem est quos necessitatibus dolore optio. Nam est tenetur eligendi sunt. Numquam qui et cupiditate qui.', '1973-07-17 13:57:13', '2006-05-30 05:28:05', 0);
INSERT INTO `posts` (`id`, `from_user_id`, `content`, `send_at`, `change_at`, `changed`) VALUES ('43', '19', 'Quo aut rerum magni voluptates sit non. Ea dicta et ex autem occaecati error. Consequuntur sed neque libero molestias ut.', '1994-07-24 18:04:38', '2009-04-06 11:36:12', 0);
INSERT INTO `posts` (`id`, `from_user_id`, `content`, `send_at`, `change_at`, `changed`) VALUES ('44', '12', 'Est voluptate sequi qui enim. Quia minus et placeat. Aut id ea quia qui quia mollitia qui.', '1983-09-26 14:23:26', '2016-08-17 14:32:27', 0);
INSERT INTO `posts` (`id`, `from_user_id`, `content`, `send_at`, `change_at`, `changed`) VALUES ('45', '20', 'Qui quis dolor ut aut. Numquam iure vero eius laudantium eos. Cumque minus reiciendis fugit ipsa est sed ipsam. Non vel quae labore ullam praesentium sit libero.', '1974-11-18 07:56:38', '1983-05-04 18:44:21', 0);
INSERT INTO `posts` (`id`, `from_user_id`, `content`, `send_at`, `change_at`, `changed`) VALUES ('46', '3', 'Aut doloribus dolorum autem similique sit magni enim. Deserunt cupiditate facilis facere ut molestiae numquam voluptatem. Expedita corporis perspiciatis quasi architecto. Ut illo aut accusamus quia.', '2011-07-29 08:17:44', '2002-10-03 08:39:56', 0);
INSERT INTO `posts` (`id`, `from_user_id`, `content`, `send_at`, `change_at`, `changed`) VALUES ('47', '20', 'Mollitia ut ut nemo voluptatum error voluptate id. Quis dolorem aut ut et.\nAccusantium accusantium et autem saepe. Est vel ipsum est saepe.', '2012-07-19 17:57:50', '1973-04-18 22:29:31', 0);
INSERT INTO `posts` (`id`, `from_user_id`, `content`, `send_at`, `change_at`, `changed`) VALUES ('48', '8', 'Consequuntur quasi tempora aut doloremque tempora est aspernatur in. Minima non error officiis quis. Itaque dolor deleniti amet sit. Et et voluptas ipsam sapiente.', '1976-07-25 21:11:12', '2005-04-07 12:53:11', 0);
INSERT INTO `posts` (`id`, `from_user_id`, `content`, `send_at`, `change_at`, `changed`) VALUES ('49', '11', 'Maxime eligendi et pariatur id odit rerum blanditiis. Ut ut porro ullam illo dignissimos voluptatem. Ipsa et sit similique.', '2002-12-04 13:49:21', '1990-06-02 05:21:07', 0);
INSERT INTO `posts` (`id`, `from_user_id`, `content`, `send_at`, `change_at`, `changed`) VALUES ('50', '16', 'Debitis aut reprehenderit ipsa aut. Dolores modi autem voluptas qui autem. Excepturi quaerat enim asperiores eius velit.', '1978-06-24 04:21:39', '2018-01-24 15:07:00', 0);
INSERT INTO `posts` (`id`, `from_user_id`, `content`, `send_at`, `change_at`, `changed`) VALUES ('51', '8', 'Laborum ad laudantium unde sequi ut vitae libero. Dolor corporis temporibus eum. Odit nemo necessitatibus doloribus molestiae ex.', '2016-05-17 09:36:05', '1976-12-28 00:23:14', 1);
INSERT INTO `posts` (`id`, `from_user_id`, `content`, `send_at`, `change_at`, `changed`) VALUES ('52', '15', 'Sint dignissimos enim maxime deleniti dolor iste tenetur. Quia sunt sed ipsam provident quis non repellat. Ratione ut molestias vel pariatur omnis error.', '2003-10-13 18:29:09', '2010-07-06 09:06:14', 1);
INSERT INTO `posts` (`id`, `from_user_id`, `content`, `send_at`, `change_at`, `changed`) VALUES ('53', '3', 'Quis quia a asperiores voluptatem. Laudantium commodi veniam vel voluptatem neque voluptatem voluptates.', '1991-05-26 02:21:16', '1986-06-07 23:36:05', 0);
INSERT INTO `posts` (`id`, `from_user_id`, `content`, `send_at`, `change_at`, `changed`) VALUES ('54', '20', 'Consequuntur in enim voluptatem qui recusandae sit at illum. Cumque ipsum corporis possimus sequi. Voluptatibus cumque qui rerum.', '1985-06-07 12:17:31', '1978-09-13 18:46:55', 0);
INSERT INTO `posts` (`id`, `from_user_id`, `content`, `send_at`, `change_at`, `changed`) VALUES ('55', '11', 'Qui delectus et quo cumque nesciunt quo rerum. Earum magni dignissimos eum.', '2013-05-20 16:29:33', '1976-03-03 20:10:52', 0);
INSERT INTO `posts` (`id`, `from_user_id`, `content`, `send_at`, `change_at`, `changed`) VALUES ('56', '5', 'Odit quaerat id earum natus quo magni. Qui ea provident velit tenetur ipsum veniam dignissimos. Alias inventore enim animi sit expedita.', '1974-06-09 05:28:26', '1998-04-16 23:48:37', 0);
INSERT INTO `posts` (`id`, `from_user_id`, `content`, `send_at`, `change_at`, `changed`) VALUES ('57', '19', 'Eaque voluptatibus error at sapiente dicta quis consequatur qui. Ut voluptatem ea libero pariatur recusandae minima consequuntur. Quidem tempore enim aut accusantium a facere.', '1994-08-06 05:23:07', '1972-10-14 05:58:43', 0);
INSERT INTO `posts` (`id`, `from_user_id`, `content`, `send_at`, `change_at`, `changed`) VALUES ('58', '9', 'Harum illum ut accusamus voluptatem totam cumque nulla. Minus et assumenda aut eveniet soluta voluptatem. Magnam et id id quod.', '1976-10-05 22:05:19', '2019-09-14 16:59:22', 0);
INSERT INTO `posts` (`id`, `from_user_id`, `content`, `send_at`, `change_at`, `changed`) VALUES ('59', '9', 'Sit et reprehenderit sunt odio. Saepe sed error enim.', '2012-08-15 02:26:46', '1992-01-10 14:19:14', 0);
INSERT INTO `posts` (`id`, `from_user_id`, `content`, `send_at`, `change_at`, `changed`) VALUES ('60', '4', 'Enim ipsum blanditiis ratione sed sed ut. Voluptatem a et nobis.', '2015-10-24 10:37:48', '2001-02-28 10:56:50', 0);
INSERT INTO `posts` (`id`, `from_user_id`, `content`, `send_at`, `change_at`, `changed`) VALUES ('61', '19', 'Blanditiis minima natus et est voluptatibus. Nemo adipisci quia ducimus voluptate saepe hic qui. Non odio nemo magni voluptas incidunt et qui debitis.', '1975-10-18 09:01:41', '1998-01-14 16:52:41', 0);
INSERT INTO `posts` (`id`, `from_user_id`, `content`, `send_at`, `change_at`, `changed`) VALUES ('62', '10', 'Molestias odio quo doloribus libero dolorem cumque sed. Tempore voluptate omnis aspernatur expedita id atque. Enim vitae neque aperiam qui.', '1986-04-22 10:49:28', '1991-09-29 11:31:50', 0);
INSERT INTO `posts` (`id`, `from_user_id`, `content`, `send_at`, `change_at`, `changed`) VALUES ('63', '10', 'At dignissimos atque totam aperiam quibusdam. Nam molestiae impedit maiores voluptatem. Qui quia fuga voluptatum rerum quia sapiente.', '1994-12-29 12:13:54', '2004-03-19 02:33:24', 1);
INSERT INTO `posts` (`id`, `from_user_id`, `content`, `send_at`, `change_at`, `changed`) VALUES ('64', '15', 'Ipsa praesentium maiores corrupti voluptate fuga. Sint quos ea quo nam. Error iure nulla consequatur consequuntur. Quia et accusamus voluptatem amet voluptatem soluta.', '1985-05-13 18:53:29', '1994-04-05 13:50:55', 0);
INSERT INTO `posts` (`id`, `from_user_id`, `content`, `send_at`, `change_at`, `changed`) VALUES ('65', '4', 'Non consectetur odit consectetur laudantium necessitatibus perferendis ut. Animi blanditiis itaque aut quis. Qui fuga quam eligendi eligendi molestias ipsum. Id neque sint sapiente fugit rerum.', '2020-06-25 18:07:13', '2012-05-25 01:14:51', 0);
INSERT INTO `posts` (`id`, `from_user_id`, `content`, `send_at`, `change_at`, `changed`) VALUES ('66', '8', 'Cum quia autem quaerat sit nam fuga alias. Necessitatibus aperiam itaque et impedit. Nisi iure officiis ipsa aut officia.', '1986-05-24 15:20:17', '1999-09-10 23:33:25', 0);
INSERT INTO `posts` (`id`, `from_user_id`, `content`, `send_at`, `change_at`, `changed`) VALUES ('67', '4', 'Qui autem ab cumque sunt ipsum qui in. Molestiae consectetur similique aut quaerat eius et.', '2008-10-17 21:42:58', '2017-08-26 09:42:10', 0);
INSERT INTO `posts` (`id`, `from_user_id`, `content`, `send_at`, `change_at`, `changed`) VALUES ('68', '20', 'Quibusdam reprehenderit voluptatem rerum est. Doloremque iste ut esse ut nobis qui error et. Est qui neque neque cupiditate laboriosam quisquam.', '1981-01-22 01:10:15', '1983-03-30 06:18:42', 0);
INSERT INTO `posts` (`id`, `from_user_id`, `content`, `send_at`, `change_at`, `changed`) VALUES ('69', '11', 'Corporis omnis animi laboriosam et pariatur. Pariatur praesentium unde non sed. Fuga rerum consequatur tempora quod qui non. Et quo accusamus quis voluptas numquam voluptatibus.', '1982-02-21 09:51:24', '1997-10-02 16:38:00', 0);
INSERT INTO `posts` (`id`, `from_user_id`, `content`, `send_at`, `change_at`, `changed`) VALUES ('70', '3', 'Autem error necessitatibus recusandae dolores eos quaerat ut. Quaerat aspernatur nostrum fugit rerum nihil. Consequatur qui vitae quod dolorem nam doloremque. Quas veritatis occaecati id reiciendis.', '2013-06-02 20:13:17', '2007-03-25 16:45:37', 0);
INSERT INTO `posts` (`id`, `from_user_id`, `content`, `send_at`, `change_at`, `changed`) VALUES ('71', '5', 'Sit aut harum inventore incidunt vel ut nobis. Quod quis a dolor ab. Dolor perspiciatis quis voluptatem occaecati vel voluptates. Quia recusandae optio nemo atque omnis a nihil voluptatum.', '1973-04-08 06:33:59', '1982-02-24 15:16:57', 0);
INSERT INTO `posts` (`id`, `from_user_id`, `content`, `send_at`, `change_at`, `changed`) VALUES ('72', '17', 'Placeat aspernatur qui facere aspernatur earum quia. Officia veritatis et blanditiis autem quidem.', '2007-11-08 13:45:30', '2011-01-01 22:31:19', 0);
INSERT INTO `posts` (`id`, `from_user_id`, `content`, `send_at`, `change_at`, `changed`) VALUES ('73', '6', 'Nemo vel mollitia ut ea et. Ut accusantium odit et quia nemo.\nOfficia odit eum omnis sint rem repellendus at. Esse ratione ea quaerat autem.', '1977-08-22 14:53:22', '1996-03-11 21:17:33', 0);
INSERT INTO `posts` (`id`, `from_user_id`, `content`, `send_at`, `change_at`, `changed`) VALUES ('74', '4', 'Iure debitis sunt omnis numquam vitae voluptatibus. Et amet veritatis ea. Libero dolores nihil eos quis perspiciatis beatae.', '1971-03-22 04:06:05', '2004-09-03 04:54:28', 0);
INSERT INTO `posts` (`id`, `from_user_id`, `content`, `send_at`, `change_at`, `changed`) VALUES ('75', '9', 'Tempora voluptates voluptates culpa ipsum sint voluptas. Deserunt aliquam qui eos ut dolores. Qui expedita dolorum et sint.', '1989-07-14 13:29:28', '1995-11-17 10:28:18', 0);
INSERT INTO `posts` (`id`, `from_user_id`, `content`, `send_at`, `change_at`, `changed`) VALUES ('76', '5', 'Dolorum quas eveniet distinctio odit eos hic. Laboriosam ut doloribus quia iusto dolores quibusdam optio. Dolore provident eveniet consectetur illo earum nulla aspernatur.', '2014-07-03 23:36:20', '2006-03-07 23:37:13', 1);
INSERT INTO `posts` (`id`, `from_user_id`, `content`, `send_at`, `change_at`, `changed`) VALUES ('77', '6', 'Iusto adipisci harum rerum aperiam et. Facere dolores voluptatem odit aspernatur architecto. Tempora quasi est vel voluptas.', '2009-03-31 13:25:39', '2020-05-20 03:34:08', 1);
INSERT INTO `posts` (`id`, `from_user_id`, `content`, `send_at`, `change_at`, `changed`) VALUES ('78', '9', 'Dolores error soluta voluptas ea expedita voluptates minus. Exercitationem molestiae voluptate dolores eos inventore officia rerum molestiae. Voluptatem eos ea blanditiis debitis.', '1970-12-11 12:41:14', '1984-10-26 16:42:21', 0);
INSERT INTO `posts` (`id`, `from_user_id`, `content`, `send_at`, `change_at`, `changed`) VALUES ('79', '12', 'Odit nostrum aut et vitae nihil voluptates. Similique libero reiciendis dolores sint. Ullam dicta voluptas est quas. Ratione ipsa dolore id. Ut quae culpa esse.', '2000-12-10 00:02:14', '2004-07-09 01:04:12', 0);
INSERT INTO `posts` (`id`, `from_user_id`, `content`, `send_at`, `change_at`, `changed`) VALUES ('80', '16', 'Aperiam amet qui voluptas ullam. Facere eveniet architecto quia. Incidunt a nisi doloribus vitae. Ad officia inventore voluptate vitae quam.', '2003-04-01 21:07:08', '2004-08-14 20:48:49', 0);
INSERT INTO `posts` (`id`, `from_user_id`, `content`, `send_at`, `change_at`, `changed`) VALUES ('81', '4', 'Laborum debitis enim nihil id. Molestiae voluptas expedita sunt minima ut culpa. Dolor minima nulla dolor sit eligendi nemo voluptas. Et optio aperiam repellat ea fugiat aut consequatur.', '2012-09-11 22:48:58', '1990-07-05 12:43:27', 0);
INSERT INTO `posts` (`id`, `from_user_id`, `content`, `send_at`, `change_at`, `changed`) VALUES ('82', '20', 'Ullam est qui totam culpa optio distinctio enim. Consequatur velit aut soluta aut non praesentium. Tempore tenetur aliquam est omnis quidem. Atque asperiores qui distinctio ab.', '1977-04-27 17:59:41', '1981-03-09 06:54:05', 0);
INSERT INTO `posts` (`id`, `from_user_id`, `content`, `send_at`, `change_at`, `changed`) VALUES ('83', '11', 'Commodi enim doloremque atque deserunt dolor aut. Quia ut repudiandae voluptas et eaque nemo. Voluptatum saepe architecto dolores eius nam qui. Itaque ex sint animi repellendus a architecto amet.', '1974-04-18 18:22:19', '2006-04-01 11:19:40', 0);
INSERT INTO `posts` (`id`, `from_user_id`, `content`, `send_at`, `change_at`, `changed`) VALUES ('84', '6', 'Amet ex sit quos corrupti illum praesentium dolorem. Libero pariatur qui est voluptatem voluptatem. Consequatur ullam placeat sequi aut sapiente quia.', '1974-08-30 08:47:38', '1985-10-20 04:44:48', 0);
INSERT INTO `posts` (`id`, `from_user_id`, `content`, `send_at`, `change_at`, `changed`) VALUES ('85', '19', 'Aut libero exercitationem sed delectus. Minus sed culpa recusandae nisi sunt eos. Ipsam voluptatem impedit facere omnis.', '1981-08-29 07:46:56', '2006-02-14 14:10:17', 0);
INSERT INTO `posts` (`id`, `from_user_id`, `content`, `send_at`, `change_at`, `changed`) VALUES ('86', '2', 'Ratione amet atque eum quos quam dolores odit. Ut dolores repellat perferendis distinctio quos sed beatae. Et quia maiores suscipit perspiciatis. Ut aut soluta qui provident et qui.', '1986-02-21 10:10:44', '1974-10-08 08:55:00', 0);
INSERT INTO `posts` (`id`, `from_user_id`, `content`, `send_at`, `change_at`, `changed`) VALUES ('87', '10', 'Est suscipit expedita enim. Eligendi culpa impedit dolorem unde et ullam dolore eius. Qui quis voluptatem nesciunt est.', '1973-05-08 04:19:38', '1988-06-19 05:56:45', 0);
INSERT INTO `posts` (`id`, `from_user_id`, `content`, `send_at`, `change_at`, `changed`) VALUES ('88', '18', 'Accusamus animi dignissimos delectus quisquam. Reiciendis alias dolorem eos. Fugiat dolorum dolore nihil repellendus quo iure. Est dicta et explicabo provident ab hic quia deserunt.', '1987-04-11 12:28:29', '1993-06-27 03:45:43', 1);
INSERT INTO `posts` (`id`, `from_user_id`, `content`, `send_at`, `change_at`, `changed`) VALUES ('89', '10', 'Suscipit rerum quis rerum id unde iste. Officia eligendi eligendi consequatur enim.', '2001-05-06 00:52:27', '1980-07-02 08:08:52', 0);
INSERT INTO `posts` (`id`, `from_user_id`, `content`, `send_at`, `change_at`, `changed`) VALUES ('90', '18', 'Alias tempore et asperiores saepe. Similique voluptas omnis explicabo.', '2002-08-01 22:43:07', '1991-04-22 07:58:12', 0);
INSERT INTO `posts` (`id`, `from_user_id`, `content`, `send_at`, `change_at`, `changed`) VALUES ('91', '1', 'Repellendus iure voluptatum illo quia praesentium ratione voluptatem nam. Quam harum sint enim est qui reprehenderit nihil. Quia eos commodi suscipit error at.', '1995-07-09 20:33:16', '2008-11-29 13:11:18', 0);
INSERT INTO `posts` (`id`, `from_user_id`, `content`, `send_at`, `change_at`, `changed`) VALUES ('92', '8', 'Velit sint rerum quod nam inventore asperiores dicta. Temporibus laboriosam doloribus quam exercitationem commodi. Eum optio quae ut ducimus sit et.', '1995-04-17 15:00:43', '1993-03-15 02:44:31', 0);
INSERT INTO `posts` (`id`, `from_user_id`, `content`, `send_at`, `change_at`, `changed`) VALUES ('93', '8', 'Soluta et soluta non quos odit nisi. Deleniti non molestiae placeat excepturi magnam sint est est. Rerum enim et earum consequatur rerum maxime qui sapiente.', '2008-01-02 16:21:49', '2015-09-03 17:45:29', 1);
INSERT INTO `posts` (`id`, `from_user_id`, `content`, `send_at`, `change_at`, `changed`) VALUES ('94', '10', 'Et perferendis atque aut velit. Et quod natus aut nihil ex quia eius. Blanditiis quibusdam quod necessitatibus id aut. Cum fugiat neque qui praesentium.', '1981-11-19 04:20:42', '1975-04-10 05:42:18', 0);
INSERT INTO `posts` (`id`, `from_user_id`, `content`, `send_at`, `change_at`, `changed`) VALUES ('95', '3', 'Harum fugit natus quibusdam perspiciatis aut suscipit. Officiis atque rerum ducimus libero impedit harum. Distinctio suscipit aut expedita nemo.', '2017-02-05 20:58:33', '2004-09-10 10:34:51', 0);
INSERT INTO `posts` (`id`, `from_user_id`, `content`, `send_at`, `change_at`, `changed`) VALUES ('96', '11', 'Perferendis dicta et blanditiis quo et quod. Delectus voluptatem consectetur et est sed sint vero. Modi magni dolorum blanditiis neque.', '1976-03-16 13:51:55', '1992-10-28 18:00:16', 1);
INSERT INTO `posts` (`id`, `from_user_id`, `content`, `send_at`, `change_at`, `changed`) VALUES ('97', '18', 'Architecto rerum dolores molestias corporis numquam similique tempore. Magni inventore magni sint ut dolor voluptate maxime. Sit aut optio voluptatem inventore esse accusamus.', '1980-04-19 20:44:30', '2009-01-18 13:01:16', 0);
INSERT INTO `posts` (`id`, `from_user_id`, `content`, `send_at`, `change_at`, `changed`) VALUES ('98', '7', 'Ipsum reiciendis sint vel est rerum cumque aliquam. Modi possimus quo sint molestiae laudantium. Quia dolorem corrupti occaecati id exercitationem. Aut non consectetur excepturi.', '2011-11-28 19:18:15', '2004-12-05 23:35:45', 0);
INSERT INTO `posts` (`id`, `from_user_id`, `content`, `send_at`, `change_at`, `changed`) VALUES ('99', '10', 'Voluptatem dicta et quasi ab quia. Facere porro sequi tenetur totam sint nulla pariatur. Velit natus quia laudantium est error. Et consequatur corporis et esse.', '1972-07-13 13:15:12', '1983-08-21 07:05:32', 0);
INSERT INTO `posts` (`id`, `from_user_id`, `content`, `send_at`, `change_at`, `changed`) VALUES ('100', '8', 'Debitis quia earum illum suscipit libero. Sapiente eum molestias fugiat. Ut autem voluptate totam magnam.', '1991-12-22 11:59:15', '2005-11-12 03:34:43', 0);


#
# TABLE STRUCTURE FOR: post_likes
#

DROP TABLE IF EXISTS `post_likes`;

CREATE TABLE `post_likes` (
                              `id` bigint(20) unsigned NOT NULL AUTO_INCREMENT,
                              `from_user_id` bigint(20) unsigned NOT NULL,
                              `post_id` bigint(20) unsigned NOT NULL,
                              `send_at` datetime NOT NULL DEFAULT current_timestamp(),
                              `like_page` bigint(20) unsigned NOT NULL,
                              UNIQUE KEY `id` (`id`),
                              KEY `post_likes_profiles_id_fk` (`from_user_id`),
                              KEY `post_likes_posts_id_fk2` (`post_id`),
                              CONSTRAINT `post_likes_posts_id_fk2` FOREIGN KEY (`post_id`) REFERENCES `posts` (`id`) ON DELETE CASCADE ON UPDATE CASCADE,
                              CONSTRAINT `post_likes_profiles_id_fk` FOREIGN KEY (`from_user_id`) REFERENCES `profiles` (`id`) ON DELETE CASCADE ON UPDATE CASCADE
) ENGINE=InnoDB AUTO_INCREMENT=501 DEFAULT CHARSET=utf8 COLLATE=utf8_unicode_ci;

INSERT INTO `post_likes` (`id`, `from_user_id`, `post_id`, `send_at`, `like_page`) VALUES ('1', '6', '38', '2009-12-24 17:21:12', '9');
INSERT INTO `post_likes` (`id`, `from_user_id`, `post_id`, `send_at`, `like_page`) VALUES ('2', '9', '49', '2010-09-17 01:37:39', '19');
INSERT INTO `post_likes` (`id`, `from_user_id`, `post_id`, `send_at`, `like_page`) VALUES ('3', '4', '96', '1982-02-23 21:36:33', '17');
INSERT INTO `post_likes` (`id`, `from_user_id`, `post_id`, `send_at`, `like_page`) VALUES ('4', '1', '64', '2018-07-21 14:11:04', '11');
INSERT INTO `post_likes` (`id`, `from_user_id`, `post_id`, `send_at`, `like_page`) VALUES ('5', '9', '4', '1971-02-01 13:41:58', '13');
INSERT INTO `post_likes` (`id`, `from_user_id`, `post_id`, `send_at`, `like_page`) VALUES ('6', '15', '76', '2012-11-11 00:11:54', '11');
INSERT INTO `post_likes` (`id`, `from_user_id`, `post_id`, `send_at`, `like_page`) VALUES ('7', '20', '58', '1970-05-17 21:02:08', '16');
INSERT INTO `post_likes` (`id`, `from_user_id`, `post_id`, `send_at`, `like_page`) VALUES ('8', '6', '41', '1984-07-15 11:11:16', '2');
INSERT INTO `post_likes` (`id`, `from_user_id`, `post_id`, `send_at`, `like_page`) VALUES ('9', '10', '33', '1978-08-11 20:03:31', '14');
INSERT INTO `post_likes` (`id`, `from_user_id`, `post_id`, `send_at`, `like_page`) VALUES ('10', '20', '66', '2003-09-21 06:56:00', '17');
INSERT INTO `post_likes` (`id`, `from_user_id`, `post_id`, `send_at`, `like_page`) VALUES ('11', '14', '96', '1997-04-23 06:29:20', '5');
INSERT INTO `post_likes` (`id`, `from_user_id`, `post_id`, `send_at`, `like_page`) VALUES ('12', '2', '39', '2018-07-19 13:51:38', '13');
INSERT INTO `post_likes` (`id`, `from_user_id`, `post_id`, `send_at`, `like_page`) VALUES ('13', '1', '54', '2013-01-26 15:31:07', '12');
INSERT INTO `post_likes` (`id`, `from_user_id`, `post_id`, `send_at`, `like_page`) VALUES ('14', '18', '57', '2012-05-24 08:29:49', '6');
INSERT INTO `post_likes` (`id`, `from_user_id`, `post_id`, `send_at`, `like_page`) VALUES ('15', '9', '1', '2018-09-23 00:06:39', '7');
INSERT INTO `post_likes` (`id`, `from_user_id`, `post_id`, `send_at`, `like_page`) VALUES ('16', '3', '74', '1985-10-19 05:33:25', '1');
INSERT INTO `post_likes` (`id`, `from_user_id`, `post_id`, `send_at`, `like_page`) VALUES ('17', '13', '70', '2006-09-22 07:43:06', '12');
INSERT INTO `post_likes` (`id`, `from_user_id`, `post_id`, `send_at`, `like_page`) VALUES ('18', '8', '96', '2002-11-24 03:31:21', '1');
INSERT INTO `post_likes` (`id`, `from_user_id`, `post_id`, `send_at`, `like_page`) VALUES ('19', '9', '44', '2003-01-14 06:11:30', '8');
INSERT INTO `post_likes` (`id`, `from_user_id`, `post_id`, `send_at`, `like_page`) VALUES ('20', '3', '43', '2000-01-06 07:47:33', '1');
INSERT INTO `post_likes` (`id`, `from_user_id`, `post_id`, `send_at`, `like_page`) VALUES ('21', '20', '13', '1971-01-17 19:40:20', '20');
INSERT INTO `post_likes` (`id`, `from_user_id`, `post_id`, `send_at`, `like_page`) VALUES ('22', '4', '22', '2004-08-16 21:06:45', '8');
INSERT INTO `post_likes` (`id`, `from_user_id`, `post_id`, `send_at`, `like_page`) VALUES ('23', '17', '24', '2012-02-19 22:07:57', '18');
INSERT INTO `post_likes` (`id`, `from_user_id`, `post_id`, `send_at`, `like_page`) VALUES ('24', '10', '9', '1991-07-19 06:55:03', '10');
INSERT INTO `post_likes` (`id`, `from_user_id`, `post_id`, `send_at`, `like_page`) VALUES ('25', '16', '53', '2003-05-19 04:29:47', '10');
INSERT INTO `post_likes` (`id`, `from_user_id`, `post_id`, `send_at`, `like_page`) VALUES ('26', '2', '64', '1974-12-30 07:18:19', '4');
INSERT INTO `post_likes` (`id`, `from_user_id`, `post_id`, `send_at`, `like_page`) VALUES ('27', '3', '24', '1987-04-15 21:24:03', '18');
INSERT INTO `post_likes` (`id`, `from_user_id`, `post_id`, `send_at`, `like_page`) VALUES ('28', '16', '61', '1972-06-24 03:28:06', '17');
INSERT INTO `post_likes` (`id`, `from_user_id`, `post_id`, `send_at`, `like_page`) VALUES ('29', '17', '6', '1991-05-07 09:06:31', '6');
INSERT INTO `post_likes` (`id`, `from_user_id`, `post_id`, `send_at`, `like_page`) VALUES ('30', '4', '20', '1989-12-07 19:29:04', '13');
INSERT INTO `post_likes` (`id`, `from_user_id`, `post_id`, `send_at`, `like_page`) VALUES ('31', '4', '16', '1987-04-12 23:56:08', '16');
INSERT INTO `post_likes` (`id`, `from_user_id`, `post_id`, `send_at`, `like_page`) VALUES ('32', '4', '32', '1972-01-25 10:12:33', '1');
INSERT INTO `post_likes` (`id`, `from_user_id`, `post_id`, `send_at`, `like_page`) VALUES ('33', '11', '16', '2010-10-05 06:10:04', '6');
INSERT INTO `post_likes` (`id`, `from_user_id`, `post_id`, `send_at`, `like_page`) VALUES ('34', '9', '64', '2016-12-21 00:03:37', '8');
INSERT INTO `post_likes` (`id`, `from_user_id`, `post_id`, `send_at`, `like_page`) VALUES ('35', '18', '40', '1991-02-16 15:52:36', '18');
INSERT INTO `post_likes` (`id`, `from_user_id`, `post_id`, `send_at`, `like_page`) VALUES ('36', '6', '47', '1972-09-04 20:40:04', '11');
INSERT INTO `post_likes` (`id`, `from_user_id`, `post_id`, `send_at`, `like_page`) VALUES ('37', '10', '60', '1972-06-19 23:06:48', '15');
INSERT INTO `post_likes` (`id`, `from_user_id`, `post_id`, `send_at`, `like_page`) VALUES ('38', '8', '36', '1995-04-10 11:59:44', '8');
INSERT INTO `post_likes` (`id`, `from_user_id`, `post_id`, `send_at`, `like_page`) VALUES ('39', '4', '17', '1988-11-08 15:39:46', '9');
INSERT INTO `post_likes` (`id`, `from_user_id`, `post_id`, `send_at`, `like_page`) VALUES ('40', '10', '34', '1976-03-05 01:36:26', '11');
INSERT INTO `post_likes` (`id`, `from_user_id`, `post_id`, `send_at`, `like_page`) VALUES ('41', '3', '54', '2010-04-04 12:25:57', '15');
INSERT INTO `post_likes` (`id`, `from_user_id`, `post_id`, `send_at`, `like_page`) VALUES ('42', '19', '70', '1980-10-26 03:47:55', '1');
INSERT INTO `post_likes` (`id`, `from_user_id`, `post_id`, `send_at`, `like_page`) VALUES ('43', '20', '22', '2015-11-29 00:13:56', '5');
INSERT INTO `post_likes` (`id`, `from_user_id`, `post_id`, `send_at`, `like_page`) VALUES ('44', '5', '62', '1984-08-30 05:41:21', '17');
INSERT INTO `post_likes` (`id`, `from_user_id`, `post_id`, `send_at`, `like_page`) VALUES ('45', '12', '47', '2016-12-08 00:12:33', '6');
INSERT INTO `post_likes` (`id`, `from_user_id`, `post_id`, `send_at`, `like_page`) VALUES ('46', '10', '77', '2017-09-07 20:31:56', '14');
INSERT INTO `post_likes` (`id`, `from_user_id`, `post_id`, `send_at`, `like_page`) VALUES ('47', '20', '25', '1996-05-04 06:05:54', '7');
INSERT INTO `post_likes` (`id`, `from_user_id`, `post_id`, `send_at`, `like_page`) VALUES ('48', '15', '62', '1999-03-06 19:41:55', '12');
INSERT INTO `post_likes` (`id`, `from_user_id`, `post_id`, `send_at`, `like_page`) VALUES ('49', '2', '81', '1987-08-17 07:52:32', '17');
INSERT INTO `post_likes` (`id`, `from_user_id`, `post_id`, `send_at`, `like_page`) VALUES ('50', '10', '26', '1984-10-09 23:48:38', '4');
INSERT INTO `post_likes` (`id`, `from_user_id`, `post_id`, `send_at`, `like_page`) VALUES ('51', '2', '40', '1997-08-20 15:34:25', '14');
INSERT INTO `post_likes` (`id`, `from_user_id`, `post_id`, `send_at`, `like_page`) VALUES ('52', '17', '35', '1984-01-29 03:31:19', '8');
INSERT INTO `post_likes` (`id`, `from_user_id`, `post_id`, `send_at`, `like_page`) VALUES ('53', '18', '32', '1998-09-05 13:34:51', '12');
INSERT INTO `post_likes` (`id`, `from_user_id`, `post_id`, `send_at`, `like_page`) VALUES ('54', '2', '56', '2000-12-17 06:26:25', '5');
INSERT INTO `post_likes` (`id`, `from_user_id`, `post_id`, `send_at`, `like_page`) VALUES ('55', '19', '16', '2004-02-14 14:11:09', '13');
INSERT INTO `post_likes` (`id`, `from_user_id`, `post_id`, `send_at`, `like_page`) VALUES ('56', '4', '62', '2016-09-15 20:22:29', '10');
INSERT INTO `post_likes` (`id`, `from_user_id`, `post_id`, `send_at`, `like_page`) VALUES ('57', '18', '60', '1979-07-26 05:41:31', '14');
INSERT INTO `post_likes` (`id`, `from_user_id`, `post_id`, `send_at`, `like_page`) VALUES ('58', '4', '32', '1995-08-02 22:24:42', '7');
INSERT INTO `post_likes` (`id`, `from_user_id`, `post_id`, `send_at`, `like_page`) VALUES ('59', '18', '39', '1994-03-04 04:50:45', '3');
INSERT INTO `post_likes` (`id`, `from_user_id`, `post_id`, `send_at`, `like_page`) VALUES ('60', '14', '86', '1971-11-28 16:46:38', '8');
INSERT INTO `post_likes` (`id`, `from_user_id`, `post_id`, `send_at`, `like_page`) VALUES ('61', '17', '93', '2015-12-02 04:20:34', '16');
INSERT INTO `post_likes` (`id`, `from_user_id`, `post_id`, `send_at`, `like_page`) VALUES ('62', '11', '74', '1998-10-26 05:44:16', '3');
INSERT INTO `post_likes` (`id`, `from_user_id`, `post_id`, `send_at`, `like_page`) VALUES ('63', '19', '60', '1977-03-01 01:05:10', '9');
INSERT INTO `post_likes` (`id`, `from_user_id`, `post_id`, `send_at`, `like_page`) VALUES ('64', '11', '69', '2010-12-31 16:45:24', '20');
INSERT INTO `post_likes` (`id`, `from_user_id`, `post_id`, `send_at`, `like_page`) VALUES ('65', '15', '63', '1988-08-27 23:17:11', '3');
INSERT INTO `post_likes` (`id`, `from_user_id`, `post_id`, `send_at`, `like_page`) VALUES ('66', '9', '82', '1976-02-10 06:14:51', '15');
INSERT INTO `post_likes` (`id`, `from_user_id`, `post_id`, `send_at`, `like_page`) VALUES ('67', '18', '71', '2001-04-07 14:35:27', '8');
INSERT INTO `post_likes` (`id`, `from_user_id`, `post_id`, `send_at`, `like_page`) VALUES ('68', '12', '91', '2019-12-20 18:53:41', '12');
INSERT INTO `post_likes` (`id`, `from_user_id`, `post_id`, `send_at`, `like_page`) VALUES ('69', '18', '76', '2001-12-03 07:27:39', '1');
INSERT INTO `post_likes` (`id`, `from_user_id`, `post_id`, `send_at`, `like_page`) VALUES ('70', '20', '43', '1970-03-23 03:47:26', '19');
INSERT INTO `post_likes` (`id`, `from_user_id`, `post_id`, `send_at`, `like_page`) VALUES ('71', '7', '27', '2015-08-18 22:44:53', '17');
INSERT INTO `post_likes` (`id`, `from_user_id`, `post_id`, `send_at`, `like_page`) VALUES ('72', '2', '81', '2001-05-01 23:56:24', '11');
INSERT INTO `post_likes` (`id`, `from_user_id`, `post_id`, `send_at`, `like_page`) VALUES ('73', '4', '73', '2006-04-20 04:28:48', '4');
INSERT INTO `post_likes` (`id`, `from_user_id`, `post_id`, `send_at`, `like_page`) VALUES ('74', '13', '26', '2004-06-13 05:59:13', '17');
INSERT INTO `post_likes` (`id`, `from_user_id`, `post_id`, `send_at`, `like_page`) VALUES ('75', '12', '100', '2004-07-28 07:54:20', '10');
INSERT INTO `post_likes` (`id`, `from_user_id`, `post_id`, `send_at`, `like_page`) VALUES ('76', '15', '42', '1973-02-12 19:19:36', '6');
INSERT INTO `post_likes` (`id`, `from_user_id`, `post_id`, `send_at`, `like_page`) VALUES ('77', '10', '29', '1972-01-09 06:47:32', '20');
INSERT INTO `post_likes` (`id`, `from_user_id`, `post_id`, `send_at`, `like_page`) VALUES ('78', '16', '86', '2008-08-27 13:59:55', '18');
INSERT INTO `post_likes` (`id`, `from_user_id`, `post_id`, `send_at`, `like_page`) VALUES ('79', '10', '73', '2018-06-03 05:18:18', '12');
INSERT INTO `post_likes` (`id`, `from_user_id`, `post_id`, `send_at`, `like_page`) VALUES ('80', '11', '70', '1979-06-06 01:19:04', '1');
INSERT INTO `post_likes` (`id`, `from_user_id`, `post_id`, `send_at`, `like_page`) VALUES ('81', '9', '4', '1992-11-29 17:43:27', '8');
INSERT INTO `post_likes` (`id`, `from_user_id`, `post_id`, `send_at`, `like_page`) VALUES ('82', '5', '14', '2018-05-19 09:31:55', '3');
INSERT INTO `post_likes` (`id`, `from_user_id`, `post_id`, `send_at`, `like_page`) VALUES ('83', '16', '33', '1993-02-26 12:11:40', '18');
INSERT INTO `post_likes` (`id`, `from_user_id`, `post_id`, `send_at`, `like_page`) VALUES ('84', '19', '93', '1990-07-26 05:51:21', '3');
INSERT INTO `post_likes` (`id`, `from_user_id`, `post_id`, `send_at`, `like_page`) VALUES ('85', '16', '52', '2007-11-03 21:43:28', '3');
INSERT INTO `post_likes` (`id`, `from_user_id`, `post_id`, `send_at`, `like_page`) VALUES ('86', '5', '23', '2011-05-07 02:37:35', '11');
INSERT INTO `post_likes` (`id`, `from_user_id`, `post_id`, `send_at`, `like_page`) VALUES ('87', '11', '69', '1970-02-27 12:12:18', '16');
INSERT INTO `post_likes` (`id`, `from_user_id`, `post_id`, `send_at`, `like_page`) VALUES ('88', '11', '49', '2006-12-27 16:07:43', '12');
INSERT INTO `post_likes` (`id`, `from_user_id`, `post_id`, `send_at`, `like_page`) VALUES ('89', '8', '95', '1981-05-23 03:04:30', '8');
INSERT INTO `post_likes` (`id`, `from_user_id`, `post_id`, `send_at`, `like_page`) VALUES ('90', '1', '45', '1986-02-16 00:24:59', '2');
INSERT INTO `post_likes` (`id`, `from_user_id`, `post_id`, `send_at`, `like_page`) VALUES ('91', '2', '85', '1980-05-27 12:37:41', '3');
INSERT INTO `post_likes` (`id`, `from_user_id`, `post_id`, `send_at`, `like_page`) VALUES ('92', '9', '8', '1997-09-07 00:28:08', '6');
INSERT INTO `post_likes` (`id`, `from_user_id`, `post_id`, `send_at`, `like_page`) VALUES ('93', '12', '86', '2009-05-17 19:12:09', '11');
INSERT INTO `post_likes` (`id`, `from_user_id`, `post_id`, `send_at`, `like_page`) VALUES ('94', '9', '80', '2003-06-25 15:52:26', '11');
INSERT INTO `post_likes` (`id`, `from_user_id`, `post_id`, `send_at`, `like_page`) VALUES ('95', '11', '58', '1982-12-02 14:43:24', '1');
INSERT INTO `post_likes` (`id`, `from_user_id`, `post_id`, `send_at`, `like_page`) VALUES ('96', '13', '83', '1996-09-14 16:59:58', '6');
INSERT INTO `post_likes` (`id`, `from_user_id`, `post_id`, `send_at`, `like_page`) VALUES ('97', '4', '35', '1972-01-12 20:42:31', '19');
INSERT INTO `post_likes` (`id`, `from_user_id`, `post_id`, `send_at`, `like_page`) VALUES ('98', '20', '85', '2011-04-03 04:35:41', '9');
INSERT INTO `post_likes` (`id`, `from_user_id`, `post_id`, `send_at`, `like_page`) VALUES ('99', '13', '24', '1974-12-04 09:50:16', '8');
INSERT INTO `post_likes` (`id`, `from_user_id`, `post_id`, `send_at`, `like_page`) VALUES ('100', '20', '26', '1976-01-14 03:22:57', '16');
INSERT INTO `post_likes` (`id`, `from_user_id`, `post_id`, `send_at`, `like_page`) VALUES ('101', '2', '34', '1996-10-30 10:07:30', '12');
INSERT INTO `post_likes` (`id`, `from_user_id`, `post_id`, `send_at`, `like_page`) VALUES ('102', '4', '76', '1993-12-19 06:21:31', '14');
INSERT INTO `post_likes` (`id`, `from_user_id`, `post_id`, `send_at`, `like_page`) VALUES ('103', '9', '32', '1970-12-14 22:51:24', '11');
INSERT INTO `post_likes` (`id`, `from_user_id`, `post_id`, `send_at`, `like_page`) VALUES ('104', '20', '73', '1975-04-29 08:56:30', '8');
INSERT INTO `post_likes` (`id`, `from_user_id`, `post_id`, `send_at`, `like_page`) VALUES ('105', '10', '26', '2012-12-25 20:27:13', '20');
INSERT INTO `post_likes` (`id`, `from_user_id`, `post_id`, `send_at`, `like_page`) VALUES ('106', '11', '89', '1981-08-17 21:12:42', '16');
INSERT INTO `post_likes` (`id`, `from_user_id`, `post_id`, `send_at`, `like_page`) VALUES ('107', '16', '5', '2019-08-08 09:33:46', '3');
INSERT INTO `post_likes` (`id`, `from_user_id`, `post_id`, `send_at`, `like_page`) VALUES ('108', '14', '100', '1977-09-07 13:56:50', '20');
INSERT INTO `post_likes` (`id`, `from_user_id`, `post_id`, `send_at`, `like_page`) VALUES ('109', '2', '61', '1987-05-29 10:52:08', '5');
INSERT INTO `post_likes` (`id`, `from_user_id`, `post_id`, `send_at`, `like_page`) VALUES ('110', '9', '60', '1993-03-15 19:49:39', '10');
INSERT INTO `post_likes` (`id`, `from_user_id`, `post_id`, `send_at`, `like_page`) VALUES ('111', '5', '67', '2019-12-31 13:07:01', '16');
INSERT INTO `post_likes` (`id`, `from_user_id`, `post_id`, `send_at`, `like_page`) VALUES ('112', '18', '85', '2008-10-15 15:29:20', '11');
INSERT INTO `post_likes` (`id`, `from_user_id`, `post_id`, `send_at`, `like_page`) VALUES ('113', '13', '28', '1986-02-28 01:53:04', '17');
INSERT INTO `post_likes` (`id`, `from_user_id`, `post_id`, `send_at`, `like_page`) VALUES ('114', '4', '28', '1972-12-21 12:10:13', '11');
INSERT INTO `post_likes` (`id`, `from_user_id`, `post_id`, `send_at`, `like_page`) VALUES ('115', '12', '78', '1989-10-19 03:09:28', '17');
INSERT INTO `post_likes` (`id`, `from_user_id`, `post_id`, `send_at`, `like_page`) VALUES ('116', '11', '29', '2010-04-13 17:25:36', '15');
INSERT INTO `post_likes` (`id`, `from_user_id`, `post_id`, `send_at`, `like_page`) VALUES ('117', '6', '4', '1983-11-03 15:20:39', '16');
INSERT INTO `post_likes` (`id`, `from_user_id`, `post_id`, `send_at`, `like_page`) VALUES ('118', '8', '72', '1972-10-02 15:55:02', '16');
INSERT INTO `post_likes` (`id`, `from_user_id`, `post_id`, `send_at`, `like_page`) VALUES ('119', '8', '81', '2002-10-01 19:59:44', '8');
INSERT INTO `post_likes` (`id`, `from_user_id`, `post_id`, `send_at`, `like_page`) VALUES ('120', '12', '25', '1996-12-09 14:37:12', '20');
INSERT INTO `post_likes` (`id`, `from_user_id`, `post_id`, `send_at`, `like_page`) VALUES ('121', '20', '50', '1997-09-02 20:38:41', '12');
INSERT INTO `post_likes` (`id`, `from_user_id`, `post_id`, `send_at`, `like_page`) VALUES ('122', '16', '39', '1976-12-08 04:01:51', '10');
INSERT INTO `post_likes` (`id`, `from_user_id`, `post_id`, `send_at`, `like_page`) VALUES ('123', '7', '100', '1975-12-01 23:40:24', '16');
INSERT INTO `post_likes` (`id`, `from_user_id`, `post_id`, `send_at`, `like_page`) VALUES ('124', '4', '18', '1979-04-17 14:22:18', '1');
INSERT INTO `post_likes` (`id`, `from_user_id`, `post_id`, `send_at`, `like_page`) VALUES ('125', '16', '74', '1982-01-12 08:48:02', '16');
INSERT INTO `post_likes` (`id`, `from_user_id`, `post_id`, `send_at`, `like_page`) VALUES ('126', '13', '25', '1973-01-26 17:57:49', '3');
INSERT INTO `post_likes` (`id`, `from_user_id`, `post_id`, `send_at`, `like_page`) VALUES ('127', '7', '54', '1987-07-14 09:03:13', '3');
INSERT INTO `post_likes` (`id`, `from_user_id`, `post_id`, `send_at`, `like_page`) VALUES ('128', '3', '94', '2010-05-15 20:36:55', '17');
INSERT INTO `post_likes` (`id`, `from_user_id`, `post_id`, `send_at`, `like_page`) VALUES ('129', '18', '29', '2002-05-30 18:59:59', '12');
INSERT INTO `post_likes` (`id`, `from_user_id`, `post_id`, `send_at`, `like_page`) VALUES ('130', '6', '85', '2009-09-09 06:03:57', '19');
INSERT INTO `post_likes` (`id`, `from_user_id`, `post_id`, `send_at`, `like_page`) VALUES ('131', '5', '84', '1987-08-26 09:02:43', '9');
INSERT INTO `post_likes` (`id`, `from_user_id`, `post_id`, `send_at`, `like_page`) VALUES ('132', '18', '62', '2015-06-25 19:43:51', '16');
INSERT INTO `post_likes` (`id`, `from_user_id`, `post_id`, `send_at`, `like_page`) VALUES ('133', '8', '95', '1974-03-24 23:20:57', '16');
INSERT INTO `post_likes` (`id`, `from_user_id`, `post_id`, `send_at`, `like_page`) VALUES ('134', '3', '13', '2007-12-30 03:08:07', '20');
INSERT INTO `post_likes` (`id`, `from_user_id`, `post_id`, `send_at`, `like_page`) VALUES ('135', '4', '89', '1998-12-11 00:15:50', '13');
INSERT INTO `post_likes` (`id`, `from_user_id`, `post_id`, `send_at`, `like_page`) VALUES ('136', '20', '50', '2008-07-02 12:06:51', '20');
INSERT INTO `post_likes` (`id`, `from_user_id`, `post_id`, `send_at`, `like_page`) VALUES ('137', '2', '84', '2004-09-11 21:49:26', '10');
INSERT INTO `post_likes` (`id`, `from_user_id`, `post_id`, `send_at`, `like_page`) VALUES ('138', '5', '95', '2019-01-23 23:22:36', '9');
INSERT INTO `post_likes` (`id`, `from_user_id`, `post_id`, `send_at`, `like_page`) VALUES ('139', '2', '83', '1979-02-23 19:13:02', '13');
INSERT INTO `post_likes` (`id`, `from_user_id`, `post_id`, `send_at`, `like_page`) VALUES ('140', '15', '8', '2006-10-03 21:58:06', '11');
INSERT INTO `post_likes` (`id`, `from_user_id`, `post_id`, `send_at`, `like_page`) VALUES ('141', '13', '32', '2014-05-22 14:21:30', '8');
INSERT INTO `post_likes` (`id`, `from_user_id`, `post_id`, `send_at`, `like_page`) VALUES ('142', '1', '19', '1995-10-20 00:00:53', '20');
INSERT INTO `post_likes` (`id`, `from_user_id`, `post_id`, `send_at`, `like_page`) VALUES ('143', '16', '54', '2008-12-04 18:22:55', '19');
INSERT INTO `post_likes` (`id`, `from_user_id`, `post_id`, `send_at`, `like_page`) VALUES ('144', '12', '66', '1980-05-03 15:40:40', '1');
INSERT INTO `post_likes` (`id`, `from_user_id`, `post_id`, `send_at`, `like_page`) VALUES ('145', '11', '82', '1979-07-15 02:35:40', '20');
INSERT INTO `post_likes` (`id`, `from_user_id`, `post_id`, `send_at`, `like_page`) VALUES ('146', '4', '79', '2000-11-05 17:07:20', '9');
INSERT INTO `post_likes` (`id`, `from_user_id`, `post_id`, `send_at`, `like_page`) VALUES ('147', '3', '87', '1994-05-29 23:45:37', '6');
INSERT INTO `post_likes` (`id`, `from_user_id`, `post_id`, `send_at`, `like_page`) VALUES ('148', '13', '8', '2003-09-14 15:54:38', '5');
INSERT INTO `post_likes` (`id`, `from_user_id`, `post_id`, `send_at`, `like_page`) VALUES ('149', '20', '13', '1973-01-14 08:25:02', '1');
INSERT INTO `post_likes` (`id`, `from_user_id`, `post_id`, `send_at`, `like_page`) VALUES ('150', '14', '85', '1982-12-23 18:18:55', '3');
INSERT INTO `post_likes` (`id`, `from_user_id`, `post_id`, `send_at`, `like_page`) VALUES ('151', '5', '47', '2010-11-06 20:40:38', '9');
INSERT INTO `post_likes` (`id`, `from_user_id`, `post_id`, `send_at`, `like_page`) VALUES ('152', '12', '48', '2005-06-25 13:33:41', '11');
INSERT INTO `post_likes` (`id`, `from_user_id`, `post_id`, `send_at`, `like_page`) VALUES ('153', '12', '27', '2003-07-29 18:58:41', '3');
INSERT INTO `post_likes` (`id`, `from_user_id`, `post_id`, `send_at`, `like_page`) VALUES ('154', '10', '84', '1997-01-30 10:36:57', '16');
INSERT INTO `post_likes` (`id`, `from_user_id`, `post_id`, `send_at`, `like_page`) VALUES ('155', '11', '35', '1984-09-15 23:27:59', '11');
INSERT INTO `post_likes` (`id`, `from_user_id`, `post_id`, `send_at`, `like_page`) VALUES ('156', '10', '55', '2008-06-12 03:05:32', '8');
INSERT INTO `post_likes` (`id`, `from_user_id`, `post_id`, `send_at`, `like_page`) VALUES ('157', '18', '68', '2007-06-09 22:29:01', '5');
INSERT INTO `post_likes` (`id`, `from_user_id`, `post_id`, `send_at`, `like_page`) VALUES ('158', '4', '28', '1972-12-25 01:12:37', '7');
INSERT INTO `post_likes` (`id`, `from_user_id`, `post_id`, `send_at`, `like_page`) VALUES ('159', '8', '28', '1978-11-05 20:07:26', '9');
INSERT INTO `post_likes` (`id`, `from_user_id`, `post_id`, `send_at`, `like_page`) VALUES ('160', '8', '97', '2002-07-20 14:40:16', '6');
INSERT INTO `post_likes` (`id`, `from_user_id`, `post_id`, `send_at`, `like_page`) VALUES ('161', '10', '19', '1973-04-03 23:29:06', '15');
INSERT INTO `post_likes` (`id`, `from_user_id`, `post_id`, `send_at`, `like_page`) VALUES ('162', '18', '77', '2007-04-03 19:00:46', '5');
INSERT INTO `post_likes` (`id`, `from_user_id`, `post_id`, `send_at`, `like_page`) VALUES ('163', '10', '34', '2009-04-08 02:34:04', '10');
INSERT INTO `post_likes` (`id`, `from_user_id`, `post_id`, `send_at`, `like_page`) VALUES ('164', '13', '83', '2002-09-27 02:07:12', '7');
INSERT INTO `post_likes` (`id`, `from_user_id`, `post_id`, `send_at`, `like_page`) VALUES ('165', '8', '37', '1989-11-30 21:57:12', '12');
INSERT INTO `post_likes` (`id`, `from_user_id`, `post_id`, `send_at`, `like_page`) VALUES ('166', '20', '84', '2007-08-02 05:53:21', '5');
INSERT INTO `post_likes` (`id`, `from_user_id`, `post_id`, `send_at`, `like_page`) VALUES ('167', '8', '74', '2017-06-22 06:30:34', '19');
INSERT INTO `post_likes` (`id`, `from_user_id`, `post_id`, `send_at`, `like_page`) VALUES ('168', '12', '90', '2017-07-09 19:00:02', '4');
INSERT INTO `post_likes` (`id`, `from_user_id`, `post_id`, `send_at`, `like_page`) VALUES ('169', '19', '25', '1994-02-10 17:29:23', '10');
INSERT INTO `post_likes` (`id`, `from_user_id`, `post_id`, `send_at`, `like_page`) VALUES ('170', '7', '63', '2012-07-24 01:05:31', '9');
INSERT INTO `post_likes` (`id`, `from_user_id`, `post_id`, `send_at`, `like_page`) VALUES ('171', '13', '10', '1990-01-08 13:29:26', '11');
INSERT INTO `post_likes` (`id`, `from_user_id`, `post_id`, `send_at`, `like_page`) VALUES ('172', '8', '99', '1972-03-18 16:59:04', '8');
INSERT INTO `post_likes` (`id`, `from_user_id`, `post_id`, `send_at`, `like_page`) VALUES ('173', '12', '46', '1979-10-20 21:34:21', '13');
INSERT INTO `post_likes` (`id`, `from_user_id`, `post_id`, `send_at`, `like_page`) VALUES ('174', '2', '7', '1998-09-17 01:58:10', '11');
INSERT INTO `post_likes` (`id`, `from_user_id`, `post_id`, `send_at`, `like_page`) VALUES ('175', '9', '45', '2006-01-21 13:02:27', '18');
INSERT INTO `post_likes` (`id`, `from_user_id`, `post_id`, `send_at`, `like_page`) VALUES ('176', '2', '43', '1994-11-16 17:23:57', '14');
INSERT INTO `post_likes` (`id`, `from_user_id`, `post_id`, `send_at`, `like_page`) VALUES ('177', '6', '78', '1995-08-17 04:41:46', '10');
INSERT INTO `post_likes` (`id`, `from_user_id`, `post_id`, `send_at`, `like_page`) VALUES ('178', '4', '38', '2001-07-04 19:31:00', '8');
INSERT INTO `post_likes` (`id`, `from_user_id`, `post_id`, `send_at`, `like_page`) VALUES ('179', '8', '28', '1993-06-25 03:45:22', '11');
INSERT INTO `post_likes` (`id`, `from_user_id`, `post_id`, `send_at`, `like_page`) VALUES ('180', '17', '63', '1995-01-01 01:04:01', '5');
INSERT INTO `post_likes` (`id`, `from_user_id`, `post_id`, `send_at`, `like_page`) VALUES ('181', '5', '26', '2012-06-24 18:29:47', '7');
INSERT INTO `post_likes` (`id`, `from_user_id`, `post_id`, `send_at`, `like_page`) VALUES ('182', '17', '63', '1985-03-26 18:16:10', '6');
INSERT INTO `post_likes` (`id`, `from_user_id`, `post_id`, `send_at`, `like_page`) VALUES ('183', '4', '22', '1989-09-09 09:32:44', '15');
INSERT INTO `post_likes` (`id`, `from_user_id`, `post_id`, `send_at`, `like_page`) VALUES ('184', '18', '30', '1998-09-18 16:04:54', '16');
INSERT INTO `post_likes` (`id`, `from_user_id`, `post_id`, `send_at`, `like_page`) VALUES ('185', '8', '71', '1999-01-08 08:20:50', '6');
INSERT INTO `post_likes` (`id`, `from_user_id`, `post_id`, `send_at`, `like_page`) VALUES ('186', '5', '78', '1988-01-31 14:00:26', '13');
INSERT INTO `post_likes` (`id`, `from_user_id`, `post_id`, `send_at`, `like_page`) VALUES ('187', '20', '7', '1994-12-22 16:26:09', '10');
INSERT INTO `post_likes` (`id`, `from_user_id`, `post_id`, `send_at`, `like_page`) VALUES ('188', '8', '25', '2005-12-11 13:56:54', '17');
INSERT INTO `post_likes` (`id`, `from_user_id`, `post_id`, `send_at`, `like_page`) VALUES ('189', '15', '60', '1971-04-09 16:31:54', '3');
INSERT INTO `post_likes` (`id`, `from_user_id`, `post_id`, `send_at`, `like_page`) VALUES ('190', '7', '40', '2003-09-11 14:01:56', '15');
INSERT INTO `post_likes` (`id`, `from_user_id`, `post_id`, `send_at`, `like_page`) VALUES ('191', '11', '62', '1977-12-16 08:51:04', '20');
INSERT INTO `post_likes` (`id`, `from_user_id`, `post_id`, `send_at`, `like_page`) VALUES ('192', '17', '43', '2013-10-08 08:35:56', '12');
INSERT INTO `post_likes` (`id`, `from_user_id`, `post_id`, `send_at`, `like_page`) VALUES ('193', '3', '59', '1971-04-16 18:48:43', '17');
INSERT INTO `post_likes` (`id`, `from_user_id`, `post_id`, `send_at`, `like_page`) VALUES ('194', '18', '45', '2000-09-04 17:45:36', '3');
INSERT INTO `post_likes` (`id`, `from_user_id`, `post_id`, `send_at`, `like_page`) VALUES ('195', '14', '81', '1993-07-27 07:50:15', '17');
INSERT INTO `post_likes` (`id`, `from_user_id`, `post_id`, `send_at`, `like_page`) VALUES ('196', '20', '5', '1981-04-21 06:32:56', '12');
INSERT INTO `post_likes` (`id`, `from_user_id`, `post_id`, `send_at`, `like_page`) VALUES ('197', '13', '100', '1975-12-23 09:23:43', '13');
INSERT INTO `post_likes` (`id`, `from_user_id`, `post_id`, `send_at`, `like_page`) VALUES ('198', '2', '40', '1984-07-08 00:36:39', '19');
INSERT INTO `post_likes` (`id`, `from_user_id`, `post_id`, `send_at`, `like_page`) VALUES ('199', '19', '14', '1972-12-13 22:49:02', '11');
INSERT INTO `post_likes` (`id`, `from_user_id`, `post_id`, `send_at`, `like_page`) VALUES ('200', '1', '47', '2006-02-12 19:02:08', '19');
INSERT INTO `post_likes` (`id`, `from_user_id`, `post_id`, `send_at`, `like_page`) VALUES ('201', '16', '1', '1997-10-19 06:33:41', '11');
INSERT INTO `post_likes` (`id`, `from_user_id`, `post_id`, `send_at`, `like_page`) VALUES ('202', '15', '86', '1985-12-12 22:31:11', '20');
INSERT INTO `post_likes` (`id`, `from_user_id`, `post_id`, `send_at`, `like_page`) VALUES ('203', '8', '100', '1976-08-23 15:19:47', '11');
INSERT INTO `post_likes` (`id`, `from_user_id`, `post_id`, `send_at`, `like_page`) VALUES ('204', '4', '88', '1984-01-03 09:10:37', '20');
INSERT INTO `post_likes` (`id`, `from_user_id`, `post_id`, `send_at`, `like_page`) VALUES ('205', '7', '58', '1977-04-19 20:48:14', '16');
INSERT INTO `post_likes` (`id`, `from_user_id`, `post_id`, `send_at`, `like_page`) VALUES ('206', '3', '53', '1992-02-29 23:49:38', '17');
INSERT INTO `post_likes` (`id`, `from_user_id`, `post_id`, `send_at`, `like_page`) VALUES ('207', '16', '16', '2018-07-29 18:36:18', '16');
INSERT INTO `post_likes` (`id`, `from_user_id`, `post_id`, `send_at`, `like_page`) VALUES ('208', '9', '25', '1982-07-13 16:44:32', '5');
INSERT INTO `post_likes` (`id`, `from_user_id`, `post_id`, `send_at`, `like_page`) VALUES ('209', '7', '16', '1980-02-27 20:41:32', '8');
INSERT INTO `post_likes` (`id`, `from_user_id`, `post_id`, `send_at`, `like_page`) VALUES ('210', '18', '19', '2015-02-25 12:25:44', '16');
INSERT INTO `post_likes` (`id`, `from_user_id`, `post_id`, `send_at`, `like_page`) VALUES ('211', '16', '94', '2005-08-13 13:28:17', '16');
INSERT INTO `post_likes` (`id`, `from_user_id`, `post_id`, `send_at`, `like_page`) VALUES ('212', '6', '69', '1979-09-02 12:23:56', '12');
INSERT INTO `post_likes` (`id`, `from_user_id`, `post_id`, `send_at`, `like_page`) VALUES ('213', '5', '5', '1972-08-02 16:29:25', '12');
INSERT INTO `post_likes` (`id`, `from_user_id`, `post_id`, `send_at`, `like_page`) VALUES ('214', '16', '23', '1998-02-20 21:48:37', '11');
INSERT INTO `post_likes` (`id`, `from_user_id`, `post_id`, `send_at`, `like_page`) VALUES ('215', '15', '55', '2015-10-03 15:27:44', '3');
INSERT INTO `post_likes` (`id`, `from_user_id`, `post_id`, `send_at`, `like_page`) VALUES ('216', '11', '69', '2019-06-03 14:17:05', '12');
INSERT INTO `post_likes` (`id`, `from_user_id`, `post_id`, `send_at`, `like_page`) VALUES ('217', '7', '45', '2007-06-24 12:55:01', '16');
INSERT INTO `post_likes` (`id`, `from_user_id`, `post_id`, `send_at`, `like_page`) VALUES ('218', '4', '87', '1981-07-19 12:56:30', '1');
INSERT INTO `post_likes` (`id`, `from_user_id`, `post_id`, `send_at`, `like_page`) VALUES ('219', '8', '21', '1995-09-28 10:23:37', '5');
INSERT INTO `post_likes` (`id`, `from_user_id`, `post_id`, `send_at`, `like_page`) VALUES ('220', '15', '6', '1993-05-10 03:58:21', '8');
INSERT INTO `post_likes` (`id`, `from_user_id`, `post_id`, `send_at`, `like_page`) VALUES ('221', '11', '82', '1991-05-21 10:21:39', '7');
INSERT INTO `post_likes` (`id`, `from_user_id`, `post_id`, `send_at`, `like_page`) VALUES ('222', '7', '11', '1982-11-21 09:17:07', '1');
INSERT INTO `post_likes` (`id`, `from_user_id`, `post_id`, `send_at`, `like_page`) VALUES ('223', '20', '34', '2013-08-13 00:37:39', '1');
INSERT INTO `post_likes` (`id`, `from_user_id`, `post_id`, `send_at`, `like_page`) VALUES ('224', '14', '11', '1984-04-11 21:50:14', '6');
INSERT INTO `post_likes` (`id`, `from_user_id`, `post_id`, `send_at`, `like_page`) VALUES ('225', '4', '84', '2013-06-12 11:35:50', '16');
INSERT INTO `post_likes` (`id`, `from_user_id`, `post_id`, `send_at`, `like_page`) VALUES ('226', '7', '36', '2010-04-22 00:47:32', '11');
INSERT INTO `post_likes` (`id`, `from_user_id`, `post_id`, `send_at`, `like_page`) VALUES ('227', '20', '69', '2016-09-20 05:45:07', '20');
INSERT INTO `post_likes` (`id`, `from_user_id`, `post_id`, `send_at`, `like_page`) VALUES ('228', '16', '85', '2018-07-16 15:51:02', '16');
INSERT INTO `post_likes` (`id`, `from_user_id`, `post_id`, `send_at`, `like_page`) VALUES ('229', '17', '21', '1980-05-18 07:46:58', '1');
INSERT INTO `post_likes` (`id`, `from_user_id`, `post_id`, `send_at`, `like_page`) VALUES ('230', '1', '91', '1985-09-12 03:59:23', '1');
INSERT INTO `post_likes` (`id`, `from_user_id`, `post_id`, `send_at`, `like_page`) VALUES ('231', '9', '42', '1992-12-18 20:21:04', '18');
INSERT INTO `post_likes` (`id`, `from_user_id`, `post_id`, `send_at`, `like_page`) VALUES ('232', '15', '74', '1986-09-27 19:45:10', '20');
INSERT INTO `post_likes` (`id`, `from_user_id`, `post_id`, `send_at`, `like_page`) VALUES ('233', '15', '74', '1981-09-15 04:21:49', '7');
INSERT INTO `post_likes` (`id`, `from_user_id`, `post_id`, `send_at`, `like_page`) VALUES ('234', '16', '39', '1989-04-25 09:51:24', '9');
INSERT INTO `post_likes` (`id`, `from_user_id`, `post_id`, `send_at`, `like_page`) VALUES ('235', '2', '59', '1997-08-20 04:35:38', '6');
INSERT INTO `post_likes` (`id`, `from_user_id`, `post_id`, `send_at`, `like_page`) VALUES ('236', '18', '91', '2017-02-22 03:54:30', '12');
INSERT INTO `post_likes` (`id`, `from_user_id`, `post_id`, `send_at`, `like_page`) VALUES ('237', '8', '87', '1996-12-07 13:25:32', '7');
INSERT INTO `post_likes` (`id`, `from_user_id`, `post_id`, `send_at`, `like_page`) VALUES ('238', '7', '63', '2005-10-29 14:31:39', '4');
INSERT INTO `post_likes` (`id`, `from_user_id`, `post_id`, `send_at`, `like_page`) VALUES ('239', '3', '45', '2004-08-19 08:38:23', '8');
INSERT INTO `post_likes` (`id`, `from_user_id`, `post_id`, `send_at`, `like_page`) VALUES ('240', '4', '46', '2005-04-23 15:06:02', '6');
INSERT INTO `post_likes` (`id`, `from_user_id`, `post_id`, `send_at`, `like_page`) VALUES ('241', '5', '86', '1982-04-13 05:39:20', '13');
INSERT INTO `post_likes` (`id`, `from_user_id`, `post_id`, `send_at`, `like_page`) VALUES ('242', '3', '59', '2012-03-23 17:06:11', '9');
INSERT INTO `post_likes` (`id`, `from_user_id`, `post_id`, `send_at`, `like_page`) VALUES ('243', '3', '32', '2014-07-15 06:16:21', '4');
INSERT INTO `post_likes` (`id`, `from_user_id`, `post_id`, `send_at`, `like_page`) VALUES ('244', '9', '10', '2019-07-02 23:17:04', '11');
INSERT INTO `post_likes` (`id`, `from_user_id`, `post_id`, `send_at`, `like_page`) VALUES ('245', '18', '15', '1977-10-12 10:40:20', '3');
INSERT INTO `post_likes` (`id`, `from_user_id`, `post_id`, `send_at`, `like_page`) VALUES ('246', '3', '2', '1970-07-20 04:56:46', '1');
INSERT INTO `post_likes` (`id`, `from_user_id`, `post_id`, `send_at`, `like_page`) VALUES ('247', '16', '40', '1988-12-31 07:43:59', '18');
INSERT INTO `post_likes` (`id`, `from_user_id`, `post_id`, `send_at`, `like_page`) VALUES ('248', '2', '74', '1983-12-17 13:32:31', '11');
INSERT INTO `post_likes` (`id`, `from_user_id`, `post_id`, `send_at`, `like_page`) VALUES ('249', '5', '88', '2011-12-14 13:19:16', '20');
INSERT INTO `post_likes` (`id`, `from_user_id`, `post_id`, `send_at`, `like_page`) VALUES ('250', '12', '5', '2004-04-30 14:46:51', '9');
INSERT INTO `post_likes` (`id`, `from_user_id`, `post_id`, `send_at`, `like_page`) VALUES ('251', '17', '28', '1996-06-21 00:28:47', '6');
INSERT INTO `post_likes` (`id`, `from_user_id`, `post_id`, `send_at`, `like_page`) VALUES ('252', '11', '40', '2017-04-28 15:03:35', '17');
INSERT INTO `post_likes` (`id`, `from_user_id`, `post_id`, `send_at`, `like_page`) VALUES ('253', '19', '51', '1988-05-23 07:39:45', '4');
INSERT INTO `post_likes` (`id`, `from_user_id`, `post_id`, `send_at`, `like_page`) VALUES ('254', '2', '94', '1988-06-02 01:56:10', '6');
INSERT INTO `post_likes` (`id`, `from_user_id`, `post_id`, `send_at`, `like_page`) VALUES ('255', '13', '81', '2000-12-19 19:56:28', '9');
INSERT INTO `post_likes` (`id`, `from_user_id`, `post_id`, `send_at`, `like_page`) VALUES ('256', '15', '95', '1993-01-15 22:28:41', '9');
INSERT INTO `post_likes` (`id`, `from_user_id`, `post_id`, `send_at`, `like_page`) VALUES ('257', '15', '71', '1999-08-01 08:02:05', '16');
INSERT INTO `post_likes` (`id`, `from_user_id`, `post_id`, `send_at`, `like_page`) VALUES ('258', '13', '79', '1998-03-09 22:28:23', '11');
INSERT INTO `post_likes` (`id`, `from_user_id`, `post_id`, `send_at`, `like_page`) VALUES ('259', '3', '2', '1981-11-14 20:15:40', '9');
INSERT INTO `post_likes` (`id`, `from_user_id`, `post_id`, `send_at`, `like_page`) VALUES ('260', '2', '61', '2011-05-10 20:32:05', '10');
INSERT INTO `post_likes` (`id`, `from_user_id`, `post_id`, `send_at`, `like_page`) VALUES ('261', '10', '46', '1987-06-09 23:56:38', '15');
INSERT INTO `post_likes` (`id`, `from_user_id`, `post_id`, `send_at`, `like_page`) VALUES ('262', '16', '99', '2020-01-26 18:47:47', '3');
INSERT INTO `post_likes` (`id`, `from_user_id`, `post_id`, `send_at`, `like_page`) VALUES ('263', '13', '92', '1997-12-07 11:45:01', '12');
INSERT INTO `post_likes` (`id`, `from_user_id`, `post_id`, `send_at`, `like_page`) VALUES ('264', '16', '1', '2003-12-19 08:49:41', '11');
INSERT INTO `post_likes` (`id`, `from_user_id`, `post_id`, `send_at`, `like_page`) VALUES ('265', '1', '62', '1998-07-02 04:42:59', '8');
INSERT INTO `post_likes` (`id`, `from_user_id`, `post_id`, `send_at`, `like_page`) VALUES ('266', '9', '35', '2011-05-06 04:22:44', '7');
INSERT INTO `post_likes` (`id`, `from_user_id`, `post_id`, `send_at`, `like_page`) VALUES ('267', '17', '10', '2011-04-26 08:05:51', '1');
INSERT INTO `post_likes` (`id`, `from_user_id`, `post_id`, `send_at`, `like_page`) VALUES ('268', '14', '72', '1976-12-05 07:59:37', '17');
INSERT INTO `post_likes` (`id`, `from_user_id`, `post_id`, `send_at`, `like_page`) VALUES ('269', '4', '86', '1992-10-10 23:48:28', '17');
INSERT INTO `post_likes` (`id`, `from_user_id`, `post_id`, `send_at`, `like_page`) VALUES ('270', '13', '94', '1973-04-02 07:26:26', '10');
INSERT INTO `post_likes` (`id`, `from_user_id`, `post_id`, `send_at`, `like_page`) VALUES ('271', '2', '43', '1996-08-02 10:08:31', '19');
INSERT INTO `post_likes` (`id`, `from_user_id`, `post_id`, `send_at`, `like_page`) VALUES ('272', '17', '18', '2007-10-02 09:41:32', '18');
INSERT INTO `post_likes` (`id`, `from_user_id`, `post_id`, `send_at`, `like_page`) VALUES ('273', '20', '78', '1994-06-02 18:03:26', '16');
INSERT INTO `post_likes` (`id`, `from_user_id`, `post_id`, `send_at`, `like_page`) VALUES ('274', '13', '55', '1976-12-08 20:45:20', '16');
INSERT INTO `post_likes` (`id`, `from_user_id`, `post_id`, `send_at`, `like_page`) VALUES ('275', '4', '57', '1975-05-30 02:36:53', '9');
INSERT INTO `post_likes` (`id`, `from_user_id`, `post_id`, `send_at`, `like_page`) VALUES ('276', '12', '98', '1985-02-22 21:19:31', '16');
INSERT INTO `post_likes` (`id`, `from_user_id`, `post_id`, `send_at`, `like_page`) VALUES ('277', '18', '82', '2002-01-18 11:07:43', '17');
INSERT INTO `post_likes` (`id`, `from_user_id`, `post_id`, `send_at`, `like_page`) VALUES ('278', '19', '47', '1979-05-10 17:18:59', '11');
INSERT INTO `post_likes` (`id`, `from_user_id`, `post_id`, `send_at`, `like_page`) VALUES ('279', '16', '67', '2015-08-03 17:46:08', '9');
INSERT INTO `post_likes` (`id`, `from_user_id`, `post_id`, `send_at`, `like_page`) VALUES ('280', '12', '29', '1979-03-18 00:22:22', '8');
INSERT INTO `post_likes` (`id`, `from_user_id`, `post_id`, `send_at`, `like_page`) VALUES ('281', '1', '38', '1989-01-26 12:44:27', '16');
INSERT INTO `post_likes` (`id`, `from_user_id`, `post_id`, `send_at`, `like_page`) VALUES ('282', '19', '22', '2008-10-08 13:07:56', '20');
INSERT INTO `post_likes` (`id`, `from_user_id`, `post_id`, `send_at`, `like_page`) VALUES ('283', '17', '19', '2000-04-08 19:10:17', '15');
INSERT INTO `post_likes` (`id`, `from_user_id`, `post_id`, `send_at`, `like_page`) VALUES ('284', '13', '79', '1980-10-23 23:01:28', '6');
INSERT INTO `post_likes` (`id`, `from_user_id`, `post_id`, `send_at`, `like_page`) VALUES ('285', '9', '97', '1998-03-06 13:55:35', '17');
INSERT INTO `post_likes` (`id`, `from_user_id`, `post_id`, `send_at`, `like_page`) VALUES ('286', '18', '54', '2002-08-18 02:37:16', '16');
INSERT INTO `post_likes` (`id`, `from_user_id`, `post_id`, `send_at`, `like_page`) VALUES ('287', '13', '43', '1994-01-24 03:55:42', '12');
INSERT INTO `post_likes` (`id`, `from_user_id`, `post_id`, `send_at`, `like_page`) VALUES ('288', '10', '36', '1998-06-14 07:08:00', '2');
INSERT INTO `post_likes` (`id`, `from_user_id`, `post_id`, `send_at`, `like_page`) VALUES ('289', '2', '11', '1982-06-14 19:27:47', '16');
INSERT INTO `post_likes` (`id`, `from_user_id`, `post_id`, `send_at`, `like_page`) VALUES ('290', '10', '71', '2001-08-03 15:48:13', '1');
INSERT INTO `post_likes` (`id`, `from_user_id`, `post_id`, `send_at`, `like_page`) VALUES ('291', '17', '75', '2014-04-12 21:50:27', '9');
INSERT INTO `post_likes` (`id`, `from_user_id`, `post_id`, `send_at`, `like_page`) VALUES ('292', '13', '70', '1989-09-25 23:43:40', '12');
INSERT INTO `post_likes` (`id`, `from_user_id`, `post_id`, `send_at`, `like_page`) VALUES ('293', '12', '53', '1971-07-22 00:36:57', '16');
INSERT INTO `post_likes` (`id`, `from_user_id`, `post_id`, `send_at`, `like_page`) VALUES ('294', '6', '17', '1983-12-21 17:15:35', '11');
INSERT INTO `post_likes` (`id`, `from_user_id`, `post_id`, `send_at`, `like_page`) VALUES ('295', '12', '62', '1976-06-08 10:05:56', '11');
INSERT INTO `post_likes` (`id`, `from_user_id`, `post_id`, `send_at`, `like_page`) VALUES ('296', '8', '48', '2004-11-13 14:17:14', '3');
INSERT INTO `post_likes` (`id`, `from_user_id`, `post_id`, `send_at`, `like_page`) VALUES ('297', '5', '11', '1994-12-27 22:23:58', '11');
INSERT INTO `post_likes` (`id`, `from_user_id`, `post_id`, `send_at`, `like_page`) VALUES ('298', '17', '59', '1976-12-07 01:38:44', '18');
INSERT INTO `post_likes` (`id`, `from_user_id`, `post_id`, `send_at`, `like_page`) VALUES ('299', '19', '64', '1972-01-09 11:34:47', '20');
INSERT INTO `post_likes` (`id`, `from_user_id`, `post_id`, `send_at`, `like_page`) VALUES ('300', '14', '12', '2002-11-07 10:49:34', '13');
INSERT INTO `post_likes` (`id`, `from_user_id`, `post_id`, `send_at`, `like_page`) VALUES ('301', '15', '95', '1984-08-10 20:41:20', '9');
INSERT INTO `post_likes` (`id`, `from_user_id`, `post_id`, `send_at`, `like_page`) VALUES ('302', '3', '56', '1978-06-26 10:36:25', '3');
INSERT INTO `post_likes` (`id`, `from_user_id`, `post_id`, `send_at`, `like_page`) VALUES ('303', '16', '12', '1989-04-25 06:11:37', '12');
INSERT INTO `post_likes` (`id`, `from_user_id`, `post_id`, `send_at`, `like_page`) VALUES ('304', '12', '41', '1995-03-20 12:02:39', '16');
INSERT INTO `post_likes` (`id`, `from_user_id`, `post_id`, `send_at`, `like_page`) VALUES ('305', '4', '97', '2002-07-29 14:54:29', '9');
INSERT INTO `post_likes` (`id`, `from_user_id`, `post_id`, `send_at`, `like_page`) VALUES ('306', '15', '36', '2017-04-25 15:40:44', '19');
INSERT INTO `post_likes` (`id`, `from_user_id`, `post_id`, `send_at`, `like_page`) VALUES ('307', '17', '57', '2012-07-29 20:28:34', '1');
INSERT INTO `post_likes` (`id`, `from_user_id`, `post_id`, `send_at`, `like_page`) VALUES ('308', '7', '40', '1984-07-26 03:17:09', '11');
INSERT INTO `post_likes` (`id`, `from_user_id`, `post_id`, `send_at`, `like_page`) VALUES ('309', '4', '32', '1977-01-01 11:02:20', '5');
INSERT INTO `post_likes` (`id`, `from_user_id`, `post_id`, `send_at`, `like_page`) VALUES ('310', '4', '99', '2002-08-14 08:58:37', '8');
INSERT INTO `post_likes` (`id`, `from_user_id`, `post_id`, `send_at`, `like_page`) VALUES ('311', '17', '69', '1994-05-24 21:03:59', '6');
INSERT INTO `post_likes` (`id`, `from_user_id`, `post_id`, `send_at`, `like_page`) VALUES ('312', '6', '82', '2016-10-13 05:28:15', '17');
INSERT INTO `post_likes` (`id`, `from_user_id`, `post_id`, `send_at`, `like_page`) VALUES ('313', '8', '57', '1990-12-26 17:36:24', '20');
INSERT INTO `post_likes` (`id`, `from_user_id`, `post_id`, `send_at`, `like_page`) VALUES ('314', '1', '14', '1987-02-11 14:19:32', '8');
INSERT INTO `post_likes` (`id`, `from_user_id`, `post_id`, `send_at`, `like_page`) VALUES ('315', '17', '30', '2012-12-11 00:48:38', '7');
INSERT INTO `post_likes` (`id`, `from_user_id`, `post_id`, `send_at`, `like_page`) VALUES ('316', '6', '3', '2001-10-03 03:09:16', '13');
INSERT INTO `post_likes` (`id`, `from_user_id`, `post_id`, `send_at`, `like_page`) VALUES ('317', '4', '84', '1984-03-25 06:37:35', '6');
INSERT INTO `post_likes` (`id`, `from_user_id`, `post_id`, `send_at`, `like_page`) VALUES ('318', '4', '17', '2000-10-31 01:09:04', '12');
INSERT INTO `post_likes` (`id`, `from_user_id`, `post_id`, `send_at`, `like_page`) VALUES ('319', '16', '37', '1976-01-08 08:01:19', '20');
INSERT INTO `post_likes` (`id`, `from_user_id`, `post_id`, `send_at`, `like_page`) VALUES ('320', '20', '54', '1970-03-25 09:42:14', '20');
INSERT INTO `post_likes` (`id`, `from_user_id`, `post_id`, `send_at`, `like_page`) VALUES ('321', '7', '39', '1997-06-21 00:06:01', '12');
INSERT INTO `post_likes` (`id`, `from_user_id`, `post_id`, `send_at`, `like_page`) VALUES ('322', '13', '66', '1995-12-20 03:34:49', '9');
INSERT INTO `post_likes` (`id`, `from_user_id`, `post_id`, `send_at`, `like_page`) VALUES ('323', '10', '5', '2019-08-09 13:29:54', '1');
INSERT INTO `post_likes` (`id`, `from_user_id`, `post_id`, `send_at`, `like_page`) VALUES ('324', '9', '8', '1996-06-18 05:34:01', '4');
INSERT INTO `post_likes` (`id`, `from_user_id`, `post_id`, `send_at`, `like_page`) VALUES ('325', '16', '92', '1976-05-10 12:21:30', '9');
INSERT INTO `post_likes` (`id`, `from_user_id`, `post_id`, `send_at`, `like_page`) VALUES ('326', '2', '19', '2003-12-31 03:10:41', '10');
INSERT INTO `post_likes` (`id`, `from_user_id`, `post_id`, `send_at`, `like_page`) VALUES ('327', '16', '36', '1970-10-04 17:25:21', '7');
INSERT INTO `post_likes` (`id`, `from_user_id`, `post_id`, `send_at`, `like_page`) VALUES ('328', '1', '54', '2019-11-20 10:00:35', '10');
INSERT INTO `post_likes` (`id`, `from_user_id`, `post_id`, `send_at`, `like_page`) VALUES ('329', '14', '31', '1975-08-14 07:51:10', '17');
INSERT INTO `post_likes` (`id`, `from_user_id`, `post_id`, `send_at`, `like_page`) VALUES ('330', '13', '29', '1999-03-05 01:32:11', '8');
INSERT INTO `post_likes` (`id`, `from_user_id`, `post_id`, `send_at`, `like_page`) VALUES ('331', '12', '62', '2001-01-26 17:57:06', '16');
INSERT INTO `post_likes` (`id`, `from_user_id`, `post_id`, `send_at`, `like_page`) VALUES ('332', '4', '24', '2010-07-04 05:54:21', '9');
INSERT INTO `post_likes` (`id`, `from_user_id`, `post_id`, `send_at`, `like_page`) VALUES ('333', '13', '69', '2008-02-28 11:52:21', '10');
INSERT INTO `post_likes` (`id`, `from_user_id`, `post_id`, `send_at`, `like_page`) VALUES ('334', '13', '11', '2006-03-21 03:41:59', '11');
INSERT INTO `post_likes` (`id`, `from_user_id`, `post_id`, `send_at`, `like_page`) VALUES ('335', '16', '88', '2014-05-11 16:22:30', '10');
INSERT INTO `post_likes` (`id`, `from_user_id`, `post_id`, `send_at`, `like_page`) VALUES ('336', '5', '97', '1973-01-04 03:23:36', '12');
INSERT INTO `post_likes` (`id`, `from_user_id`, `post_id`, `send_at`, `like_page`) VALUES ('337', '14', '75', '1985-03-18 10:28:45', '20');
INSERT INTO `post_likes` (`id`, `from_user_id`, `post_id`, `send_at`, `like_page`) VALUES ('338', '20', '78', '1997-05-20 11:30:40', '11');
INSERT INTO `post_likes` (`id`, `from_user_id`, `post_id`, `send_at`, `like_page`) VALUES ('339', '9', '46', '1995-01-09 04:54:14', '17');
INSERT INTO `post_likes` (`id`, `from_user_id`, `post_id`, `send_at`, `like_page`) VALUES ('340', '6', '9', '1979-02-22 14:59:32', '3');
INSERT INTO `post_likes` (`id`, `from_user_id`, `post_id`, `send_at`, `like_page`) VALUES ('341', '13', '66', '1996-10-20 01:14:03', '15');
INSERT INTO `post_likes` (`id`, `from_user_id`, `post_id`, `send_at`, `like_page`) VALUES ('342', '8', '85', '1985-06-29 04:58:30', '20');
INSERT INTO `post_likes` (`id`, `from_user_id`, `post_id`, `send_at`, `like_page`) VALUES ('343', '17', '48', '1973-09-22 19:33:29', '12');
INSERT INTO `post_likes` (`id`, `from_user_id`, `post_id`, `send_at`, `like_page`) VALUES ('344', '6', '12', '1999-12-22 01:32:24', '16');
INSERT INTO `post_likes` (`id`, `from_user_id`, `post_id`, `send_at`, `like_page`) VALUES ('345', '16', '89', '1979-01-27 09:11:49', '12');
INSERT INTO `post_likes` (`id`, `from_user_id`, `post_id`, `send_at`, `like_page`) VALUES ('346', '5', '11', '2017-10-15 05:43:21', '11');
INSERT INTO `post_likes` (`id`, `from_user_id`, `post_id`, `send_at`, `like_page`) VALUES ('347', '18', '79', '1978-04-13 02:13:36', '8');
INSERT INTO `post_likes` (`id`, `from_user_id`, `post_id`, `send_at`, `like_page`) VALUES ('348', '17', '76', '1976-09-05 08:32:44', '3');
INSERT INTO `post_likes` (`id`, `from_user_id`, `post_id`, `send_at`, `like_page`) VALUES ('349', '8', '19', '2006-01-27 09:12:42', '11');
INSERT INTO `post_likes` (`id`, `from_user_id`, `post_id`, `send_at`, `like_page`) VALUES ('350', '4', '46', '1983-01-29 03:35:34', '12');
INSERT INTO `post_likes` (`id`, `from_user_id`, `post_id`, `send_at`, `like_page`) VALUES ('351', '7', '10', '1977-02-24 19:47:42', '7');
INSERT INTO `post_likes` (`id`, `from_user_id`, `post_id`, `send_at`, `like_page`) VALUES ('352', '1', '49', '2000-05-23 07:33:00', '4');
INSERT INTO `post_likes` (`id`, `from_user_id`, `post_id`, `send_at`, `like_page`) VALUES ('353', '20', '30', '1985-06-19 02:58:03', '12');
INSERT INTO `post_likes` (`id`, `from_user_id`, `post_id`, `send_at`, `like_page`) VALUES ('354', '13', '57', '1976-09-11 14:12:11', '15');
INSERT INTO `post_likes` (`id`, `from_user_id`, `post_id`, `send_at`, `like_page`) VALUES ('355', '8', '36', '1975-09-26 02:36:16', '12');
INSERT INTO `post_likes` (`id`, `from_user_id`, `post_id`, `send_at`, `like_page`) VALUES ('356', '1', '59', '1991-08-12 00:32:14', '15');
INSERT INTO `post_likes` (`id`, `from_user_id`, `post_id`, `send_at`, `like_page`) VALUES ('357', '13', '45', '1995-07-06 21:51:48', '11');
INSERT INTO `post_likes` (`id`, `from_user_id`, `post_id`, `send_at`, `like_page`) VALUES ('358', '19', '29', '1999-12-06 03:05:09', '6');
INSERT INTO `post_likes` (`id`, `from_user_id`, `post_id`, `send_at`, `like_page`) VALUES ('359', '2', '66', '1984-08-26 05:53:17', '10');
INSERT INTO `post_likes` (`id`, `from_user_id`, `post_id`, `send_at`, `like_page`) VALUES ('360', '13', '85', '1979-03-25 03:11:15', '19');
INSERT INTO `post_likes` (`id`, `from_user_id`, `post_id`, `send_at`, `like_page`) VALUES ('361', '6', '15', '2009-04-29 07:42:31', '1');
INSERT INTO `post_likes` (`id`, `from_user_id`, `post_id`, `send_at`, `like_page`) VALUES ('362', '12', '18', '2015-12-02 02:34:02', '10');
INSERT INTO `post_likes` (`id`, `from_user_id`, `post_id`, `send_at`, `like_page`) VALUES ('363', '15', '17', '1978-10-21 16:04:54', '16');
INSERT INTO `post_likes` (`id`, `from_user_id`, `post_id`, `send_at`, `like_page`) VALUES ('364', '7', '82', '1971-02-01 01:52:38', '8');
INSERT INTO `post_likes` (`id`, `from_user_id`, `post_id`, `send_at`, `like_page`) VALUES ('365', '2', '21', '1981-04-19 01:53:09', '14');
INSERT INTO `post_likes` (`id`, `from_user_id`, `post_id`, `send_at`, `like_page`) VALUES ('366', '15', '23', '2011-10-22 12:35:21', '6');
INSERT INTO `post_likes` (`id`, `from_user_id`, `post_id`, `send_at`, `like_page`) VALUES ('367', '9', '83', '1985-12-02 20:09:43', '15');
INSERT INTO `post_likes` (`id`, `from_user_id`, `post_id`, `send_at`, `like_page`) VALUES ('368', '19', '77', '1978-05-13 14:44:10', '1');
INSERT INTO `post_likes` (`id`, `from_user_id`, `post_id`, `send_at`, `like_page`) VALUES ('369', '5', '83', '2016-05-21 23:58:44', '12');
INSERT INTO `post_likes` (`id`, `from_user_id`, `post_id`, `send_at`, `like_page`) VALUES ('370', '14', '45', '1970-08-02 06:37:54', '11');
INSERT INTO `post_likes` (`id`, `from_user_id`, `post_id`, `send_at`, `like_page`) VALUES ('371', '12', '73', '1985-09-13 01:59:04', '12');
INSERT INTO `post_likes` (`id`, `from_user_id`, `post_id`, `send_at`, `like_page`) VALUES ('372', '12', '31', '1989-12-30 11:34:59', '17');
INSERT INTO `post_likes` (`id`, `from_user_id`, `post_id`, `send_at`, `like_page`) VALUES ('373', '2', '4', '1979-08-27 23:22:00', '20');
INSERT INTO `post_likes` (`id`, `from_user_id`, `post_id`, `send_at`, `like_page`) VALUES ('374', '17', '38', '2015-11-02 20:34:42', '16');
INSERT INTO `post_likes` (`id`, `from_user_id`, `post_id`, `send_at`, `like_page`) VALUES ('375', '4', '47', '1996-02-27 23:57:52', '1');
INSERT INTO `post_likes` (`id`, `from_user_id`, `post_id`, `send_at`, `like_page`) VALUES ('376', '18', '17', '2011-07-21 13:05:38', '5');
INSERT INTO `post_likes` (`id`, `from_user_id`, `post_id`, `send_at`, `like_page`) VALUES ('377', '4', '61', '1993-12-08 18:50:37', '1');
INSERT INTO `post_likes` (`id`, `from_user_id`, `post_id`, `send_at`, `like_page`) VALUES ('378', '18', '55', '1988-10-08 01:24:58', '17');
INSERT INTO `post_likes` (`id`, `from_user_id`, `post_id`, `send_at`, `like_page`) VALUES ('379', '19', '75', '1977-12-15 16:00:41', '12');
INSERT INTO `post_likes` (`id`, `from_user_id`, `post_id`, `send_at`, `like_page`) VALUES ('380', '12', '41', '1975-09-05 22:46:26', '3');
INSERT INTO `post_likes` (`id`, `from_user_id`, `post_id`, `send_at`, `like_page`) VALUES ('381', '2', '98', '1989-10-17 11:01:39', '17');
INSERT INTO `post_likes` (`id`, `from_user_id`, `post_id`, `send_at`, `like_page`) VALUES ('382', '15', '55', '2014-11-05 03:30:08', '3');
INSERT INTO `post_likes` (`id`, `from_user_id`, `post_id`, `send_at`, `like_page`) VALUES ('383', '12', '60', '1990-02-03 12:07:36', '4');
INSERT INTO `post_likes` (`id`, `from_user_id`, `post_id`, `send_at`, `like_page`) VALUES ('384', '11', '45', '2015-10-01 16:08:45', '11');
INSERT INTO `post_likes` (`id`, `from_user_id`, `post_id`, `send_at`, `like_page`) VALUES ('385', '8', '64', '2007-12-03 17:17:28', '1');
INSERT INTO `post_likes` (`id`, `from_user_id`, `post_id`, `send_at`, `like_page`) VALUES ('386', '8', '53', '1995-04-29 23:00:14', '4');
INSERT INTO `post_likes` (`id`, `from_user_id`, `post_id`, `send_at`, `like_page`) VALUES ('387', '12', '70', '2012-04-24 03:16:07', '16');
INSERT INTO `post_likes` (`id`, `from_user_id`, `post_id`, `send_at`, `like_page`) VALUES ('388', '14', '60', '2014-06-24 23:50:03', '7');
INSERT INTO `post_likes` (`id`, `from_user_id`, `post_id`, `send_at`, `like_page`) VALUES ('389', '10', '51', '1983-01-16 17:41:44', '1');
INSERT INTO `post_likes` (`id`, `from_user_id`, `post_id`, `send_at`, `like_page`) VALUES ('390', '3', '8', '2012-06-23 21:51:54', '10');
INSERT INTO `post_likes` (`id`, `from_user_id`, `post_id`, `send_at`, `like_page`) VALUES ('391', '5', '15', '1975-07-05 12:46:50', '10');
INSERT INTO `post_likes` (`id`, `from_user_id`, `post_id`, `send_at`, `like_page`) VALUES ('392', '2', '88', '1996-07-09 19:47:55', '20');
INSERT INTO `post_likes` (`id`, `from_user_id`, `post_id`, `send_at`, `like_page`) VALUES ('393', '4', '44', '2000-12-06 14:52:53', '11');
INSERT INTO `post_likes` (`id`, `from_user_id`, `post_id`, `send_at`, `like_page`) VALUES ('394', '8', '98', '2019-12-10 04:03:09', '1');
INSERT INTO `post_likes` (`id`, `from_user_id`, `post_id`, `send_at`, `like_page`) VALUES ('395', '19', '34', '1997-07-06 23:02:03', '12');
INSERT INTO `post_likes` (`id`, `from_user_id`, `post_id`, `send_at`, `like_page`) VALUES ('396', '19', '70', '2019-11-15 21:24:25', '4');
INSERT INTO `post_likes` (`id`, `from_user_id`, `post_id`, `send_at`, `like_page`) VALUES ('397', '2', '30', '1971-12-28 23:18:50', '18');
INSERT INTO `post_likes` (`id`, `from_user_id`, `post_id`, `send_at`, `like_page`) VALUES ('398', '17', '95', '2006-02-02 22:46:33', '10');
INSERT INTO `post_likes` (`id`, `from_user_id`, `post_id`, `send_at`, `like_page`) VALUES ('399', '4', '43', '1999-05-18 14:03:34', '20');
INSERT INTO `post_likes` (`id`, `from_user_id`, `post_id`, `send_at`, `like_page`) VALUES ('400', '5', '57', '1980-03-27 15:21:40', '1');
INSERT INTO `post_likes` (`id`, `from_user_id`, `post_id`, `send_at`, `like_page`) VALUES ('401', '14', '80', '2007-05-23 00:06:18', '5');
INSERT INTO `post_likes` (`id`, `from_user_id`, `post_id`, `send_at`, `like_page`) VALUES ('402', '3', '87', '1993-05-03 13:54:01', '2');
INSERT INTO `post_likes` (`id`, `from_user_id`, `post_id`, `send_at`, `like_page`) VALUES ('403', '3', '7', '2011-11-23 01:30:23', '11');
INSERT INTO `post_likes` (`id`, `from_user_id`, `post_id`, `send_at`, `like_page`) VALUES ('404', '14', '43', '1973-09-08 15:48:07', '10');
INSERT INTO `post_likes` (`id`, `from_user_id`, `post_id`, `send_at`, `like_page`) VALUES ('405', '15', '33', '1972-11-04 09:36:31', '16');
INSERT INTO `post_likes` (`id`, `from_user_id`, `post_id`, `send_at`, `like_page`) VALUES ('406', '8', '24', '2003-05-15 17:59:12', '11');
INSERT INTO `post_likes` (`id`, `from_user_id`, `post_id`, `send_at`, `like_page`) VALUES ('407', '12', '31', '1991-08-18 09:42:01', '16');
INSERT INTO `post_likes` (`id`, `from_user_id`, `post_id`, `send_at`, `like_page`) VALUES ('408', '9', '16', '1998-08-19 15:31:01', '15');
INSERT INTO `post_likes` (`id`, `from_user_id`, `post_id`, `send_at`, `like_page`) VALUES ('409', '19', '31', '1997-11-04 16:52:13', '4');
INSERT INTO `post_likes` (`id`, `from_user_id`, `post_id`, `send_at`, `like_page`) VALUES ('410', '18', '53', '2011-01-15 23:45:22', '15');
INSERT INTO `post_likes` (`id`, `from_user_id`, `post_id`, `send_at`, `like_page`) VALUES ('411', '19', '21', '1994-07-05 13:12:32', '11');
INSERT INTO `post_likes` (`id`, `from_user_id`, `post_id`, `send_at`, `like_page`) VALUES ('412', '3', '34', '2009-01-14 04:59:59', '9');
INSERT INTO `post_likes` (`id`, `from_user_id`, `post_id`, `send_at`, `like_page`) VALUES ('413', '4', '45', '2009-02-10 02:35:53', '10');
INSERT INTO `post_likes` (`id`, `from_user_id`, `post_id`, `send_at`, `like_page`) VALUES ('414', '14', '14', '1999-06-27 03:56:57', '18');
INSERT INTO `post_likes` (`id`, `from_user_id`, `post_id`, `send_at`, `like_page`) VALUES ('415', '4', '85', '2008-08-06 05:10:25', '5');
INSERT INTO `post_likes` (`id`, `from_user_id`, `post_id`, `send_at`, `like_page`) VALUES ('416', '20', '22', '1991-05-29 13:03:35', '9');
INSERT INTO `post_likes` (`id`, `from_user_id`, `post_id`, `send_at`, `like_page`) VALUES ('417', '10', '78', '1979-12-23 11:31:09', '15');
INSERT INTO `post_likes` (`id`, `from_user_id`, `post_id`, `send_at`, `like_page`) VALUES ('418', '6', '21', '1979-09-24 19:20:24', '19');
INSERT INTO `post_likes` (`id`, `from_user_id`, `post_id`, `send_at`, `like_page`) VALUES ('419', '1', '12', '1986-06-01 06:12:57', '5');
INSERT INTO `post_likes` (`id`, `from_user_id`, `post_id`, `send_at`, `like_page`) VALUES ('420', '5', '100', '1981-03-18 13:18:42', '15');
INSERT INTO `post_likes` (`id`, `from_user_id`, `post_id`, `send_at`, `like_page`) VALUES ('421', '19', '92', '1997-09-13 14:35:14', '20');
INSERT INTO `post_likes` (`id`, `from_user_id`, `post_id`, `send_at`, `like_page`) VALUES ('422', '10', '3', '1974-11-15 20:17:36', '6');
INSERT INTO `post_likes` (`id`, `from_user_id`, `post_id`, `send_at`, `like_page`) VALUES ('423', '18', '22', '2020-06-27 02:57:34', '14');
INSERT INTO `post_likes` (`id`, `from_user_id`, `post_id`, `send_at`, `like_page`) VALUES ('424', '7', '91', '2019-06-28 18:21:16', '17');
INSERT INTO `post_likes` (`id`, `from_user_id`, `post_id`, `send_at`, `like_page`) VALUES ('425', '4', '8', '1974-06-25 19:38:13', '14');
INSERT INTO `post_likes` (`id`, `from_user_id`, `post_id`, `send_at`, `like_page`) VALUES ('426', '9', '6', '1979-03-02 21:08:16', '19');
INSERT INTO `post_likes` (`id`, `from_user_id`, `post_id`, `send_at`, `like_page`) VALUES ('427', '17', '56', '1987-07-24 02:41:42', '13');
INSERT INTO `post_likes` (`id`, `from_user_id`, `post_id`, `send_at`, `like_page`) VALUES ('428', '12', '85', '2019-01-07 13:47:40', '19');
INSERT INTO `post_likes` (`id`, `from_user_id`, `post_id`, `send_at`, `like_page`) VALUES ('429', '10', '89', '1998-06-07 10:53:33', '1');
INSERT INTO `post_likes` (`id`, `from_user_id`, `post_id`, `send_at`, `like_page`) VALUES ('430', '14', '10', '2014-05-02 08:54:13', '20');
INSERT INTO `post_likes` (`id`, `from_user_id`, `post_id`, `send_at`, `like_page`) VALUES ('431', '9', '5', '1983-04-08 04:16:26', '19');
INSERT INTO `post_likes` (`id`, `from_user_id`, `post_id`, `send_at`, `like_page`) VALUES ('432', '7', '52', '2006-06-22 05:31:24', '20');
INSERT INTO `post_likes` (`id`, `from_user_id`, `post_id`, `send_at`, `like_page`) VALUES ('433', '13', '38', '1970-11-16 02:25:56', '4');
INSERT INTO `post_likes` (`id`, `from_user_id`, `post_id`, `send_at`, `like_page`) VALUES ('434', '7', '70', '2017-03-11 21:23:00', '1');
INSERT INTO `post_likes` (`id`, `from_user_id`, `post_id`, `send_at`, `like_page`) VALUES ('435', '4', '90', '2006-06-12 12:38:09', '3');
INSERT INTO `post_likes` (`id`, `from_user_id`, `post_id`, `send_at`, `like_page`) VALUES ('436', '18', '31', '2011-11-19 14:41:52', '4');
INSERT INTO `post_likes` (`id`, `from_user_id`, `post_id`, `send_at`, `like_page`) VALUES ('437', '16', '15', '1984-04-06 09:44:04', '15');
INSERT INTO `post_likes` (`id`, `from_user_id`, `post_id`, `send_at`, `like_page`) VALUES ('438', '10', '73', '1974-01-06 16:02:32', '11');
INSERT INTO `post_likes` (`id`, `from_user_id`, `post_id`, `send_at`, `like_page`) VALUES ('439', '7', '21', '2016-02-07 02:28:20', '10');
INSERT INTO `post_likes` (`id`, `from_user_id`, `post_id`, `send_at`, `like_page`) VALUES ('440', '7', '89', '1989-05-19 18:53:23', '11');
INSERT INTO `post_likes` (`id`, `from_user_id`, `post_id`, `send_at`, `like_page`) VALUES ('441', '7', '30', '2015-03-01 09:21:04', '12');
INSERT INTO `post_likes` (`id`, `from_user_id`, `post_id`, `send_at`, `like_page`) VALUES ('442', '5', '64', '1999-11-10 21:50:29', '3');
INSERT INTO `post_likes` (`id`, `from_user_id`, `post_id`, `send_at`, `like_page`) VALUES ('443', '4', '24', '2015-04-09 15:34:45', '11');
INSERT INTO `post_likes` (`id`, `from_user_id`, `post_id`, `send_at`, `like_page`) VALUES ('444', '7', '56', '1981-10-24 20:13:11', '5');
INSERT INTO `post_likes` (`id`, `from_user_id`, `post_id`, `send_at`, `like_page`) VALUES ('445', '8', '72', '2007-08-21 19:24:29', '3');
INSERT INTO `post_likes` (`id`, `from_user_id`, `post_id`, `send_at`, `like_page`) VALUES ('446', '11', '58', '1970-09-02 17:50:44', '9');
INSERT INTO `post_likes` (`id`, `from_user_id`, `post_id`, `send_at`, `like_page`) VALUES ('447', '15', '35', '2000-06-26 13:46:48', '11');
INSERT INTO `post_likes` (`id`, `from_user_id`, `post_id`, `send_at`, `like_page`) VALUES ('448', '9', '80', '2015-12-12 11:51:55', '6');
INSERT INTO `post_likes` (`id`, `from_user_id`, `post_id`, `send_at`, `like_page`) VALUES ('449', '1', '15', '2009-06-19 01:35:47', '10');
INSERT INTO `post_likes` (`id`, `from_user_id`, `post_id`, `send_at`, `like_page`) VALUES ('450', '11', '49', '1999-03-25 18:34:18', '8');
INSERT INTO `post_likes` (`id`, `from_user_id`, `post_id`, `send_at`, `like_page`) VALUES ('451', '2', '84', '2013-03-25 03:27:10', '12');
INSERT INTO `post_likes` (`id`, `from_user_id`, `post_id`, `send_at`, `like_page`) VALUES ('452', '15', '9', '1997-05-26 09:10:55', '7');
INSERT INTO `post_likes` (`id`, `from_user_id`, `post_id`, `send_at`, `like_page`) VALUES ('453', '18', '27', '1974-09-23 19:44:37', '11');
INSERT INTO `post_likes` (`id`, `from_user_id`, `post_id`, `send_at`, `like_page`) VALUES ('454', '8', '61', '1990-02-01 12:22:33', '3');
INSERT INTO `post_likes` (`id`, `from_user_id`, `post_id`, `send_at`, `like_page`) VALUES ('455', '12', '100', '2011-08-01 01:05:12', '16');
INSERT INTO `post_likes` (`id`, `from_user_id`, `post_id`, `send_at`, `like_page`) VALUES ('456', '14', '52', '1972-04-11 09:16:50', '8');
INSERT INTO `post_likes` (`id`, `from_user_id`, `post_id`, `send_at`, `like_page`) VALUES ('457', '2', '23', '1980-01-08 13:49:26', '15');
INSERT INTO `post_likes` (`id`, `from_user_id`, `post_id`, `send_at`, `like_page`) VALUES ('458', '13', '67', '2000-12-21 10:33:07', '11');
INSERT INTO `post_likes` (`id`, `from_user_id`, `post_id`, `send_at`, `like_page`) VALUES ('459', '19', '71', '1971-05-01 16:09:30', '13');
INSERT INTO `post_likes` (`id`, `from_user_id`, `post_id`, `send_at`, `like_page`) VALUES ('460', '8', '23', '2006-03-20 20:31:07', '4');
INSERT INTO `post_likes` (`id`, `from_user_id`, `post_id`, `send_at`, `like_page`) VALUES ('461', '16', '33', '2006-11-01 00:28:30', '20');
INSERT INTO `post_likes` (`id`, `from_user_id`, `post_id`, `send_at`, `like_page`) VALUES ('462', '9', '5', '1979-03-01 16:08:06', '2');
INSERT INTO `post_likes` (`id`, `from_user_id`, `post_id`, `send_at`, `like_page`) VALUES ('463', '15', '90', '2004-09-22 07:58:58', '8');
INSERT INTO `post_likes` (`id`, `from_user_id`, `post_id`, `send_at`, `like_page`) VALUES ('464', '6', '26', '2013-10-14 07:20:32', '20');
INSERT INTO `post_likes` (`id`, `from_user_id`, `post_id`, `send_at`, `like_page`) VALUES ('465', '8', '83', '1987-05-05 11:27:14', '20');
INSERT INTO `post_likes` (`id`, `from_user_id`, `post_id`, `send_at`, `like_page`) VALUES ('466', '4', '51', '2012-01-12 22:38:04', '10');
INSERT INTO `post_likes` (`id`, `from_user_id`, `post_id`, `send_at`, `like_page`) VALUES ('467', '12', '59', '2007-08-26 19:14:51', '13');
INSERT INTO `post_likes` (`id`, `from_user_id`, `post_id`, `send_at`, `like_page`) VALUES ('468', '6', '21', '1994-10-18 00:24:32', '8');
INSERT INTO `post_likes` (`id`, `from_user_id`, `post_id`, `send_at`, `like_page`) VALUES ('469', '17', '11', '1988-09-07 12:59:30', '1');
INSERT INTO `post_likes` (`id`, `from_user_id`, `post_id`, `send_at`, `like_page`) VALUES ('470', '10', '50', '1994-06-15 18:05:37', '6');
INSERT INTO `post_likes` (`id`, `from_user_id`, `post_id`, `send_at`, `like_page`) VALUES ('471', '14', '26', '2007-07-08 01:37:32', '12');
INSERT INTO `post_likes` (`id`, `from_user_id`, `post_id`, `send_at`, `like_page`) VALUES ('472', '13', '69', '2019-04-29 18:10:40', '12');
INSERT INTO `post_likes` (`id`, `from_user_id`, `post_id`, `send_at`, `like_page`) VALUES ('473', '15', '42', '2016-08-24 22:18:35', '11');
INSERT INTO `post_likes` (`id`, `from_user_id`, `post_id`, `send_at`, `like_page`) VALUES ('474', '2', '69', '1978-01-19 22:52:51', '16');
INSERT INTO `post_likes` (`id`, `from_user_id`, `post_id`, `send_at`, `like_page`) VALUES ('475', '1', '6', '2000-11-01 10:42:26', '12');
INSERT INTO `post_likes` (`id`, `from_user_id`, `post_id`, `send_at`, `like_page`) VALUES ('476', '19', '23', '1983-11-28 21:51:58', '3');
INSERT INTO `post_likes` (`id`, `from_user_id`, `post_id`, `send_at`, `like_page`) VALUES ('477', '9', '80', '1982-12-23 17:17:12', '14');
INSERT INTO `post_likes` (`id`, `from_user_id`, `post_id`, `send_at`, `like_page`) VALUES ('478', '2', '10', '2014-09-22 21:58:47', '19');
INSERT INTO `post_likes` (`id`, `from_user_id`, `post_id`, `send_at`, `like_page`) VALUES ('479', '9', '93', '2018-07-27 10:39:41', '1');
INSERT INTO `post_likes` (`id`, `from_user_id`, `post_id`, `send_at`, `like_page`) VALUES ('480', '10', '42', '1992-02-29 12:10:32', '11');
INSERT INTO `post_likes` (`id`, `from_user_id`, `post_id`, `send_at`, `like_page`) VALUES ('481', '15', '8', '2004-11-10 04:22:00', '16');
INSERT INTO `post_likes` (`id`, `from_user_id`, `post_id`, `send_at`, `like_page`) VALUES ('482', '7', '73', '2006-07-27 16:15:36', '10');
INSERT INTO `post_likes` (`id`, `from_user_id`, `post_id`, `send_at`, `like_page`) VALUES ('483', '20', '45', '1979-12-12 20:05:52', '18');
INSERT INTO `post_likes` (`id`, `from_user_id`, `post_id`, `send_at`, `like_page`) VALUES ('484', '11', '52', '2010-05-12 05:18:06', '11');
INSERT INTO `post_likes` (`id`, `from_user_id`, `post_id`, `send_at`, `like_page`) VALUES ('485', '7', '52', '2016-10-13 20:22:00', '12');
INSERT INTO `post_likes` (`id`, `from_user_id`, `post_id`, `send_at`, `like_page`) VALUES ('486', '20', '47', '2018-12-13 01:15:40', '17');
INSERT INTO `post_likes` (`id`, `from_user_id`, `post_id`, `send_at`, `like_page`) VALUES ('487', '2', '87', '1992-01-16 01:51:34', '12');
INSERT INTO `post_likes` (`id`, `from_user_id`, `post_id`, `send_at`, `like_page`) VALUES ('488', '17', '95', '1989-12-18 13:43:07', '15');
INSERT INTO `post_likes` (`id`, `from_user_id`, `post_id`, `send_at`, `like_page`) VALUES ('489', '15', '37', '2007-11-03 20:31:48', '12');
INSERT INTO `post_likes` (`id`, `from_user_id`, `post_id`, `send_at`, `like_page`) VALUES ('490', '15', '84', '2011-11-19 19:47:51', '1');
INSERT INTO `post_likes` (`id`, `from_user_id`, `post_id`, `send_at`, `like_page`) VALUES ('491', '6', '58', '2010-02-22 06:21:15', '3');
INSERT INTO `post_likes` (`id`, `from_user_id`, `post_id`, `send_at`, `like_page`) VALUES ('492', '1', '93', '1997-10-16 10:06:50', '18');
INSERT INTO `post_likes` (`id`, `from_user_id`, `post_id`, `send_at`, `like_page`) VALUES ('493', '10', '92', '1970-09-17 09:30:17', '7');
INSERT INTO `post_likes` (`id`, `from_user_id`, `post_id`, `send_at`, `like_page`) VALUES ('494', '7', '46', '2001-06-11 16:01:35', '16');
INSERT INTO `post_likes` (`id`, `from_user_id`, `post_id`, `send_at`, `like_page`) VALUES ('495', '18', '79', '2005-09-07 08:40:07', '8');
INSERT INTO `post_likes` (`id`, `from_user_id`, `post_id`, `send_at`, `like_page`) VALUES ('496', '10', '75', '2009-04-01 05:17:04', '16');
INSERT INTO `post_likes` (`id`, `from_user_id`, `post_id`, `send_at`, `like_page`) VALUES ('497', '7', '84', '2005-11-04 13:30:29', '13');
INSERT INTO `post_likes` (`id`, `from_user_id`, `post_id`, `send_at`, `like_page`) VALUES ('498', '20', '65', '2014-11-11 09:47:20', '12');
INSERT INTO `post_likes` (`id`, `from_user_id`, `post_id`, `send_at`, `like_page`) VALUES ('499', '14', '36', '2002-02-05 14:13:40', '20');
INSERT INTO `post_likes` (`id`, `from_user_id`, `post_id`, `send_at`, `like_page`) VALUES ('500', '7', '10', '1989-01-15 03:32:48', '16');


#
# TABLE STRUCTURE FOR: reposts
#

DROP TABLE IF EXISTS `reposts`;

CREATE TABLE `reposts` (
                           `id` bigint(20) unsigned NOT NULL AUTO_INCREMENT,
                           `post_id` bigint(20) unsigned NOT NULL,
                           `from_user_id` bigint(20) unsigned NOT NULL,
                           `to_user_id` bigint(20) unsigned NOT NULL,
                           `reposted_at` datetime NOT NULL DEFAULT current_timestamp(),
                           UNIQUE KEY `id` (`id`),
                           KEY `reposts_posts_id_fk` (`post_id`),
                           KEY `reposts_profiles_id_id_fk` (`from_user_id`),
                           KEY `reposts_profiles_id_id_fk1` (`to_user_id`),
                           CONSTRAINT `reposts_posts_id_fk` FOREIGN KEY (`post_id`) REFERENCES `posts` (`id`) ON DELETE CASCADE ON UPDATE CASCADE,
                           CONSTRAINT `reposts_profiles_id_id_fk` FOREIGN KEY (`from_user_id`) REFERENCES `profiles` (`id`) ON DELETE CASCADE ON UPDATE CASCADE,
                           CONSTRAINT `reposts_profiles_id_id_fk1` FOREIGN KEY (`to_user_id`) REFERENCES `profiles` (`id`) ON DELETE CASCADE ON UPDATE CASCADE
) ENGINE=InnoDB AUTO_INCREMENT=101 DEFAULT CHARSET=utf8 COLLATE=utf8_unicode_ci;

INSERT INTO `reposts` (`id`, `post_id`, `from_user_id`, `to_user_id`, `reposted_at`) VALUES ('1', '63', '11', '16', '1989-06-27 15:13:51');
INSERT INTO `reposts` (`id`, `post_id`, `from_user_id`, `to_user_id`, `reposted_at`) VALUES ('2', '34', '3', '5', '2003-03-31 12:18:07');
INSERT INTO `reposts` (`id`, `post_id`, `from_user_id`, `to_user_id`, `reposted_at`) VALUES ('3', '59', '18', '12', '2004-11-14 03:48:20');
INSERT INTO `reposts` (`id`, `post_id`, `from_user_id`, `to_user_id`, `reposted_at`) VALUES ('4', '72', '4', '8', '1970-02-18 16:09:48');
INSERT INTO `reposts` (`id`, `post_id`, `from_user_id`, `to_user_id`, `reposted_at`) VALUES ('5', '15', '5', '11', '1987-11-28 04:37:05');
INSERT INTO `reposts` (`id`, `post_id`, `from_user_id`, `to_user_id`, `reposted_at`) VALUES ('6', '18', '14', '16', '2012-12-21 00:38:36');
INSERT INTO `reposts` (`id`, `post_id`, `from_user_id`, `to_user_id`, `reposted_at`) VALUES ('7', '34', '14', '1', '2002-12-14 06:00:27');
INSERT INTO `reposts` (`id`, `post_id`, `from_user_id`, `to_user_id`, `reposted_at`) VALUES ('8', '28', '2', '20', '2017-11-17 01:59:55');
INSERT INTO `reposts` (`id`, `post_id`, `from_user_id`, `to_user_id`, `reposted_at`) VALUES ('9', '90', '16', '4', '1970-07-03 08:44:04');
INSERT INTO `reposts` (`id`, `post_id`, `from_user_id`, `to_user_id`, `reposted_at`) VALUES ('10', '76', '20', '18', '2013-09-02 08:25:49');
INSERT INTO `reposts` (`id`, `post_id`, `from_user_id`, `to_user_id`, `reposted_at`) VALUES ('11', '6', '13', '8', '1980-01-29 19:12:25');
INSERT INTO `reposts` (`id`, `post_id`, `from_user_id`, `to_user_id`, `reposted_at`) VALUES ('12', '84', '19', '11', '1975-06-20 15:32:03');
INSERT INTO `reposts` (`id`, `post_id`, `from_user_id`, `to_user_id`, `reposted_at`) VALUES ('13', '7', '11', '9', '1977-05-20 03:27:18');
INSERT INTO `reposts` (`id`, `post_id`, `from_user_id`, `to_user_id`, `reposted_at`) VALUES ('14', '63', '5', '12', '1978-06-11 14:11:13');
INSERT INTO `reposts` (`id`, `post_id`, `from_user_id`, `to_user_id`, `reposted_at`) VALUES ('15', '2', '8', '16', '1977-01-21 01:49:09');
INSERT INTO `reposts` (`id`, `post_id`, `from_user_id`, `to_user_id`, `reposted_at`) VALUES ('16', '53', '12', '10', '2007-12-03 04:31:17');
INSERT INTO `reposts` (`id`, `post_id`, `from_user_id`, `to_user_id`, `reposted_at`) VALUES ('17', '28', '18', '3', '1980-12-13 21:42:32');
INSERT INTO `reposts` (`id`, `post_id`, `from_user_id`, `to_user_id`, `reposted_at`) VALUES ('18', '31', '4', '5', '1988-06-26 05:22:02');
INSERT INTO `reposts` (`id`, `post_id`, `from_user_id`, `to_user_id`, `reposted_at`) VALUES ('19', '29', '2', '20', '2002-07-12 20:00:16');
INSERT INTO `reposts` (`id`, `post_id`, `from_user_id`, `to_user_id`, `reposted_at`) VALUES ('20', '47', '17', '20', '1978-12-31 05:32:06');
INSERT INTO `reposts` (`id`, `post_id`, `from_user_id`, `to_user_id`, `reposted_at`) VALUES ('21', '34', '18', '12', '1985-04-23 11:45:57');
INSERT INTO `reposts` (`id`, `post_id`, `from_user_id`, `to_user_id`, `reposted_at`) VALUES ('22', '73', '15', '11', '1974-04-05 01:21:19');
INSERT INTO `reposts` (`id`, `post_id`, `from_user_id`, `to_user_id`, `reposted_at`) VALUES ('23', '26', '16', '1', '1982-05-26 19:24:13');
INSERT INTO `reposts` (`id`, `post_id`, `from_user_id`, `to_user_id`, `reposted_at`) VALUES ('24', '68', '9', '6', '1984-12-10 21:36:18');
INSERT INTO `reposts` (`id`, `post_id`, `from_user_id`, `to_user_id`, `reposted_at`) VALUES ('25', '25', '9', '14', '1972-06-23 23:08:35');
INSERT INTO `reposts` (`id`, `post_id`, `from_user_id`, `to_user_id`, `reposted_at`) VALUES ('26', '4', '20', '5', '1973-06-23 03:46:51');
INSERT INTO `reposts` (`id`, `post_id`, `from_user_id`, `to_user_id`, `reposted_at`) VALUES ('27', '51', '5', '3', '2018-12-16 23:12:55');
INSERT INTO `reposts` (`id`, `post_id`, `from_user_id`, `to_user_id`, `reposted_at`) VALUES ('28', '66', '11', '6', '1998-06-20 14:09:58');
INSERT INTO `reposts` (`id`, `post_id`, `from_user_id`, `to_user_id`, `reposted_at`) VALUES ('29', '90', '17', '7', '2005-08-10 21:49:33');
INSERT INTO `reposts` (`id`, `post_id`, `from_user_id`, `to_user_id`, `reposted_at`) VALUES ('30', '89', '6', '4', '1974-10-30 03:18:08');
INSERT INTO `reposts` (`id`, `post_id`, `from_user_id`, `to_user_id`, `reposted_at`) VALUES ('31', '86', '13', '1', '2004-09-18 02:58:56');
INSERT INTO `reposts` (`id`, `post_id`, `from_user_id`, `to_user_id`, `reposted_at`) VALUES ('32', '45', '7', '15', '1983-08-20 17:31:28');
INSERT INTO `reposts` (`id`, `post_id`, `from_user_id`, `to_user_id`, `reposted_at`) VALUES ('33', '97', '12', '11', '2014-01-03 06:57:44');
INSERT INTO `reposts` (`id`, `post_id`, `from_user_id`, `to_user_id`, `reposted_at`) VALUES ('34', '2', '6', '19', '2004-02-11 00:11:36');
INSERT INTO `reposts` (`id`, `post_id`, `from_user_id`, `to_user_id`, `reposted_at`) VALUES ('35', '30', '10', '7', '1972-07-12 08:15:33');
INSERT INTO `reposts` (`id`, `post_id`, `from_user_id`, `to_user_id`, `reposted_at`) VALUES ('36', '96', '11', '6', '2008-02-02 10:23:17');
INSERT INTO `reposts` (`id`, `post_id`, `from_user_id`, `to_user_id`, `reposted_at`) VALUES ('37', '17', '1', '11', '1993-10-25 14:18:29');
INSERT INTO `reposts` (`id`, `post_id`, `from_user_id`, `to_user_id`, `reposted_at`) VALUES ('38', '27', '14', '2', '1995-08-31 09:51:00');
INSERT INTO `reposts` (`id`, `post_id`, `from_user_id`, `to_user_id`, `reposted_at`) VALUES ('39', '54', '12', '18', '1979-03-27 00:24:32');
INSERT INTO `reposts` (`id`, `post_id`, `from_user_id`, `to_user_id`, `reposted_at`) VALUES ('40', '88', '10', '4', '2011-12-27 11:21:48');
INSERT INTO `reposts` (`id`, `post_id`, `from_user_id`, `to_user_id`, `reposted_at`) VALUES ('41', '3', '7', '16', '2020-03-10 08:07:04');
INSERT INTO `reposts` (`id`, `post_id`, `from_user_id`, `to_user_id`, `reposted_at`) VALUES ('42', '6', '16', '3', '2007-06-16 01:51:27');
INSERT INTO `reposts` (`id`, `post_id`, `from_user_id`, `to_user_id`, `reposted_at`) VALUES ('43', '80', '15', '14', '1982-06-09 07:04:17');
INSERT INTO `reposts` (`id`, `post_id`, `from_user_id`, `to_user_id`, `reposted_at`) VALUES ('44', '32', '16', '19', '2001-02-16 15:00:39');
INSERT INTO `reposts` (`id`, `post_id`, `from_user_id`, `to_user_id`, `reposted_at`) VALUES ('45', '24', '1', '9', '1975-05-28 07:22:00');
INSERT INTO `reposts` (`id`, `post_id`, `from_user_id`, `to_user_id`, `reposted_at`) VALUES ('46', '58', '20', '20', '2003-08-13 10:14:05');
INSERT INTO `reposts` (`id`, `post_id`, `from_user_id`, `to_user_id`, `reposted_at`) VALUES ('47', '87', '4', '1', '1995-08-15 08:41:38');
INSERT INTO `reposts` (`id`, `post_id`, `from_user_id`, `to_user_id`, `reposted_at`) VALUES ('48', '40', '9', '15', '1978-09-18 20:02:41');
INSERT INTO `reposts` (`id`, `post_id`, `from_user_id`, `to_user_id`, `reposted_at`) VALUES ('49', '45', '20', '7', '1984-12-29 21:18:43');
INSERT INTO `reposts` (`id`, `post_id`, `from_user_id`, `to_user_id`, `reposted_at`) VALUES ('50', '33', '17', '16', '1989-02-27 18:29:25');
INSERT INTO `reposts` (`id`, `post_id`, `from_user_id`, `to_user_id`, `reposted_at`) VALUES ('51', '49', '18', '3', '1979-02-15 09:29:52');
INSERT INTO `reposts` (`id`, `post_id`, `from_user_id`, `to_user_id`, `reposted_at`) VALUES ('52', '26', '19', '18', '2016-10-09 15:37:01');
INSERT INTO `reposts` (`id`, `post_id`, `from_user_id`, `to_user_id`, `reposted_at`) VALUES ('53', '36', '15', '13', '1972-04-16 18:49:13');
INSERT INTO `reposts` (`id`, `post_id`, `from_user_id`, `to_user_id`, `reposted_at`) VALUES ('54', '5', '1', '8', '1994-08-24 05:01:29');
INSERT INTO `reposts` (`id`, `post_id`, `from_user_id`, `to_user_id`, `reposted_at`) VALUES ('55', '99', '6', '9', '1971-11-13 01:49:37');
INSERT INTO `reposts` (`id`, `post_id`, `from_user_id`, `to_user_id`, `reposted_at`) VALUES ('56', '44', '17', '9', '2019-08-20 20:45:05');
INSERT INTO `reposts` (`id`, `post_id`, `from_user_id`, `to_user_id`, `reposted_at`) VALUES ('57', '42', '14', '12', '1990-08-29 18:39:35');
INSERT INTO `reposts` (`id`, `post_id`, `from_user_id`, `to_user_id`, `reposted_at`) VALUES ('58', '44', '2', '1', '1981-07-15 23:40:36');
INSERT INTO `reposts` (`id`, `post_id`, `from_user_id`, `to_user_id`, `reposted_at`) VALUES ('59', '16', '11', '20', '1979-12-21 16:07:24');
INSERT INTO `reposts` (`id`, `post_id`, `from_user_id`, `to_user_id`, `reposted_at`) VALUES ('60', '47', '18', '17', '2016-08-13 08:39:57');
INSERT INTO `reposts` (`id`, `post_id`, `from_user_id`, `to_user_id`, `reposted_at`) VALUES ('61', '26', '8', '14', '1994-10-11 09:11:16');
INSERT INTO `reposts` (`id`, `post_id`, `from_user_id`, `to_user_id`, `reposted_at`) VALUES ('62', '38', '13', '12', '2001-11-22 01:49:34');
INSERT INTO `reposts` (`id`, `post_id`, `from_user_id`, `to_user_id`, `reposted_at`) VALUES ('63', '27', '20', '6', '2020-07-24 06:18:55');
INSERT INTO `reposts` (`id`, `post_id`, `from_user_id`, `to_user_id`, `reposted_at`) VALUES ('64', '91', '20', '7', '2010-01-12 05:24:01');
INSERT INTO `reposts` (`id`, `post_id`, `from_user_id`, `to_user_id`, `reposted_at`) VALUES ('65', '30', '20', '12', '2005-10-25 13:34:01');
INSERT INTO `reposts` (`id`, `post_id`, `from_user_id`, `to_user_id`, `reposted_at`) VALUES ('66', '74', '9', '8', '1996-06-27 03:23:08');
INSERT INTO `reposts` (`id`, `post_id`, `from_user_id`, `to_user_id`, `reposted_at`) VALUES ('67', '17', '17', '2', '2017-10-06 21:35:23');
INSERT INTO `reposts` (`id`, `post_id`, `from_user_id`, `to_user_id`, `reposted_at`) VALUES ('68', '77', '6', '4', '1981-03-04 02:25:21');
INSERT INTO `reposts` (`id`, `post_id`, `from_user_id`, `to_user_id`, `reposted_at`) VALUES ('69', '80', '9', '15', '1980-11-06 07:06:32');
INSERT INTO `reposts` (`id`, `post_id`, `from_user_id`, `to_user_id`, `reposted_at`) VALUES ('70', '79', '19', '12', '1976-01-14 14:25:33');
INSERT INTO `reposts` (`id`, `post_id`, `from_user_id`, `to_user_id`, `reposted_at`) VALUES ('71', '61', '4', '19', '2008-07-16 17:02:55');
INSERT INTO `reposts` (`id`, `post_id`, `from_user_id`, `to_user_id`, `reposted_at`) VALUES ('72', '29', '11', '11', '2020-03-05 20:44:46');
INSERT INTO `reposts` (`id`, `post_id`, `from_user_id`, `to_user_id`, `reposted_at`) VALUES ('73', '87', '16', '11', '2012-03-28 07:10:12');
INSERT INTO `reposts` (`id`, `post_id`, `from_user_id`, `to_user_id`, `reposted_at`) VALUES ('74', '17', '14', '10', '2003-11-01 04:48:14');
INSERT INTO `reposts` (`id`, `post_id`, `from_user_id`, `to_user_id`, `reposted_at`) VALUES ('75', '48', '20', '10', '1981-10-15 21:30:31');
INSERT INTO `reposts` (`id`, `post_id`, `from_user_id`, `to_user_id`, `reposted_at`) VALUES ('76', '5', '15', '19', '1976-01-20 13:13:58');
INSERT INTO `reposts` (`id`, `post_id`, `from_user_id`, `to_user_id`, `reposted_at`) VALUES ('77', '45', '18', '16', '2019-07-21 14:05:30');
INSERT INTO `reposts` (`id`, `post_id`, `from_user_id`, `to_user_id`, `reposted_at`) VALUES ('78', '55', '14', '1', '2017-05-03 05:42:35');
INSERT INTO `reposts` (`id`, `post_id`, `from_user_id`, `to_user_id`, `reposted_at`) VALUES ('79', '73', '10', '10', '2011-11-18 02:27:00');
INSERT INTO `reposts` (`id`, `post_id`, `from_user_id`, `to_user_id`, `reposted_at`) VALUES ('80', '46', '5', '8', '1997-07-24 04:55:35');
INSERT INTO `reposts` (`id`, `post_id`, `from_user_id`, `to_user_id`, `reposted_at`) VALUES ('81', '5', '17', '11', '1975-05-06 15:25:37');
INSERT INTO `reposts` (`id`, `post_id`, `from_user_id`, `to_user_id`, `reposted_at`) VALUES ('82', '100', '3', '1', '1972-04-20 14:34:48');
INSERT INTO `reposts` (`id`, `post_id`, `from_user_id`, `to_user_id`, `reposted_at`) VALUES ('83', '54', '20', '17', '1974-12-18 19:06:30');
INSERT INTO `reposts` (`id`, `post_id`, `from_user_id`, `to_user_id`, `reposted_at`) VALUES ('84', '4', '3', '11', '2011-02-18 11:19:50');
INSERT INTO `reposts` (`id`, `post_id`, `from_user_id`, `to_user_id`, `reposted_at`) VALUES ('85', '54', '13', '11', '2013-08-11 04:17:44');
INSERT INTO `reposts` (`id`, `post_id`, `from_user_id`, `to_user_id`, `reposted_at`) VALUES ('86', '2', '14', '5', '1977-10-16 16:02:08');
INSERT INTO `reposts` (`id`, `post_id`, `from_user_id`, `to_user_id`, `reposted_at`) VALUES ('87', '93', '3', '3', '1971-02-27 04:26:44');
INSERT INTO `reposts` (`id`, `post_id`, `from_user_id`, `to_user_id`, `reposted_at`) VALUES ('88', '68', '14', '16', '2016-05-05 22:32:31');
INSERT INTO `reposts` (`id`, `post_id`, `from_user_id`, `to_user_id`, `reposted_at`) VALUES ('89', '71', '8', '5', '1999-04-05 05:05:16');
INSERT INTO `reposts` (`id`, `post_id`, `from_user_id`, `to_user_id`, `reposted_at`) VALUES ('90', '18', '17', '10', '2015-08-04 02:34:39');
INSERT INTO `reposts` (`id`, `post_id`, `from_user_id`, `to_user_id`, `reposted_at`) VALUES ('91', '54', '18', '6', '2004-10-09 20:11:42');
INSERT INTO `reposts` (`id`, `post_id`, `from_user_id`, `to_user_id`, `reposted_at`) VALUES ('92', '6', '18', '9', '1989-04-19 17:15:13');
INSERT INTO `reposts` (`id`, `post_id`, `from_user_id`, `to_user_id`, `reposted_at`) VALUES ('93', '11', '9', '8', '1977-11-04 02:37:15');
INSERT INTO `reposts` (`id`, `post_id`, `from_user_id`, `to_user_id`, `reposted_at`) VALUES ('94', '95', '9', '11', '1985-07-10 05:36:30');
INSERT INTO `reposts` (`id`, `post_id`, `from_user_id`, `to_user_id`, `reposted_at`) VALUES ('95', '48', '20', '4', '1992-06-21 20:34:19');
INSERT INTO `reposts` (`id`, `post_id`, `from_user_id`, `to_user_id`, `reposted_at`) VALUES ('96', '99', '1', '17', '1994-02-21 01:10:45');
INSERT INTO `reposts` (`id`, `post_id`, `from_user_id`, `to_user_id`, `reposted_at`) VALUES ('97', '23', '19', '20', '1975-05-07 06:00:08');
INSERT INTO `reposts` (`id`, `post_id`, `from_user_id`, `to_user_id`, `reposted_at`) VALUES ('98', '35', '13', '13', '2009-05-29 08:27:43');
INSERT INTO `reposts` (`id`, `post_id`, `from_user_id`, `to_user_id`, `reposted_at`) VALUES ('99', '13', '7', '20', '1972-12-17 18:41:06');
INSERT INTO `reposts` (`id`, `post_id`, `from_user_id`, `to_user_id`, `reposted_at`) VALUES ('100', '36', '10', '17', '1995-10-18 14:01:36');


#
# TABLE STRUCTURE FOR: post_comments
#

DROP TABLE IF EXISTS `post_comments`;

CREATE TABLE `post_comments` (
  `id` bigint(20) unsigned NOT NULL AUTO_INCREMENT,
  `from_user_id` bigint(20) unsigned NOT NULL,
  `post_id` bigint(20) unsigned NOT NULL,
  `content` text COLLATE utf8_unicode_ci NOT NULL,
  `send_at` datetime NOT NULL DEFAULT current_timestamp(),
  `change_at` datetime NOT NULL DEFAULT current_timestamp() ON UPDATE current_timestamp(),
  `changed` tinyint(1) DEFAULT 0,
  UNIQUE KEY `id` (`id`),
  KEY `post_comments_profiles_id_fk` (`from_user_id`),
  KEY `post_comments_posts_id_fk2` (`post_id`),
  CONSTRAINT `post_comments_posts_id_fk2` FOREIGN KEY (`post_id`) REFERENCES `posts` (`id`) ON DELETE CASCADE ON UPDATE CASCADE,
  CONSTRAINT `post_comments_profiles_id_fk` FOREIGN KEY (`from_user_id`) REFERENCES `profiles` (`id`) ON DELETE CASCADE ON UPDATE CASCADE
) ENGINE=InnoDB AUTO_INCREMENT=501 DEFAULT CHARSET=utf8 COLLATE=utf8_unicode_ci;

INSERT INTO `post_comments` (`id`, `from_user_id`, `post_id`, `content`, `send_at`, `change_at`, `changed`) VALUES ('1', '3', '99', 'Tempora labore perferendis ipsam consectetur.', '1998-10-30 23:42:44', '1982-02-21 06:52:45', 0);
INSERT INTO `post_comments` (`id`, `from_user_id`, `post_id`, `content`, `send_at`, `change_at`, `changed`) VALUES ('2', '3', '83', 'Dolorem at et qui dolores quia.', '2020-08-15 02:45:57', '2013-04-11 20:55:57', 0);
INSERT INTO `post_comments` (`id`, `from_user_id`, `post_id`, `content`, `send_at`, `change_at`, `changed`) VALUES ('3', '17', '77', 'Dolorum quos inventore saepe eum magni dolorem.', '1981-04-19 09:16:53', '2017-07-01 10:20:48', 0);
INSERT INTO `post_comments` (`id`, `from_user_id`, `post_id`, `content`, `send_at`, `change_at`, `changed`) VALUES ('4', '7', '50', 'Sed itaque odit saepe qui qui quia sapiente.', '2018-01-09 11:06:15', '1988-07-25 07:38:18', 1);
INSERT INTO `post_comments` (`id`, `from_user_id`, `post_id`, `content`, `send_at`, `change_at`, `changed`) VALUES ('5', '1', '68', 'Aut et illo autem.', '1973-03-22 06:33:50', '2006-11-01 00:07:05', 0);
INSERT INTO `post_comments` (`id`, `from_user_id`, `post_id`, `content`, `send_at`, `change_at`, `changed`) VALUES ('6', '7', '100', 'Fugit possimus non laboriosam.', '2005-09-10 17:38:18', '1988-05-10 17:32:42', 0);
INSERT INTO `post_comments` (`id`, `from_user_id`, `post_id`, `content`, `send_at`, `change_at`, `changed`) VALUES ('7', '12', '58', 'Commodi veritatis doloribus cum sit sit quisquam.', '2016-11-25 16:04:55', '1993-12-12 03:58:48', 1);
INSERT INTO `post_comments` (`id`, `from_user_id`, `post_id`, `content`, `send_at`, `change_at`, `changed`) VALUES ('8', '1', '83', 'Maxime deleniti sed ipsum nihil alias officiis.', '1994-03-15 10:47:35', '1983-11-26 23:48:04', 0);
INSERT INTO `post_comments` (`id`, `from_user_id`, `post_id`, `content`, `send_at`, `change_at`, `changed`) VALUES ('9', '1', '94', 'Commodi aliquam dolores consequatur laborum.', '1987-03-11 17:59:27', '1976-04-19 09:48:50', 0);
INSERT INTO `post_comments` (`id`, `from_user_id`, `post_id`, `content`, `send_at`, `change_at`, `changed`) VALUES ('10', '8', '47', 'Omnis ut et aut enim porro numquam omnis.', '2012-07-21 01:20:23', '1992-04-15 07:46:43', 0);
INSERT INTO `post_comments` (`id`, `from_user_id`, `post_id`, `content`, `send_at`, `change_at`, `changed`) VALUES ('11', '1', '43', 'Dolorum quia odit non earum voluptatem tenetur.', '1970-12-03 08:38:20', '2001-05-28 01:18:24', 0);
INSERT INTO `post_comments` (`id`, `from_user_id`, `post_id`, `content`, `send_at`, `change_at`, `changed`) VALUES ('12', '10', '49', 'Voluptatum iste praesentium consectetur ut omnis.', '1989-02-09 18:38:04', '1995-02-24 04:24:24', 0);
INSERT INTO `post_comments` (`id`, `from_user_id`, `post_id`, `content`, `send_at`, `change_at`, `changed`) VALUES ('13', '13', '42', 'Aut expedita sit et quas rem provident.', '2001-10-21 21:28:53', '1988-10-19 18:02:58', 0);
INSERT INTO `post_comments` (`id`, `from_user_id`, `post_id`, `content`, `send_at`, `change_at`, `changed`) VALUES ('14', '13', '54', 'Modi aut rerum nihil facilis at consectetur aut.', '1985-12-29 06:40:20', '2018-07-09 03:23:01', 0);
INSERT INTO `post_comments` (`id`, `from_user_id`, `post_id`, `content`, `send_at`, `change_at`, `changed`) VALUES ('15', '10', '38', 'Sapiente suscipit laborum quis qui quod ipsum.', '1999-05-15 00:58:10', '1987-12-29 17:28:52', 0);
INSERT INTO `post_comments` (`id`, `from_user_id`, `post_id`, `content`, `send_at`, `change_at`, `changed`) VALUES ('16', '9', '60', 'Inventore beatae doloremque similique vero quas.', '2016-01-09 06:41:35', '1994-05-07 00:31:01', 0);
INSERT INTO `post_comments` (`id`, `from_user_id`, `post_id`, `content`, `send_at`, `change_at`, `changed`) VALUES ('17', '8', '55', 'Iure et sit ipsa quos vel vero sed id.', '1983-11-29 09:38:07', '1990-05-28 11:31:49', 0);
INSERT INTO `post_comments` (`id`, `from_user_id`, `post_id`, `content`, `send_at`, `change_at`, `changed`) VALUES ('18', '9', '19', 'Dicta commodi vero architecto commodi.', '1970-12-17 08:16:05', '2004-12-24 21:27:56', 0);
INSERT INTO `post_comments` (`id`, `from_user_id`, `post_id`, `content`, `send_at`, `change_at`, `changed`) VALUES ('19', '7', '75', 'Maiores enim officia at unde.', '1991-05-18 15:26:03', '2014-10-19 14:24:12', 0);
INSERT INTO `post_comments` (`id`, `from_user_id`, `post_id`, `content`, `send_at`, `change_at`, `changed`) VALUES ('20', '14', '33', 'Voluptatum est consequuntur aperiam quia quia.', '1995-11-20 07:46:07', '1984-09-15 17:44:34', 0);
INSERT INTO `post_comments` (`id`, `from_user_id`, `post_id`, `content`, `send_at`, `change_at`, `changed`) VALUES ('21', '9', '1', 'Sit non fugiat qui natus.', '1973-11-09 22:31:18', '2002-11-16 10:35:51', 0);
INSERT INTO `post_comments` (`id`, `from_user_id`, `post_id`, `content`, `send_at`, `change_at`, `changed`) VALUES ('22', '7', '97', 'Esse quaerat qui eius nihil praesentium.', '2015-09-16 16:57:19', '1998-10-06 06:54:10', 0);
INSERT INTO `post_comments` (`id`, `from_user_id`, `post_id`, `content`, `send_at`, `change_at`, `changed`) VALUES ('23', '12', '34', 'Molestias quis cumque et praesentium unde ipsum.', '2011-12-22 00:09:38', '1976-05-25 23:58:14', 0);
INSERT INTO `post_comments` (`id`, `from_user_id`, `post_id`, `content`, `send_at`, `change_at`, `changed`) VALUES ('24', '16', '62', 'Molestiae ducimus ipsum iusto debitis.', '1989-12-02 05:24:20', '2008-01-03 13:40:08', 0);
INSERT INTO `post_comments` (`id`, `from_user_id`, `post_id`, `content`, `send_at`, `change_at`, `changed`) VALUES ('25', '6', '18', 'Iste omnis at odio.', '2001-01-20 08:20:50', '1974-06-05 12:06:33', 1);
INSERT INTO `post_comments` (`id`, `from_user_id`, `post_id`, `content`, `send_at`, `change_at`, `changed`) VALUES ('26', '2', '31', 'Quidem et id illo accusantium suscipit.', '2009-10-10 18:09:23', '2000-11-05 09:23:14', 0);
INSERT INTO `post_comments` (`id`, `from_user_id`, `post_id`, `content`, `send_at`, `change_at`, `changed`) VALUES ('27', '13', '55', 'Rem iure consectetur quo adipisci.', '1993-04-26 04:59:31', '2016-05-05 09:40:35', 0);
INSERT INTO `post_comments` (`id`, `from_user_id`, `post_id`, `content`, `send_at`, `change_at`, `changed`) VALUES ('28', '16', '21', 'Vel dignissimos non quam error.', '1975-01-08 00:46:54', '2004-09-14 13:24:40', 0);
INSERT INTO `post_comments` (`id`, `from_user_id`, `post_id`, `content`, `send_at`, `change_at`, `changed`) VALUES ('29', '20', '43', 'Et et quo veniam autem dolores et.', '1988-10-07 19:08:42', '2018-10-09 11:42:43', 1);
INSERT INTO `post_comments` (`id`, `from_user_id`, `post_id`, `content`, `send_at`, `change_at`, `changed`) VALUES ('30', '15', '44', 'Sed iure vitae at nisi in laudantium.', '1998-05-06 06:30:55', '1995-10-16 07:07:04', 0);
INSERT INTO `post_comments` (`id`, `from_user_id`, `post_id`, `content`, `send_at`, `change_at`, `changed`) VALUES ('31', '17', '18', 'Rerum labore quod impedit aut totam blanditiis.', '1980-06-04 22:26:23', '1983-05-22 00:32:39', 0);
INSERT INTO `post_comments` (`id`, `from_user_id`, `post_id`, `content`, `send_at`, `change_at`, `changed`) VALUES ('32', '1', '17', 'Quia itaque sed est laboriosam.', '2003-09-26 22:12:31', '2012-03-15 13:59:24', 0);
INSERT INTO `post_comments` (`id`, `from_user_id`, `post_id`, `content`, `send_at`, `change_at`, `changed`) VALUES ('33', '15', '46', 'Voluptas laborum distinctio ad sequi porro sed.', '1986-08-27 05:38:39', '2000-04-11 11:32:22', 0);
INSERT INTO `post_comments` (`id`, `from_user_id`, `post_id`, `content`, `send_at`, `change_at`, `changed`) VALUES ('34', '7', '3', 'Distinctio nihil consequuntur molestiae eos.', '1995-04-12 16:38:26', '1984-08-24 14:29:07', 0);
INSERT INTO `post_comments` (`id`, `from_user_id`, `post_id`, `content`, `send_at`, `change_at`, `changed`) VALUES ('35', '4', '3', 'Est nisi fugiat qui aut quaerat quidem.', '2013-04-27 11:07:06', '1974-02-26 05:12:23', 0);
INSERT INTO `post_comments` (`id`, `from_user_id`, `post_id`, `content`, `send_at`, `change_at`, `changed`) VALUES ('36', '7', '61', 'Recusandae reprehenderit qui et facilis quasi.', '2019-07-04 06:28:51', '1995-09-14 05:02:41', 0);
INSERT INTO `post_comments` (`id`, `from_user_id`, `post_id`, `content`, `send_at`, `change_at`, `changed`) VALUES ('37', '1', '67', 'Libero nemo ut tempora in.', '1970-03-27 17:10:21', '2006-03-25 11:56:12', 1);
INSERT INTO `post_comments` (`id`, `from_user_id`, `post_id`, `content`, `send_at`, `change_at`, `changed`) VALUES ('38', '12', '62', 'Blanditiis placeat omnis ullam ullam.', '1984-08-30 09:05:32', '2005-06-28 15:05:54', 0);
INSERT INTO `post_comments` (`id`, `from_user_id`, `post_id`, `content`, `send_at`, `change_at`, `changed`) VALUES ('39', '20', '37', 'Veniam non dolor velit eaque accusantium in.', '2012-06-16 17:06:26', '1993-01-22 06:21:52', 0);
INSERT INTO `post_comments` (`id`, `from_user_id`, `post_id`, `content`, `send_at`, `change_at`, `changed`) VALUES ('40', '5', '27', 'Voluptatem ullam odit non velit.', '2018-08-10 17:48:18', '2019-05-07 10:00:31', 0);
INSERT INTO `post_comments` (`id`, `from_user_id`, `post_id`, `content`, `send_at`, `change_at`, `changed`) VALUES ('41', '11', '31', 'Saepe quas qui non.', '2019-11-27 21:27:16', '2004-11-28 16:25:58', 0);
INSERT INTO `post_comments` (`id`, `from_user_id`, `post_id`, `content`, `send_at`, `change_at`, `changed`) VALUES ('42', '12', '15', 'Quasi facilis aut rem quo dolores.', '1997-06-27 13:50:35', '1970-10-27 15:49:59', 0);
INSERT INTO `post_comments` (`id`, `from_user_id`, `post_id`, `content`, `send_at`, `change_at`, `changed`) VALUES ('43', '18', '37', 'Quis maiores tenetur officiis.', '1982-09-04 04:24:04', '1992-06-11 05:28:24', 0);
INSERT INTO `post_comments` (`id`, `from_user_id`, `post_id`, `content`, `send_at`, `change_at`, `changed`) VALUES ('44', '8', '82', 'Rerum est maiores praesentium est hic vel.', '1989-10-24 17:58:52', '2012-02-23 22:12:06', 0);
INSERT INTO `post_comments` (`id`, `from_user_id`, `post_id`, `content`, `send_at`, `change_at`, `changed`) VALUES ('45', '16', '10', 'Aut animi officia error voluptatum ut.', '1986-06-22 03:42:07', '1995-03-29 01:08:22', 0);
INSERT INTO `post_comments` (`id`, `from_user_id`, `post_id`, `content`, `send_at`, `change_at`, `changed`) VALUES ('46', '5', '60', 'In error in quisquam rerum facere qui fuga.', '2014-09-16 12:39:59', '1981-03-20 19:52:50', 0);
INSERT INTO `post_comments` (`id`, `from_user_id`, `post_id`, `content`, `send_at`, `change_at`, `changed`) VALUES ('47', '6', '28', 'Culpa deleniti quidem dolore saepe non fugit.', '1976-10-24 17:00:00', '2005-10-18 03:01:22', 1);
INSERT INTO `post_comments` (`id`, `from_user_id`, `post_id`, `content`, `send_at`, `change_at`, `changed`) VALUES ('48', '16', '99', 'Non saepe atque ut quos dolor perferendis.', '2018-09-08 03:46:25', '1984-01-16 03:35:53', 0);
INSERT INTO `post_comments` (`id`, `from_user_id`, `post_id`, `content`, `send_at`, `change_at`, `changed`) VALUES ('49', '15', '10', 'Provident necessitatibus quas ut.', '2015-05-21 05:36:14', '1993-06-04 08:52:13', 0);
INSERT INTO `post_comments` (`id`, `from_user_id`, `post_id`, `content`, `send_at`, `change_at`, `changed`) VALUES ('50', '1', '93', 'Molestiae velit tempore blanditiis voluptates.', '2010-07-28 12:37:11', '1986-05-15 01:59:09', 0);
INSERT INTO `post_comments` (`id`, `from_user_id`, `post_id`, `content`, `send_at`, `change_at`, `changed`) VALUES ('51', '3', '36', 'Commodi velit earum distinctio sunt.', '2010-08-29 20:57:01', '1972-03-29 13:32:42', 1);
INSERT INTO `post_comments` (`id`, `from_user_id`, `post_id`, `content`, `send_at`, `change_at`, `changed`) VALUES ('52', '11', '16', 'Perspiciatis deleniti ut autem.', '1983-12-27 12:12:20', '1983-10-04 08:59:01', 0);
INSERT INTO `post_comments` (`id`, `from_user_id`, `post_id`, `content`, `send_at`, `change_at`, `changed`) VALUES ('53', '1', '12', 'Nisi asperiores voluptatibus quis unde omnis.', '1998-02-09 10:19:53', '1990-12-10 08:12:26', 0);
INSERT INTO `post_comments` (`id`, `from_user_id`, `post_id`, `content`, `send_at`, `change_at`, `changed`) VALUES ('54', '16', '2', 'Animi est nesciunt itaque sapiente cumque.', '1989-05-16 23:23:26', '2012-09-24 20:33:02', 1);
INSERT INTO `post_comments` (`id`, `from_user_id`, `post_id`, `content`, `send_at`, `change_at`, `changed`) VALUES ('55', '10', '100', 'Ut vero est rerum voluptatem rerum aliquid.', '1975-04-12 21:43:51', '2012-04-15 19:59:55', 0);
INSERT INTO `post_comments` (`id`, `from_user_id`, `post_id`, `content`, `send_at`, `change_at`, `changed`) VALUES ('56', '6', '3', 'Qui sunt voluptatum rerum odio et animi id non.', '2008-01-08 21:53:59', '1983-05-19 02:30:15', 1);
INSERT INTO `post_comments` (`id`, `from_user_id`, `post_id`, `content`, `send_at`, `change_at`, `changed`) VALUES ('57', '7', '85', 'Quas aut atque sit.', '1988-07-07 10:37:07', '1970-07-20 11:21:54', 0);
INSERT INTO `post_comments` (`id`, `from_user_id`, `post_id`, `content`, `send_at`, `change_at`, `changed`) VALUES ('58', '4', '16', 'Quia aliquam a consequatur unde quaerat ut eaque.', '1980-06-27 06:57:01', '1974-01-01 16:35:29', 0);
INSERT INTO `post_comments` (`id`, `from_user_id`, `post_id`, `content`, `send_at`, `change_at`, `changed`) VALUES ('59', '5', '52', 'Amet natus ut aut velit.', '1984-09-09 22:18:52', '1987-06-10 19:02:17', 0);
INSERT INTO `post_comments` (`id`, `from_user_id`, `post_id`, `content`, `send_at`, `change_at`, `changed`) VALUES ('60', '20', '1', 'Veritatis consequatur qui voluptatem.', '1993-01-13 10:27:03', '1991-01-08 20:06:38', 0);
INSERT INTO `post_comments` (`id`, `from_user_id`, `post_id`, `content`, `send_at`, `change_at`, `changed`) VALUES ('61', '13', '23', 'Pariatur aut et id ex ab.', '2006-05-06 13:38:25', '1984-07-22 18:00:04', 1);
INSERT INTO `post_comments` (`id`, `from_user_id`, `post_id`, `content`, `send_at`, `change_at`, `changed`) VALUES ('62', '12', '88', 'Quas qui sequi fugiat sed repellat doloremque.', '1974-05-04 14:47:51', '2002-11-20 00:50:29', 0);
INSERT INTO `post_comments` (`id`, `from_user_id`, `post_id`, `content`, `send_at`, `change_at`, `changed`) VALUES ('63', '11', '35', 'Nostrum voluptas aperiam aut nesciunt.', '1975-05-12 21:25:37', '2008-04-14 13:27:23', 0);
INSERT INTO `post_comments` (`id`, `from_user_id`, `post_id`, `content`, `send_at`, `change_at`, `changed`) VALUES ('64', '18', '24', 'Rerum consequuntur dolorem enim quam delectus.', '2005-06-18 17:47:51', '1974-12-11 21:29:00', 0);
INSERT INTO `post_comments` (`id`, `from_user_id`, `post_id`, `content`, `send_at`, `change_at`, `changed`) VALUES ('65', '9', '87', 'Maiores sit nostrum dolore voluptate.', '2001-09-18 18:43:24', '1982-04-30 10:07:57', 0);
INSERT INTO `post_comments` (`id`, `from_user_id`, `post_id`, `content`, `send_at`, `change_at`, `changed`) VALUES ('66', '4', '57', 'Expedita libero consequatur aperiam aperiam.', '2012-05-28 11:25:18', '1984-01-02 17:32:37', 0);
INSERT INTO `post_comments` (`id`, `from_user_id`, `post_id`, `content`, `send_at`, `change_at`, `changed`) VALUES ('67', '5', '70', 'Voluptas est qui possimus dolor sequi sit.', '2005-10-06 10:49:07', '1997-02-03 11:42:36', 0);
INSERT INTO `post_comments` (`id`, `from_user_id`, `post_id`, `content`, `send_at`, `change_at`, `changed`) VALUES ('68', '15', '25', 'Optio ut ducimus omnis quae totam veniam.', '1987-09-04 23:42:52', '2008-08-24 14:37:43', 0);
INSERT INTO `post_comments` (`id`, `from_user_id`, `post_id`, `content`, `send_at`, `change_at`, `changed`) VALUES ('69', '17', '49', 'In suscipit quasi quis et.', '1996-08-14 07:18:14', '1992-09-26 03:12:43', 0);
INSERT INTO `post_comments` (`id`, `from_user_id`, `post_id`, `content`, `send_at`, `change_at`, `changed`) VALUES ('70', '6', '29', 'Aut eos voluptate ea quam voluptate nobis.', '2004-09-01 07:15:42', '2018-07-16 18:32:53', 0);
INSERT INTO `post_comments` (`id`, `from_user_id`, `post_id`, `content`, `send_at`, `change_at`, `changed`) VALUES ('71', '10', '54', 'Aliquid doloremque officia dolore ipsa.', '1973-11-25 14:56:34', '1985-05-22 18:58:45', 0);
INSERT INTO `post_comments` (`id`, `from_user_id`, `post_id`, `content`, `send_at`, `change_at`, `changed`) VALUES ('72', '7', '79', 'Cum molestiae sint ipsa soluta.', '2002-04-19 13:38:32', '1985-09-09 07:26:47', 0);
INSERT INTO `post_comments` (`id`, `from_user_id`, `post_id`, `content`, `send_at`, `change_at`, `changed`) VALUES ('73', '8', '48', 'Harum qui excepturi et ab.', '1986-03-02 23:16:38', '2000-11-13 03:07:15', 1);
INSERT INTO `post_comments` (`id`, `from_user_id`, `post_id`, `content`, `send_at`, `change_at`, `changed`) VALUES ('74', '19', '60', 'Natus quasi ut beatae pariatur nostrum et.', '1972-01-23 23:42:37', '1981-04-10 23:38:17', 0);
INSERT INTO `post_comments` (`id`, `from_user_id`, `post_id`, `content`, `send_at`, `change_at`, `changed`) VALUES ('75', '20', '92', 'Et animi quia labore est ad fuga.', '2016-03-26 20:28:21', '1996-12-18 09:52:55', 0);
INSERT INTO `post_comments` (`id`, `from_user_id`, `post_id`, `content`, `send_at`, `change_at`, `changed`) VALUES ('76', '12', '60', 'Quas ipsa pariatur iste assumenda vitae ratione.', '1978-07-19 12:34:14', '1997-09-27 18:50:29', 0);
INSERT INTO `post_comments` (`id`, `from_user_id`, `post_id`, `content`, `send_at`, `change_at`, `changed`) VALUES ('77', '3', '20', 'Sunt dolor dolor eius natus.', '1989-05-13 12:41:25', '1994-09-26 05:06:08', 0);
INSERT INTO `post_comments` (`id`, `from_user_id`, `post_id`, `content`, `send_at`, `change_at`, `changed`) VALUES ('78', '10', '65', 'Natus adipisci rerum totam totam sunt iusto.', '1998-09-20 07:35:54', '2015-07-31 20:39:26', 1);
INSERT INTO `post_comments` (`id`, `from_user_id`, `post_id`, `content`, `send_at`, `change_at`, `changed`) VALUES ('79', '11', '34', 'Enim sed fugiat eaque tempora nobis.', '1990-10-12 01:14:03', '1978-07-19 22:01:52', 0);
INSERT INTO `post_comments` (`id`, `from_user_id`, `post_id`, `content`, `send_at`, `change_at`, `changed`) VALUES ('80', '18', '99', 'Repudiandae nam alias dolores mollitia ex.', '2011-09-11 13:36:36', '1986-02-04 10:38:22', 0);
INSERT INTO `post_comments` (`id`, `from_user_id`, `post_id`, `content`, `send_at`, `change_at`, `changed`) VALUES ('81', '5', '4', 'Id dolorem harum sed saepe maxime molestias est.', '1990-03-20 16:02:29', '2001-08-18 13:48:23', 0);
INSERT INTO `post_comments` (`id`, `from_user_id`, `post_id`, `content`, `send_at`, `change_at`, `changed`) VALUES ('82', '12', '44', 'Et voluptatem voluptas facilis quia qui.', '2006-06-10 12:15:11', '1972-03-02 06:20:31', 0);
INSERT INTO `post_comments` (`id`, `from_user_id`, `post_id`, `content`, `send_at`, `change_at`, `changed`) VALUES ('83', '15', '28', 'Dolor nisi ut id minus hic et id.', '1982-02-13 20:19:52', '2003-12-03 22:31:31', 0);
INSERT INTO `post_comments` (`id`, `from_user_id`, `post_id`, `content`, `send_at`, `change_at`, `changed`) VALUES ('84', '14', '55', 'Fuga eligendi sed et a impedit quia unde.', '1971-08-31 15:18:16', '1970-10-07 03:53:33', 0);
INSERT INTO `post_comments` (`id`, `from_user_id`, `post_id`, `content`, `send_at`, `change_at`, `changed`) VALUES ('85', '16', '93', 'Sed non est ea et perferendis sint.', '1997-09-07 22:20:57', '1984-11-04 13:23:53', 0);
INSERT INTO `post_comments` (`id`, `from_user_id`, `post_id`, `content`, `send_at`, `change_at`, `changed`) VALUES ('86', '17', '25', 'Cumque debitis ad explicabo rerum.', '2005-04-26 16:59:19', '1997-07-07 22:32:26', 0);
INSERT INTO `post_comments` (`id`, `from_user_id`, `post_id`, `content`, `send_at`, `change_at`, `changed`) VALUES ('87', '10', '15', 'Autem nihil dolores fuga enim et.', '2008-06-24 11:59:44', '2002-05-14 15:10:10', 0);
INSERT INTO `post_comments` (`id`, `from_user_id`, `post_id`, `content`, `send_at`, `change_at`, `changed`) VALUES ('88', '1', '85', 'Provident quaerat iusto nam fugit modi.', '1999-12-12 05:54:15', '2003-03-06 05:18:57', 0);
INSERT INTO `post_comments` (`id`, `from_user_id`, `post_id`, `content`, `send_at`, `change_at`, `changed`) VALUES ('89', '13', '99', 'Nihil est nihil omnis porro.', '2006-05-09 21:16:29', '1981-03-29 21:38:57', 0);
INSERT INTO `post_comments` (`id`, `from_user_id`, `post_id`, `content`, `send_at`, `change_at`, `changed`) VALUES ('90', '9', '62', 'Et ut recusandae qui in. Ullam et rerum iure.', '1973-06-01 23:25:15', '1982-07-29 13:39:50', 1);
INSERT INTO `post_comments` (`id`, `from_user_id`, `post_id`, `content`, `send_at`, `change_at`, `changed`) VALUES ('91', '19', '5', 'Ipsum quia ea aut corrupti.', '2003-07-17 17:16:25', '2006-11-03 14:23:45', 0);
INSERT INTO `post_comments` (`id`, `from_user_id`, `post_id`, `content`, `send_at`, `change_at`, `changed`) VALUES ('92', '5', '5', 'Voluptas nobis veritatis sint eligendi qui.', '2011-03-01 13:14:55', '1977-07-04 07:41:26', 0);
INSERT INTO `post_comments` (`id`, `from_user_id`, `post_id`, `content`, `send_at`, `change_at`, `changed`) VALUES ('93', '5', '69', 'Tempora eveniet eligendi amet non eaque.', '1984-09-05 19:49:17', '2019-06-18 21:43:47', 0);
INSERT INTO `post_comments` (`id`, `from_user_id`, `post_id`, `content`, `send_at`, `change_at`, `changed`) VALUES ('94', '14', '78', 'Facere sunt iusto voluptates cum qui ut.', '2011-10-16 09:55:40', '2012-09-20 09:45:08', 1);
INSERT INTO `post_comments` (`id`, `from_user_id`, `post_id`, `content`, `send_at`, `change_at`, `changed`) VALUES ('95', '1', '57', 'Praesentium ducimus ab omnis nam.', '1974-02-07 15:25:56', '2016-04-12 16:30:21', 0);
INSERT INTO `post_comments` (`id`, `from_user_id`, `post_id`, `content`, `send_at`, `change_at`, `changed`) VALUES ('96', '16', '24', 'Ducimus aliquam ipsum illo maxime.', '2006-04-05 21:58:29', '1995-04-25 22:12:57', 0);
INSERT INTO `post_comments` (`id`, `from_user_id`, `post_id`, `content`, `send_at`, `change_at`, `changed`) VALUES ('97', '13', '32', 'Libero harum autem veritatis.', '2018-06-27 06:00:31', '1984-01-26 16:49:29', 0);
INSERT INTO `post_comments` (`id`, `from_user_id`, `post_id`, `content`, `send_at`, `change_at`, `changed`) VALUES ('98', '14', '34', 'At expedita iure et.', '1980-08-24 12:31:10', '2002-12-21 00:24:15', 0);
INSERT INTO `post_comments` (`id`, `from_user_id`, `post_id`, `content`, `send_at`, `change_at`, `changed`) VALUES ('99', '12', '34', 'Quam non harum numquam unde.', '1982-01-12 12:58:08', '1973-02-04 06:50:21', 1);
INSERT INTO `post_comments` (`id`, `from_user_id`, `post_id`, `content`, `send_at`, `change_at`, `changed`) VALUES ('100', '18', '35', 'Fuga facilis cum qui ea ut.', '1972-10-05 02:15:22', '1972-04-11 06:45:30', 1);
INSERT INTO `post_comments` (`id`, `from_user_id`, `post_id`, `content`, `send_at`, `change_at`, `changed`) VALUES ('101', '6', '73', 'Officiis aliquid consequuntur unde inventore.', '1978-01-07 17:21:16', '2018-10-02 10:58:43', 0);
INSERT INTO `post_comments` (`id`, `from_user_id`, `post_id`, `content`, `send_at`, `change_at`, `changed`) VALUES ('102', '12', '73', 'Ipsa dolorum atque fugiat dolorem et.', '1983-02-25 21:24:27', '2018-10-21 05:22:50', 0);
INSERT INTO `post_comments` (`id`, `from_user_id`, `post_id`, `content`, `send_at`, `change_at`, `changed`) VALUES ('103', '18', '64', 'Quisquam nulla quisquam et optio.', '2013-02-27 01:52:34', '2013-05-21 00:38:07', 0);
INSERT INTO `post_comments` (`id`, `from_user_id`, `post_id`, `content`, `send_at`, `change_at`, `changed`) VALUES ('104', '12', '50', 'Nisi esse dolorem excepturi explicabo.', '2007-11-07 05:33:21', '1996-10-31 02:45:16', 0);
INSERT INTO `post_comments` (`id`, `from_user_id`, `post_id`, `content`, `send_at`, `change_at`, `changed`) VALUES ('105', '13', '2', 'Quas necessitatibus quisquam dignissimos.', '1971-01-01 09:40:23', '2018-08-15 20:13:43', 0);
INSERT INTO `post_comments` (`id`, `from_user_id`, `post_id`, `content`, `send_at`, `change_at`, `changed`) VALUES ('106', '3', '54', 'Voluptates sed rerum doloremque beatae qui nisi.', '1999-09-16 22:01:08', '1979-10-01 08:47:46', 0);
INSERT INTO `post_comments` (`id`, `from_user_id`, `post_id`, `content`, `send_at`, `change_at`, `changed`) VALUES ('107', '2', '32', 'Minus qui deserunt excepturi non recusandae.', '1990-07-15 00:44:33', '1993-07-21 19:51:13', 0);
INSERT INTO `post_comments` (`id`, `from_user_id`, `post_id`, `content`, `send_at`, `change_at`, `changed`) VALUES ('108', '12', '30', 'Ea sint ut veniam labore ut voluptas.', '1985-12-07 18:42:18', '1992-05-28 22:07:58', 0);
INSERT INTO `post_comments` (`id`, `from_user_id`, `post_id`, `content`, `send_at`, `change_at`, `changed`) VALUES ('109', '1', '27', 'Neque dolor molestiae autem velit.', '1986-09-22 20:41:05', '2018-08-12 07:31:14', 0);
INSERT INTO `post_comments` (`id`, `from_user_id`, `post_id`, `content`, `send_at`, `change_at`, `changed`) VALUES ('110', '2', '3', 'Blanditiis aut ea ad et et nihil.', '2004-02-03 10:33:09', '1970-08-01 01:41:43', 0);
INSERT INTO `post_comments` (`id`, `from_user_id`, `post_id`, `content`, `send_at`, `change_at`, `changed`) VALUES ('111', '17', '84', 'Aut ipsa enim dolores est rerum ratione qui.', '2018-03-08 22:24:44', '1997-11-07 20:58:35', 0);
INSERT INTO `post_comments` (`id`, `from_user_id`, `post_id`, `content`, `send_at`, `change_at`, `changed`) VALUES ('112', '6', '43', 'Maxime sint blanditiis voluptatem soluta.', '2003-12-02 12:55:33', '2001-01-31 00:37:26', 0);
INSERT INTO `post_comments` (`id`, `from_user_id`, `post_id`, `content`, `send_at`, `change_at`, `changed`) VALUES ('113', '3', '93', 'A alias in sit ducimus.', '1970-07-22 15:57:16', '2006-08-07 23:35:22', 1);
INSERT INTO `post_comments` (`id`, `from_user_id`, `post_id`, `content`, `send_at`, `change_at`, `changed`) VALUES ('114', '16', '74', 'Consequuntur suscipit nemo omnis aspernatur cum.', '1979-01-04 01:30:55', '1989-06-05 01:11:11', 0);
INSERT INTO `post_comments` (`id`, `from_user_id`, `post_id`, `content`, `send_at`, `change_at`, `changed`) VALUES ('115', '6', '66', 'Molestiae exercitationem repudiandae quidem.', '2007-06-23 10:11:33', '2016-12-21 04:39:23', 1);
INSERT INTO `post_comments` (`id`, `from_user_id`, `post_id`, `content`, `send_at`, `change_at`, `changed`) VALUES ('116', '2', '53', 'Veritatis et harum vel minima.', '1992-08-14 09:55:39', '1990-05-10 01:51:40', 0);
INSERT INTO `post_comments` (`id`, `from_user_id`, `post_id`, `content`, `send_at`, `change_at`, `changed`) VALUES ('117', '8', '69', 'Quaerat quia odio tempora et placeat.', '1985-03-20 09:54:07', '1971-08-12 14:09:31', 0);
INSERT INTO `post_comments` (`id`, `from_user_id`, `post_id`, `content`, `send_at`, `change_at`, `changed`) VALUES ('118', '6', '26', 'Iure vel eum laborum amet laudantium porro.', '1986-07-23 07:50:39', '1985-05-13 03:49:39', 0);
INSERT INTO `post_comments` (`id`, `from_user_id`, `post_id`, `content`, `send_at`, `change_at`, `changed`) VALUES ('119', '7', '83', 'Labore vel perferendis mollitia quaerat.', '1984-09-19 14:48:47', '1998-06-07 13:08:29', 0);
INSERT INTO `post_comments` (`id`, `from_user_id`, `post_id`, `content`, `send_at`, `change_at`, `changed`) VALUES ('120', '15', '95', 'Eius odio ad illum.', '2010-06-27 16:51:13', '2014-07-25 08:50:26', 1);
INSERT INTO `post_comments` (`id`, `from_user_id`, `post_id`, `content`, `send_at`, `change_at`, `changed`) VALUES ('121', '17', '86', 'Accusamus ducimus quibusdam sunt dolore ut culpa.', '1992-12-04 01:12:35', '2003-04-11 06:18:43', 0);
INSERT INTO `post_comments` (`id`, `from_user_id`, `post_id`, `content`, `send_at`, `change_at`, `changed`) VALUES ('122', '10', '91', 'Magni consequuntur voluptas ab.', '2000-08-31 05:18:09', '1987-06-17 02:37:44', 0);
INSERT INTO `post_comments` (`id`, `from_user_id`, `post_id`, `content`, `send_at`, `change_at`, `changed`) VALUES ('123', '4', '6', 'Sed aut dolores ut non atque asperiores ex.', '2008-03-05 06:00:05', '2020-04-03 05:18:14', 0);
INSERT INTO `post_comments` (`id`, `from_user_id`, `post_id`, `content`, `send_at`, `change_at`, `changed`) VALUES ('124', '5', '17', 'Quisquam est omnis eos repellendus eius sit et.', '1981-01-14 19:55:46', '1998-11-29 15:48:22', 0);
INSERT INTO `post_comments` (`id`, `from_user_id`, `post_id`, `content`, `send_at`, `change_at`, `changed`) VALUES ('125', '7', '28', 'Et rerum consectetur libero.', '1993-02-21 22:46:49', '2013-10-25 02:40:51', 0);
INSERT INTO `post_comments` (`id`, `from_user_id`, `post_id`, `content`, `send_at`, `change_at`, `changed`) VALUES ('126', '4', '15', 'Ea aspernatur ut eum voluptatum.', '2002-12-29 16:06:21', '1977-05-04 03:26:55', 0);
INSERT INTO `post_comments` (`id`, `from_user_id`, `post_id`, `content`, `send_at`, `change_at`, `changed`) VALUES ('127', '3', '46', 'Natus non sunt perferendis molestiae a nihil.', '1973-06-16 19:57:13', '2016-08-01 15:34:30', 0);
INSERT INTO `post_comments` (`id`, `from_user_id`, `post_id`, `content`, `send_at`, `change_at`, `changed`) VALUES ('128', '12', '26', 'Aliquid eum corrupti itaque qui nihil cum modi.', '1986-11-20 11:03:37', '1984-09-27 17:16:57', 0);
INSERT INTO `post_comments` (`id`, `from_user_id`, `post_id`, `content`, `send_at`, `change_at`, `changed`) VALUES ('129', '8', '34', 'Consequuntur sit ullam molestiae laudantium.', '1986-05-09 00:52:21', '2002-01-06 19:35:10', 0);
INSERT INTO `post_comments` (`id`, `from_user_id`, `post_id`, `content`, `send_at`, `change_at`, `changed`) VALUES ('130', '20', '65', 'Aliquam deleniti rerum ullam rerum.', '1975-06-16 21:55:42', '1986-11-26 14:17:23', 0);
INSERT INTO `post_comments` (`id`, `from_user_id`, `post_id`, `content`, `send_at`, `change_at`, `changed`) VALUES ('131', '20', '8', 'A vitae nihil ducimus totam.', '1990-08-20 01:50:07', '2008-11-23 04:18:43', 0);
INSERT INTO `post_comments` (`id`, `from_user_id`, `post_id`, `content`, `send_at`, `change_at`, `changed`) VALUES ('132', '4', '38', 'Porro repudiandae aut cum itaque nam.', '1981-11-14 13:59:10', '1974-02-11 17:33:01', 0);
INSERT INTO `post_comments` (`id`, `from_user_id`, `post_id`, `content`, `send_at`, `change_at`, `changed`) VALUES ('133', '16', '43', 'Repudiandae et neque est sint.', '1979-08-27 20:03:59', '1989-03-21 14:59:07', 0);
INSERT INTO `post_comments` (`id`, `from_user_id`, `post_id`, `content`, `send_at`, `change_at`, `changed`) VALUES ('134', '13', '9', 'Numquam natus et voluptas.', '2012-07-29 12:38:26', '2004-08-20 01:39:30', 0);
INSERT INTO `post_comments` (`id`, `from_user_id`, `post_id`, `content`, `send_at`, `change_at`, `changed`) VALUES ('135', '6', '38', 'Nam quia asperiores minima animi error quas.', '1982-09-11 20:17:59', '1974-04-21 01:21:39', 0);
INSERT INTO `post_comments` (`id`, `from_user_id`, `post_id`, `content`, `send_at`, `change_at`, `changed`) VALUES ('136', '1', '11', 'Atque occaecati ea eaque quibusdam est sit.', '1973-02-23 21:41:18', '1998-06-22 06:01:51', 0);
INSERT INTO `post_comments` (`id`, `from_user_id`, `post_id`, `content`, `send_at`, `change_at`, `changed`) VALUES ('137', '5', '51', 'Unde sapiente et sit.', '1979-09-01 01:02:31', '1999-07-06 23:13:50', 0);
INSERT INTO `post_comments` (`id`, `from_user_id`, `post_id`, `content`, `send_at`, `change_at`, `changed`) VALUES ('138', '1', '40', 'Qui dignissimos ut quam saepe.', '2004-04-25 02:41:42', '2019-01-23 23:06:18', 0);
INSERT INTO `post_comments` (`id`, `from_user_id`, `post_id`, `content`, `send_at`, `change_at`, `changed`) VALUES ('139', '12', '21', 'Aliquam amet optio ut esse.', '1986-10-24 06:09:08', '1998-04-27 09:14:16', 0);
INSERT INTO `post_comments` (`id`, `from_user_id`, `post_id`, `content`, `send_at`, `change_at`, `changed`) VALUES ('140', '12', '88', 'Impedit tempora aut delectus id facere sit.', '1990-09-30 09:15:35', '2003-06-19 13:17:08', 0);
INSERT INTO `post_comments` (`id`, `from_user_id`, `post_id`, `content`, `send_at`, `change_at`, `changed`) VALUES ('141', '10', '76', 'Repellat eos magni enim autem ab et.', '1988-03-24 19:12:32', '2019-05-14 00:18:55', 0);
INSERT INTO `post_comments` (`id`, `from_user_id`, `post_id`, `content`, `send_at`, `change_at`, `changed`) VALUES ('142', '1', '59', 'Et quasi error dolor inventore enim.', '1979-01-16 09:37:52', '1995-06-04 06:01:00', 0);
INSERT INTO `post_comments` (`id`, `from_user_id`, `post_id`, `content`, `send_at`, `change_at`, `changed`) VALUES ('143', '5', '59', 'Reiciendis consequatur dignissimos nesciunt.', '2015-02-20 23:13:05', '2020-07-16 14:55:43', 1);
INSERT INTO `post_comments` (`id`, `from_user_id`, `post_id`, `content`, `send_at`, `change_at`, `changed`) VALUES ('144', '17', '60', 'Est qui aut perspiciatis laborum delectus vero.', '2015-05-12 09:05:10', '1996-03-14 14:16:59', 0);
INSERT INTO `post_comments` (`id`, `from_user_id`, `post_id`, `content`, `send_at`, `change_at`, `changed`) VALUES ('145', '19', '84', 'Illo quos nesciunt expedita similique.', '1988-10-04 21:48:33', '1971-10-06 06:52:43', 1);
INSERT INTO `post_comments` (`id`, `from_user_id`, `post_id`, `content`, `send_at`, `change_at`, `changed`) VALUES ('146', '5', '92', 'Nulla nesciunt qui voluptates odio voluptates.', '2018-01-30 14:33:52', '1998-04-16 23:13:13', 0);
INSERT INTO `post_comments` (`id`, `from_user_id`, `post_id`, `content`, `send_at`, `change_at`, `changed`) VALUES ('147', '19', '42', 'Nam qui asperiores explicabo quod repudiandae.', '1992-08-02 03:49:02', '2007-03-03 13:17:54', 0);
INSERT INTO `post_comments` (`id`, `from_user_id`, `post_id`, `content`, `send_at`, `change_at`, `changed`) VALUES ('148', '6', '67', 'Illo neque cumque molestiae repudiandae.', '1972-09-11 10:26:25', '1992-12-02 17:19:17', 0);
INSERT INTO `post_comments` (`id`, `from_user_id`, `post_id`, `content`, `send_at`, `change_at`, `changed`) VALUES ('149', '17', '91', 'Facilis minima ipsa pariatur omnis a ipsum quod.', '1986-07-24 02:09:09', '1974-02-28 12:09:46', 1);
INSERT INTO `post_comments` (`id`, `from_user_id`, `post_id`, `content`, `send_at`, `change_at`, `changed`) VALUES ('150', '15', '11', 'Harum aliquid tenetur sapiente quae.', '1993-04-05 13:14:20', '1972-03-29 11:10:35', 0);
INSERT INTO `post_comments` (`id`, `from_user_id`, `post_id`, `content`, `send_at`, `change_at`, `changed`) VALUES ('151', '6', '78', 'Recusandae qui quasi sint et.', '2018-03-20 10:47:46', '2011-02-28 11:56:01', 0);
INSERT INTO `post_comments` (`id`, `from_user_id`, `post_id`, `content`, `send_at`, `change_at`, `changed`) VALUES ('152', '5', '51', 'Voluptate at non ea et.', '1981-06-05 01:49:17', '2010-12-12 05:31:39', 0);
INSERT INTO `post_comments` (`id`, `from_user_id`, `post_id`, `content`, `send_at`, `change_at`, `changed`) VALUES ('153', '6', '22', 'Aut rem fugit vitae quidem et modi.', '2013-08-09 15:33:39', '1975-09-27 13:46:29', 0);
INSERT INTO `post_comments` (`id`, `from_user_id`, `post_id`, `content`, `send_at`, `change_at`, `changed`) VALUES ('154', '18', '85', 'Autem tempora est repudiandae dolorem labore.', '2005-09-13 14:06:49', '1996-12-26 10:52:48', 0);
INSERT INTO `post_comments` (`id`, `from_user_id`, `post_id`, `content`, `send_at`, `change_at`, `changed`) VALUES ('155', '9', '46', 'Id dolore pariatur aut.', '1978-11-24 05:41:07', '1984-07-29 00:32:20', 0);
INSERT INTO `post_comments` (`id`, `from_user_id`, `post_id`, `content`, `send_at`, `change_at`, `changed`) VALUES ('156', '15', '90', 'Sed qui est aperiam animi culpa.', '1984-02-27 15:30:48', '2018-07-24 07:12:27', 0);
INSERT INTO `post_comments` (`id`, `from_user_id`, `post_id`, `content`, `send_at`, `change_at`, `changed`) VALUES ('157', '5', '74', 'Quidem autem doloremque corrupti asperiores.', '1971-02-14 18:24:59', '2000-02-23 18:48:56', 0);
INSERT INTO `post_comments` (`id`, `from_user_id`, `post_id`, `content`, `send_at`, `change_at`, `changed`) VALUES ('158', '10', '43', 'Blanditiis ut et earum impedit qui.', '2001-03-25 07:27:57', '1973-12-22 09:11:18', 0);
INSERT INTO `post_comments` (`id`, `from_user_id`, `post_id`, `content`, `send_at`, `change_at`, `changed`) VALUES ('159', '7', '33', 'Quae iusto nulla sit dolor.', '1980-12-04 21:07:00', '2014-06-12 15:07:51', 0);
INSERT INTO `post_comments` (`id`, `from_user_id`, `post_id`, `content`, `send_at`, `change_at`, `changed`) VALUES ('160', '1', '25', 'Esse veritatis ut amet repudiandae.', '1980-03-13 10:56:10', '2005-06-20 20:18:51', 0);
INSERT INTO `post_comments` (`id`, `from_user_id`, `post_id`, `content`, `send_at`, `change_at`, `changed`) VALUES ('161', '4', '27', 'Et odit nemo amet voluptas.', '2018-03-13 00:46:30', '1998-10-17 03:30:21', 1);
INSERT INTO `post_comments` (`id`, `from_user_id`, `post_id`, `content`, `send_at`, `change_at`, `changed`) VALUES ('162', '4', '7', 'Rem ab nesciunt expedita debitis atque.', '2010-07-31 18:47:46', '1979-06-05 18:26:23', 0);
INSERT INTO `post_comments` (`id`, `from_user_id`, `post_id`, `content`, `send_at`, `change_at`, `changed`) VALUES ('163', '14', '44', 'Illum eius blanditiis rerum a laborum rerum quis.', '2009-03-04 23:07:58', '1996-03-29 04:56:34', 0);
INSERT INTO `post_comments` (`id`, `from_user_id`, `post_id`, `content`, `send_at`, `change_at`, `changed`) VALUES ('164', '15', '54', 'Ad est ex nam eum rem totam.', '1988-03-20 18:56:29', '1983-02-24 13:33:37', 0);
INSERT INTO `post_comments` (`id`, `from_user_id`, `post_id`, `content`, `send_at`, `change_at`, `changed`) VALUES ('165', '7', '48', 'Adipisci qui dolores consequuntur autem.', '2008-05-04 16:08:09', '2009-01-24 03:38:43', 0);
INSERT INTO `post_comments` (`id`, `from_user_id`, `post_id`, `content`, `send_at`, `change_at`, `changed`) VALUES ('166', '13', '63', 'Quia ea et dolor.', '1981-11-25 08:32:03', '2014-04-16 19:14:24', 0);
INSERT INTO `post_comments` (`id`, `from_user_id`, `post_id`, `content`, `send_at`, `change_at`, `changed`) VALUES ('167', '6', '85', 'Voluptas natus vero est sed nihil quae.', '2004-09-11 23:32:44', '1984-03-05 03:06:33', 0);
INSERT INTO `post_comments` (`id`, `from_user_id`, `post_id`, `content`, `send_at`, `change_at`, `changed`) VALUES ('168', '3', '54', 'Voluptatem ea ut et et perspiciatis at sunt.', '2008-03-07 08:46:41', '1974-10-09 19:28:49', 0);
INSERT INTO `post_comments` (`id`, `from_user_id`, `post_id`, `content`, `send_at`, `change_at`, `changed`) VALUES ('169', '2', '3', 'Natus adipisci delectus sit.', '1974-07-24 13:15:14', '1984-07-16 03:20:10', 0);
INSERT INTO `post_comments` (`id`, `from_user_id`, `post_id`, `content`, `send_at`, `change_at`, `changed`) VALUES ('170', '8', '48', 'Amet id incidunt nemo et ut magni tempore.', '1983-01-26 06:38:26', '2017-05-13 03:01:28', 0);
INSERT INTO `post_comments` (`id`, `from_user_id`, `post_id`, `content`, `send_at`, `change_at`, `changed`) VALUES ('171', '10', '10', 'Beatae inventore incidunt eum repellendus et.', '1985-12-27 03:24:28', '1998-01-30 08:40:14', 0);
INSERT INTO `post_comments` (`id`, `from_user_id`, `post_id`, `content`, `send_at`, `change_at`, `changed`) VALUES ('172', '8', '69', 'Ratione ab et quasi harum ut consequatur numquam.', '1979-04-22 20:45:53', '2018-09-19 12:01:33', 0);
INSERT INTO `post_comments` (`id`, `from_user_id`, `post_id`, `content`, `send_at`, `change_at`, `changed`) VALUES ('173', '17', '86', 'Dolor cumque natus ex voluptatum.', '2000-02-09 21:01:25', '2000-12-24 02:24:48', 0);
INSERT INTO `post_comments` (`id`, `from_user_id`, `post_id`, `content`, `send_at`, `change_at`, `changed`) VALUES ('174', '3', '16', 'Est itaque dolorum tenetur ut id reiciendis.', '1998-12-31 16:20:49', '1971-11-05 12:03:14', 1);
INSERT INTO `post_comments` (`id`, `from_user_id`, `post_id`, `content`, `send_at`, `change_at`, `changed`) VALUES ('175', '4', '14', 'Facere accusamus qui et facilis.', '1988-05-08 09:37:14', '1976-10-03 04:59:34', 0);
INSERT INTO `post_comments` (`id`, `from_user_id`, `post_id`, `content`, `send_at`, `change_at`, `changed`) VALUES ('176', '8', '34', 'Ut laudantium ratione officiis aut temporibus et.', '2005-10-19 08:21:03', '1975-02-13 11:23:35', 0);
INSERT INTO `post_comments` (`id`, `from_user_id`, `post_id`, `content`, `send_at`, `change_at`, `changed`) VALUES ('177', '8', '55', 'Illum quisquam qui rerum voluptatem.', '1986-11-01 12:52:15', '1985-02-04 15:52:45', 0);
INSERT INTO `post_comments` (`id`, `from_user_id`, `post_id`, `content`, `send_at`, `change_at`, `changed`) VALUES ('178', '9', '8', 'Explicabo rerum eum quis debitis sed.', '2009-12-23 22:25:51', '1975-02-02 17:03:06', 0);
INSERT INTO `post_comments` (`id`, `from_user_id`, `post_id`, `content`, `send_at`, `change_at`, `changed`) VALUES ('179', '20', '14', 'Suscipit totam molestiae sit nihil est quia.', '1983-06-26 23:22:01', '2002-01-31 22:13:15', 0);
INSERT INTO `post_comments` (`id`, `from_user_id`, `post_id`, `content`, `send_at`, `change_at`, `changed`) VALUES ('180', '13', '33', 'Porro eveniet eum ducimus.', '2004-03-19 15:00:58', '1973-11-08 19:18:53', 0);
INSERT INTO `post_comments` (`id`, `from_user_id`, `post_id`, `content`, `send_at`, `change_at`, `changed`) VALUES ('181', '13', '25', 'Eius delectus qui quas rem quia ut.', '2010-12-11 01:32:30', '2018-08-05 03:14:42', 0);
INSERT INTO `post_comments` (`id`, `from_user_id`, `post_id`, `content`, `send_at`, `change_at`, `changed`) VALUES ('182', '19', '87', 'Quia ut in assumenda nihil vero facere molestiae.', '1971-10-08 19:56:27', '2016-07-27 03:44:34', 0);
INSERT INTO `post_comments` (`id`, `from_user_id`, `post_id`, `content`, `send_at`, `change_at`, `changed`) VALUES ('183', '2', '8', 'Quam occaecati modi repellendus quo quam.', '1980-12-17 11:27:35', '2016-01-12 09:02:48', 0);
INSERT INTO `post_comments` (`id`, `from_user_id`, `post_id`, `content`, `send_at`, `change_at`, `changed`) VALUES ('184', '9', '15', 'Aut commodi sed et.', '2006-11-15 20:47:07', '2010-12-28 03:26:43', 0);
INSERT INTO `post_comments` (`id`, `from_user_id`, `post_id`, `content`, `send_at`, `change_at`, `changed`) VALUES ('185', '2', '79', 'Officia fuga officia quia alias magnam.', '1995-09-05 01:17:43', '2002-09-04 18:31:12', 1);
INSERT INTO `post_comments` (`id`, `from_user_id`, `post_id`, `content`, `send_at`, `change_at`, `changed`) VALUES ('186', '13', '57', 'Eos eos eius quibusdam voluptas.', '2020-02-23 10:59:06', '2015-04-28 13:36:50', 0);
INSERT INTO `post_comments` (`id`, `from_user_id`, `post_id`, `content`, `send_at`, `change_at`, `changed`) VALUES ('187', '18', '99', 'Nam quos saepe quos.', '1976-11-12 18:17:21', '1981-06-16 13:31:32', 0);
INSERT INTO `post_comments` (`id`, `from_user_id`, `post_id`, `content`, `send_at`, `change_at`, `changed`) VALUES ('188', '6', '71', 'Accusamus vel nemo nostrum.', '1970-01-27 03:10:59', '1984-08-22 12:00:14', 0);
INSERT INTO `post_comments` (`id`, `from_user_id`, `post_id`, `content`, `send_at`, `change_at`, `changed`) VALUES ('189', '17', '38', 'Ut saepe facilis possimus tempora autem.', '1979-12-28 02:16:33', '2007-09-18 23:30:08', 0);
INSERT INTO `post_comments` (`id`, `from_user_id`, `post_id`, `content`, `send_at`, `change_at`, `changed`) VALUES ('190', '18', '1', 'Temporibus eum quibusdam et.', '1994-06-22 08:58:43', '1994-05-12 15:22:09', 0);
INSERT INTO `post_comments` (`id`, `from_user_id`, `post_id`, `content`, `send_at`, `change_at`, `changed`) VALUES ('191', '11', '26', 'Quo eum eligendi tenetur.', '1983-02-17 14:58:43', '2020-03-27 10:46:11', 0);
INSERT INTO `post_comments` (`id`, `from_user_id`, `post_id`, `content`, `send_at`, `change_at`, `changed`) VALUES ('192', '7', '90', 'Dolorem blanditiis doloribus natus.', '2000-05-16 08:18:14', '1991-10-14 07:39:34', 0);
INSERT INTO `post_comments` (`id`, `from_user_id`, `post_id`, `content`, `send_at`, `change_at`, `changed`) VALUES ('193', '17', '75', 'Rerum corrupti velit qui nostrum blanditiis et.', '2018-07-11 19:06:37', '1992-11-18 23:35:24', 0);
INSERT INTO `post_comments` (`id`, `from_user_id`, `post_id`, `content`, `send_at`, `change_at`, `changed`) VALUES ('194', '20', '79', 'Non cupiditate quae culpa accusamus rerum.', '1999-05-14 16:58:51', '2017-11-06 13:54:19', 0);
INSERT INTO `post_comments` (`id`, `from_user_id`, `post_id`, `content`, `send_at`, `change_at`, `changed`) VALUES ('195', '18', '59', 'Accusamus vel recusandae dolor.', '2004-04-12 21:58:43', '2001-03-09 12:19:43', 0);
INSERT INTO `post_comments` (`id`, `from_user_id`, `post_id`, `content`, `send_at`, `change_at`, `changed`) VALUES ('196', '3', '49', 'Recusandae porro ea dolores velit explicabo non.', '1972-05-09 12:54:38', '1985-04-24 15:13:47', 0);
INSERT INTO `post_comments` (`id`, `from_user_id`, `post_id`, `content`, `send_at`, `change_at`, `changed`) VALUES ('197', '17', '7', 'Doloribus harum quaerat sunt alias.', '1991-02-25 08:34:23', '2013-12-27 02:16:46', 0);
INSERT INTO `post_comments` (`id`, `from_user_id`, `post_id`, `content`, `send_at`, `change_at`, `changed`) VALUES ('198', '8', '93', 'Sit animi aut tempore autem quibusdam.', '2017-05-31 17:59:47', '1995-08-25 00:20:18', 0);
INSERT INTO `post_comments` (`id`, `from_user_id`, `post_id`, `content`, `send_at`, `change_at`, `changed`) VALUES ('199', '3', '77', 'Qui repellat aspernatur quis.', '2019-09-27 04:06:04', '1986-01-02 21:45:56', 1);
INSERT INTO `post_comments` (`id`, `from_user_id`, `post_id`, `content`, `send_at`, `change_at`, `changed`) VALUES ('200', '2', '24', 'Iusto et harum dolorum.', '1983-10-15 10:49:22', '2008-02-14 16:05:43', 0);
INSERT INTO `post_comments` (`id`, `from_user_id`, `post_id`, `content`, `send_at`, `change_at`, `changed`) VALUES ('201', '11', '68', 'Velit illo quia maiores delectus aut rerum eos.', '1999-08-16 16:09:02', '1982-07-07 17:55:02', 0);
INSERT INTO `post_comments` (`id`, `from_user_id`, `post_id`, `content`, `send_at`, `change_at`, `changed`) VALUES ('202', '17', '42', 'Reiciendis sit earum a magni et.', '1971-09-08 12:46:23', '2004-06-01 02:52:02', 0);
INSERT INTO `post_comments` (`id`, `from_user_id`, `post_id`, `content`, `send_at`, `change_at`, `changed`) VALUES ('203', '14', '6', 'Provident quos aspernatur voluptatibus quae.', '1999-12-15 23:57:24', '1995-09-23 10:28:32', 1);
INSERT INTO `post_comments` (`id`, `from_user_id`, `post_id`, `content`, `send_at`, `change_at`, `changed`) VALUES ('204', '3', '49', 'Nobis ut ut ipsam occaecati aut.', '2005-11-01 07:14:27', '1989-08-27 02:37:02', 0);
INSERT INTO `post_comments` (`id`, `from_user_id`, `post_id`, `content`, `send_at`, `change_at`, `changed`) VALUES ('205', '9', '99', 'Neque odio vel sed consequuntur laborum.', '2018-01-09 12:58:34', '2016-04-05 03:26:28', 0);
INSERT INTO `post_comments` (`id`, `from_user_id`, `post_id`, `content`, `send_at`, `change_at`, `changed`) VALUES ('206', '10', '94', 'Iusto corrupti fugit odio enim consequatur.', '1978-12-19 14:01:26', '2000-02-12 16:30:30', 1);
INSERT INTO `post_comments` (`id`, `from_user_id`, `post_id`, `content`, `send_at`, `change_at`, `changed`) VALUES ('207', '5', '84', 'Doloremque illum id consectetur enim voluptas.', '2000-11-12 11:16:07', '1976-03-28 08:21:05', 0);
INSERT INTO `post_comments` (`id`, `from_user_id`, `post_id`, `content`, `send_at`, `change_at`, `changed`) VALUES ('208', '17', '4', 'Adipisci et qui quis error.', '2016-01-02 04:01:00', '2011-12-21 17:35:32', 0);
INSERT INTO `post_comments` (`id`, `from_user_id`, `post_id`, `content`, `send_at`, `change_at`, `changed`) VALUES ('209', '12', '81', 'Deserunt nam ipsam recusandae nam in quos dolor.', '1988-06-27 17:02:54', '2005-08-10 00:12:10', 0);
INSERT INTO `post_comments` (`id`, `from_user_id`, `post_id`, `content`, `send_at`, `change_at`, `changed`) VALUES ('210', '17', '46', 'Ex est consequatur asperiores deserunt itaque.', '2005-05-02 06:43:58', '1997-05-23 23:40:09', 0);
INSERT INTO `post_comments` (`id`, `from_user_id`, `post_id`, `content`, `send_at`, `change_at`, `changed`) VALUES ('211', '8', '95', 'Qui quis temporibus nobis ducimus.', '1985-06-06 03:19:03', '1972-02-28 08:07:21', 0);
INSERT INTO `post_comments` (`id`, `from_user_id`, `post_id`, `content`, `send_at`, `change_at`, `changed`) VALUES ('212', '19', '23', 'Doloremque autem dignissimos ea illum eos.', '2012-02-20 11:26:43', '1998-04-18 04:33:32', 0);
INSERT INTO `post_comments` (`id`, `from_user_id`, `post_id`, `content`, `send_at`, `change_at`, `changed`) VALUES ('213', '1', '31', 'Dolores repellendus eum ea perferendis sit.', '1993-11-27 10:52:31', '2015-10-16 06:36:01', 0);
INSERT INTO `post_comments` (`id`, `from_user_id`, `post_id`, `content`, `send_at`, `change_at`, `changed`) VALUES ('214', '3', '15', 'In et distinctio nemo voluptas quam.', '1986-03-07 09:27:11', '2002-12-20 05:03:06', 0);
INSERT INTO `post_comments` (`id`, `from_user_id`, `post_id`, `content`, `send_at`, `change_at`, `changed`) VALUES ('215', '2', '21', 'Illum assumenda consequatur quo est omnis amet.', '2009-10-15 18:05:10', '1971-04-26 06:46:29', 0);
INSERT INTO `post_comments` (`id`, `from_user_id`, `post_id`, `content`, `send_at`, `change_at`, `changed`) VALUES ('216', '8', '61', 'Quis aperiam et accusantium enim vel.', '1974-09-09 05:49:51', '2002-01-21 00:22:11', 0);
INSERT INTO `post_comments` (`id`, `from_user_id`, `post_id`, `content`, `send_at`, `change_at`, `changed`) VALUES ('217', '18', '18', 'Quisquam dolor et nobis reprehenderit impedit.', '1993-08-19 18:07:43', '2001-04-16 20:09:22', 0);
INSERT INTO `post_comments` (`id`, `from_user_id`, `post_id`, `content`, `send_at`, `change_at`, `changed`) VALUES ('218', '1', '54', 'Aut unde laboriosam vitae quia doloribus eius ex.', '2018-09-02 01:59:06', '1987-06-09 21:37:33', 0);
INSERT INTO `post_comments` (`id`, `from_user_id`, `post_id`, `content`, `send_at`, `change_at`, `changed`) VALUES ('219', '5', '16', 'Est officiis quis amet beatae assumenda.', '2006-01-17 08:57:42', '1986-08-28 07:28:08', 0);
INSERT INTO `post_comments` (`id`, `from_user_id`, `post_id`, `content`, `send_at`, `change_at`, `changed`) VALUES ('220', '1', '67', 'Nobis adipisci dignissimos ratione dolore.', '2013-10-11 01:27:46', '2010-03-26 19:00:12', 1);
INSERT INTO `post_comments` (`id`, `from_user_id`, `post_id`, `content`, `send_at`, `change_at`, `changed`) VALUES ('221', '3', '53', 'Tempore voluptas animi dolores voluptas id.', '1970-07-31 17:19:40', '2015-12-28 06:32:15', 0);
INSERT INTO `post_comments` (`id`, `from_user_id`, `post_id`, `content`, `send_at`, `change_at`, `changed`) VALUES ('222', '12', '38', 'Exercitationem tempore ut molestias mollitia aut.', '1993-01-05 08:08:51', '2009-04-20 23:08:51', 0);
INSERT INTO `post_comments` (`id`, `from_user_id`, `post_id`, `content`, `send_at`, `change_at`, `changed`) VALUES ('223', '8', '43', 'Quo id repudiandae veniam placeat animi.', '2012-02-05 07:19:09', '1995-03-21 11:43:56', 0);
INSERT INTO `post_comments` (`id`, `from_user_id`, `post_id`, `content`, `send_at`, `change_at`, `changed`) VALUES ('224', '9', '95', 'Aliquid temporibus iure et eos hic accusamus.', '1987-03-22 03:53:34', '1989-04-11 04:14:45', 0);
INSERT INTO `post_comments` (`id`, `from_user_id`, `post_id`, `content`, `send_at`, `change_at`, `changed`) VALUES ('225', '5', '25', 'Illum illum voluptatem est animi non assumenda.', '1992-11-23 13:19:49', '2003-09-19 17:42:40', 0);
INSERT INTO `post_comments` (`id`, `from_user_id`, `post_id`, `content`, `send_at`, `change_at`, `changed`) VALUES ('226', '9', '63', 'Et aut voluptatem ipsum ab ex similique officiis.', '1977-06-09 08:08:56', '1978-10-30 17:44:15', 1);
INSERT INTO `post_comments` (`id`, `from_user_id`, `post_id`, `content`, `send_at`, `change_at`, `changed`) VALUES ('227', '4', '36', 'At iusto velit quo perferendis tempora qui vero.', '2020-06-19 15:07:38', '1980-09-14 10:18:45', 0);
INSERT INTO `post_comments` (`id`, `from_user_id`, `post_id`, `content`, `send_at`, `change_at`, `changed`) VALUES ('228', '17', '19', 'Voluptate dolor deleniti odio.', '1985-05-20 05:01:57', '1975-06-09 02:20:01', 1);
INSERT INTO `post_comments` (`id`, `from_user_id`, `post_id`, `content`, `send_at`, `change_at`, `changed`) VALUES ('229', '14', '100', 'Iste iste veritatis maxime aut iure delectus.', '2016-06-16 20:12:54', '1998-05-31 15:49:53', 0);
INSERT INTO `post_comments` (`id`, `from_user_id`, `post_id`, `content`, `send_at`, `change_at`, `changed`) VALUES ('230', '7', '73', 'Omnis dolorem provident quos autem.', '1995-02-03 22:29:30', '1999-09-09 09:47:57', 1);
INSERT INTO `post_comments` (`id`, `from_user_id`, `post_id`, `content`, `send_at`, `change_at`, `changed`) VALUES ('231', '4', '71', 'Facere exercitationem eligendi esse omnis sed.', '1983-06-04 19:01:12', '2001-06-20 08:21:06', 0);
INSERT INTO `post_comments` (`id`, `from_user_id`, `post_id`, `content`, `send_at`, `change_at`, `changed`) VALUES ('232', '7', '8', 'Incidunt eos accusamus ut non.', '2014-04-23 16:22:32', '2003-12-15 09:39:11', 0);
INSERT INTO `post_comments` (`id`, `from_user_id`, `post_id`, `content`, `send_at`, `change_at`, `changed`) VALUES ('233', '18', '36', 'Aut omnis dolorem enim a voluptatum id.', '1994-10-14 19:56:41', '1979-12-31 08:01:00', 0);
INSERT INTO `post_comments` (`id`, `from_user_id`, `post_id`, `content`, `send_at`, `change_at`, `changed`) VALUES ('234', '13', '12', 'Laboriosam magnam iure pariatur numquam.', '2002-01-11 16:21:09', '2019-01-08 16:12:39', 0);
INSERT INTO `post_comments` (`id`, `from_user_id`, `post_id`, `content`, `send_at`, `change_at`, `changed`) VALUES ('235', '11', '65', 'Nostrum nemo consequatur quae magnam.', '2004-08-25 15:01:53', '1985-04-11 12:33:18', 0);
INSERT INTO `post_comments` (`id`, `from_user_id`, `post_id`, `content`, `send_at`, `change_at`, `changed`) VALUES ('236', '16', '65', 'Quia in ab dolor autem suscipit tempora atque ut.', '2018-02-11 17:42:27', '1970-07-05 23:06:31', 0);
INSERT INTO `post_comments` (`id`, `from_user_id`, `post_id`, `content`, `send_at`, `change_at`, `changed`) VALUES ('237', '4', '38', 'Accusantium quia nihil voluptatem ea.', '1999-07-20 03:55:50', '1994-08-26 02:33:10', 0);
INSERT INTO `post_comments` (`id`, `from_user_id`, `post_id`, `content`, `send_at`, `change_at`, `changed`) VALUES ('238', '1', '53', 'Dolor rerum quo voluptatem consequatur nisi sunt.', '2014-12-06 06:28:33', '2016-05-30 06:38:11', 0);
INSERT INTO `post_comments` (`id`, `from_user_id`, `post_id`, `content`, `send_at`, `change_at`, `changed`) VALUES ('239', '17', '45', 'Eaque sint harum eum incidunt.', '1970-03-09 05:05:56', '1985-07-19 14:56:18', 0);
INSERT INTO `post_comments` (`id`, `from_user_id`, `post_id`, `content`, `send_at`, `change_at`, `changed`) VALUES ('240', '10', '4', 'Dolore quia sit libero fuga nisi.', '2017-08-07 02:15:52', '1996-10-22 10:00:11', 0);
INSERT INTO `post_comments` (`id`, `from_user_id`, `post_id`, `content`, `send_at`, `change_at`, `changed`) VALUES ('241', '14', '87', 'Est repudiandae est tempora vitae quos.', '2015-11-29 06:26:19', '2000-06-17 05:42:29', 0);
INSERT INTO `post_comments` (`id`, `from_user_id`, `post_id`, `content`, `send_at`, `change_at`, `changed`) VALUES ('242', '14', '87', 'Porro magnam commodi perferendis quia et.', '2012-02-17 21:20:24', '2013-09-29 20:42:43', 0);
INSERT INTO `post_comments` (`id`, `from_user_id`, `post_id`, `content`, `send_at`, `change_at`, `changed`) VALUES ('243', '5', '51', 'Aut sint consequuntur libero aperiam.', '2012-10-12 18:58:32', '1993-07-29 06:58:28', 0);
INSERT INTO `post_comments` (`id`, `from_user_id`, `post_id`, `content`, `send_at`, `change_at`, `changed`) VALUES ('244', '2', '88', 'Sunt earum labore consequuntur ea assumenda.', '1974-12-18 22:37:47', '2009-02-27 21:40:41', 0);
INSERT INTO `post_comments` (`id`, `from_user_id`, `post_id`, `content`, `send_at`, `change_at`, `changed`) VALUES ('245', '10', '39', 'Nihil fugit recusandae quos.', '2005-10-18 04:47:11', '2007-11-02 05:32:31', 0);
INSERT INTO `post_comments` (`id`, `from_user_id`, `post_id`, `content`, `send_at`, `change_at`, `changed`) VALUES ('246', '12', '70', 'Rerum quia quisquam alias praesentium.', '2010-02-10 17:29:48', '2018-10-24 22:00:11', 0);
INSERT INTO `post_comments` (`id`, `from_user_id`, `post_id`, `content`, `send_at`, `change_at`, `changed`) VALUES ('247', '2', '92', 'Sunt in qui est officiis.', '1974-04-10 02:00:11', '1996-11-02 23:36:51', 0);
INSERT INTO `post_comments` (`id`, `from_user_id`, `post_id`, `content`, `send_at`, `change_at`, `changed`) VALUES ('248', '16', '99', 'Voluptatem enim autem esse deserunt harum.', '1989-07-30 17:28:46', '1994-07-21 17:45:13', 0);
INSERT INTO `post_comments` (`id`, `from_user_id`, `post_id`, `content`, `send_at`, `change_at`, `changed`) VALUES ('249', '6', '39', 'Vero dignissimos et ullam dolor.', '2010-11-05 00:57:07', '2003-05-06 21:00:40', 1);
INSERT INTO `post_comments` (`id`, `from_user_id`, `post_id`, `content`, `send_at`, `change_at`, `changed`) VALUES ('250', '2', '79', 'Et consequatur aut maxime hic.', '1993-02-19 09:18:20', '2008-11-12 07:13:07', 1);
INSERT INTO `post_comments` (`id`, `from_user_id`, `post_id`, `content`, `send_at`, `change_at`, `changed`) VALUES ('251', '1', '89', 'Voluptas excepturi nemo corporis cupiditate qui.', '2015-12-23 22:59:59', '1996-10-15 23:48:05', 1);
INSERT INTO `post_comments` (`id`, `from_user_id`, `post_id`, `content`, `send_at`, `change_at`, `changed`) VALUES ('252', '9', '19', 'Doloribus voluptatem qui nihil recusandae.', '1975-05-15 06:45:14', '2005-02-09 08:33:49', 0);
INSERT INTO `post_comments` (`id`, `from_user_id`, `post_id`, `content`, `send_at`, `change_at`, `changed`) VALUES ('253', '6', '47', 'Neque in tempore commodi et.', '1996-02-20 19:52:30', '1978-12-01 06:46:23', 0);
INSERT INTO `post_comments` (`id`, `from_user_id`, `post_id`, `content`, `send_at`, `change_at`, `changed`) VALUES ('254', '15', '7', 'Ullam tenetur soluta autem.', '1998-09-14 03:17:07', '2008-10-11 02:57:31', 0);
INSERT INTO `post_comments` (`id`, `from_user_id`, `post_id`, `content`, `send_at`, `change_at`, `changed`) VALUES ('255', '19', '18', 'Dignissimos accusantium ut quae sit voluptatem.', '2003-01-14 04:17:02', '1975-12-24 22:36:36', 1);
INSERT INTO `post_comments` (`id`, `from_user_id`, `post_id`, `content`, `send_at`, `change_at`, `changed`) VALUES ('256', '2', '59', 'In nihil tenetur sit ad.', '1998-02-23 00:23:57', '2005-12-26 09:27:48', 0);
INSERT INTO `post_comments` (`id`, `from_user_id`, `post_id`, `content`, `send_at`, `change_at`, `changed`) VALUES ('257', '1', '76', 'Eius ut harum est omnis ea repellendus eos.', '1994-07-30 18:39:00', '2017-10-05 06:35:24', 0);
INSERT INTO `post_comments` (`id`, `from_user_id`, `post_id`, `content`, `send_at`, `change_at`, `changed`) VALUES ('258', '10', '26', 'Aut id quos qui pariatur est rem quo.', '2001-01-16 01:35:01', '1991-11-14 19:14:22', 0);
INSERT INTO `post_comments` (`id`, `from_user_id`, `post_id`, `content`, `send_at`, `change_at`, `changed`) VALUES ('259', '6', '52', 'Ea doloribus quia eius quibusdam.', '1984-07-27 21:42:22', '1990-11-09 18:25:21', 0);
INSERT INTO `post_comments` (`id`, `from_user_id`, `post_id`, `content`, `send_at`, `change_at`, `changed`) VALUES ('260', '3', '76', 'Hic aut velit dolore omnis.', '1980-03-16 18:41:38', '2002-05-11 23:17:53', 1);
INSERT INTO `post_comments` (`id`, `from_user_id`, `post_id`, `content`, `send_at`, `change_at`, `changed`) VALUES ('261', '19', '72', 'Ex sit amet ut blanditiis quam accusantium aut.', '2018-07-10 11:24:11', '1983-09-11 00:55:52', 0);
INSERT INTO `post_comments` (`id`, `from_user_id`, `post_id`, `content`, `send_at`, `change_at`, `changed`) VALUES ('262', '10', '1', 'Illum cupiditate sed in iure.', '1974-12-05 22:48:26', '1979-04-19 15:58:24', 0);
INSERT INTO `post_comments` (`id`, `from_user_id`, `post_id`, `content`, `send_at`, `change_at`, `changed`) VALUES ('263', '13', '23', 'Quod consequatur vel ipsam nihil.', '2005-10-23 16:49:09', '1999-10-31 02:17:07', 0);
INSERT INTO `post_comments` (`id`, `from_user_id`, `post_id`, `content`, `send_at`, `change_at`, `changed`) VALUES ('264', '20', '91', 'Aut rerum reiciendis aut earum rem.', '2018-06-30 01:40:26', '1991-01-14 05:57:18', 0);
INSERT INTO `post_comments` (`id`, `from_user_id`, `post_id`, `content`, `send_at`, `change_at`, `changed`) VALUES ('265', '13', '8', 'Cum necessitatibus autem illum dicta natus.', '1976-04-08 23:14:50', '2002-03-05 09:29:54', 0);
INSERT INTO `post_comments` (`id`, `from_user_id`, `post_id`, `content`, `send_at`, `change_at`, `changed`) VALUES ('266', '14', '64', 'Autem quibusdam dolores aspernatur.', '1971-11-22 22:06:15', '1973-01-31 08:29:56', 1);
INSERT INTO `post_comments` (`id`, `from_user_id`, `post_id`, `content`, `send_at`, `change_at`, `changed`) VALUES ('267', '20', '13', 'Enim dolorum vel voluptatem aut velit ex.', '1973-08-23 11:14:34', '1973-08-01 20:52:06', 1);
INSERT INTO `post_comments` (`id`, `from_user_id`, `post_id`, `content`, `send_at`, `change_at`, `changed`) VALUES ('268', '17', '22', 'Magni commodi quidem neque vitae id eos.', '2004-12-17 13:43:00', '1976-04-01 19:54:35', 1);
INSERT INTO `post_comments` (`id`, `from_user_id`, `post_id`, `content`, `send_at`, `change_at`, `changed`) VALUES ('269', '12', '54', 'Qui facilis deleniti deleniti fugit velit ad.', '1993-08-13 09:13:52', '1993-05-24 23:22:31', 0);
INSERT INTO `post_comments` (`id`, `from_user_id`, `post_id`, `content`, `send_at`, `change_at`, `changed`) VALUES ('270', '6', '49', 'Porro sunt ut id nulla architecto aut quos ut.', '2017-03-22 00:47:23', '2005-06-29 00:11:41', 1);
INSERT INTO `post_comments` (`id`, `from_user_id`, `post_id`, `content`, `send_at`, `change_at`, `changed`) VALUES ('271', '15', '38', 'Est quo sapiente vel aliquam dolorem.', '2016-02-07 17:43:00', '1977-12-22 09:05:35', 0);
INSERT INTO `post_comments` (`id`, `from_user_id`, `post_id`, `content`, `send_at`, `change_at`, `changed`) VALUES ('272', '2', '74', 'Vel modi recusandae adipisci et nulla ea iusto.', '1984-04-29 21:25:42', '1988-09-08 02:53:12', 0);
INSERT INTO `post_comments` (`id`, `from_user_id`, `post_id`, `content`, `send_at`, `change_at`, `changed`) VALUES ('273', '3', '54', 'Non ea sed sunt quia consequatur.', '1988-07-06 19:04:39', '2001-02-10 18:37:59', 1);
INSERT INTO `post_comments` (`id`, `from_user_id`, `post_id`, `content`, `send_at`, `change_at`, `changed`) VALUES ('274', '20', '40', 'Quam laudantium et aut.', '1990-01-20 16:41:26', '1973-12-02 14:31:32', 0);
INSERT INTO `post_comments` (`id`, `from_user_id`, `post_id`, `content`, `send_at`, `change_at`, `changed`) VALUES ('275', '1', '11', 'Et assumenda modi sed autem totam.', '1990-03-03 22:17:27', '2016-01-04 15:42:03', 0);
INSERT INTO `post_comments` (`id`, `from_user_id`, `post_id`, `content`, `send_at`, `change_at`, `changed`) VALUES ('276', '3', '96', 'Ullam labore ea nihil provident.', '2008-08-17 14:34:35', '1998-12-31 17:36:21', 0);
INSERT INTO `post_comments` (`id`, `from_user_id`, `post_id`, `content`, `send_at`, `change_at`, `changed`) VALUES ('277', '17', '61', 'Veritatis nihil sit possimus accusamus voluptas.', '1989-09-20 23:41:50', '2005-09-25 06:03:27', 1);
INSERT INTO `post_comments` (`id`, `from_user_id`, `post_id`, `content`, `send_at`, `change_at`, `changed`) VALUES ('278', '20', '46', 'Hic deserunt itaque placeat error.', '1984-01-19 17:02:17', '2008-12-13 20:11:50', 0);
INSERT INTO `post_comments` (`id`, `from_user_id`, `post_id`, `content`, `send_at`, `change_at`, `changed`) VALUES ('279', '17', '94', 'Suscipit dolore ad rerum sit exercitationem.', '1994-04-25 11:00:40', '1990-03-19 12:31:31', 0);
INSERT INTO `post_comments` (`id`, `from_user_id`, `post_id`, `content`, `send_at`, `change_at`, `changed`) VALUES ('280', '8', '44', 'Omnis ipsa pariatur vel perspiciatis.', '1975-10-17 21:12:45', '1996-11-16 00:56:19', 0);
INSERT INTO `post_comments` (`id`, `from_user_id`, `post_id`, `content`, `send_at`, `change_at`, `changed`) VALUES ('281', '1', '5', 'Ut sed quam et eaque ipsum et.', '1998-04-28 14:20:52', '2006-02-08 17:54:29', 0);
INSERT INTO `post_comments` (`id`, `from_user_id`, `post_id`, `content`, `send_at`, `change_at`, `changed`) VALUES ('282', '2', '98', 'Veniam ab dolore beatae.', '1985-08-09 13:34:14', '1985-09-20 21:19:24', 0);
INSERT INTO `post_comments` (`id`, `from_user_id`, `post_id`, `content`, `send_at`, `change_at`, `changed`) VALUES ('283', '4', '89', 'Id magnam rem sint quae reiciendis accusamus.', '2005-04-14 17:20:17', '2017-12-21 08:30:34', 0);
INSERT INTO `post_comments` (`id`, `from_user_id`, `post_id`, `content`, `send_at`, `change_at`, `changed`) VALUES ('284', '4', '75', 'Eos deleniti sunt numquam tempora.', '2004-09-15 02:26:37', '2007-10-08 00:22:10', 0);
INSERT INTO `post_comments` (`id`, `from_user_id`, `post_id`, `content`, `send_at`, `change_at`, `changed`) VALUES ('285', '9', '48', 'Labore ut in enim enim.', '1985-07-03 04:21:18', '2020-01-02 08:40:12', 0);
INSERT INTO `post_comments` (`id`, `from_user_id`, `post_id`, `content`, `send_at`, `change_at`, `changed`) VALUES ('286', '5', '13', 'Nesciunt animi sed vel similique qui non.', '1997-04-17 04:47:34', '2006-09-23 14:33:23', 0);
INSERT INTO `post_comments` (`id`, `from_user_id`, `post_id`, `content`, `send_at`, `change_at`, `changed`) VALUES ('287', '17', '31', 'Voluptatem assumenda ut sunt nam.', '2018-11-14 18:14:42', '1979-07-21 10:00:57', 0);
INSERT INTO `post_comments` (`id`, `from_user_id`, `post_id`, `content`, `send_at`, `change_at`, `changed`) VALUES ('288', '18', '98', 'Praesentium odio ut ipsum aut nulla minus ipsam.', '2014-10-31 15:30:36', '1987-03-22 23:34:58', 0);
INSERT INTO `post_comments` (`id`, `from_user_id`, `post_id`, `content`, `send_at`, `change_at`, `changed`) VALUES ('289', '17', '85', 'Nemo voluptatem et rem tempora sint sunt.', '2015-12-20 19:25:44', '1976-04-11 03:45:33', 0);
INSERT INTO `post_comments` (`id`, `from_user_id`, `post_id`, `content`, `send_at`, `change_at`, `changed`) VALUES ('290', '8', '89', 'Earum voluptates quidem amet quo aut vel.', '1995-09-29 20:02:51', '1979-06-02 09:43:35', 0);
INSERT INTO `post_comments` (`id`, `from_user_id`, `post_id`, `content`, `send_at`, `change_at`, `changed`) VALUES ('291', '20', '53', 'Voluptatum iusto voluptatem qui nihil suscipit.', '2012-03-17 00:46:11', '2014-12-12 01:57:32', 0);
INSERT INTO `post_comments` (`id`, `from_user_id`, `post_id`, `content`, `send_at`, `change_at`, `changed`) VALUES ('292', '17', '78', 'Quae minima numquam quas totam.', '1988-03-10 20:13:20', '2002-09-29 23:17:51', 0);
INSERT INTO `post_comments` (`id`, `from_user_id`, `post_id`, `content`, `send_at`, `change_at`, `changed`) VALUES ('293', '3', '79', 'Cum beatae sequi totam tempore.', '2016-03-19 15:33:32', '1992-05-16 05:43:02', 0);
INSERT INTO `post_comments` (`id`, `from_user_id`, `post_id`, `content`, `send_at`, `change_at`, `changed`) VALUES ('294', '5', '95', 'Saepe vero consequuntur at fuga.', '1971-03-20 00:39:10', '2019-05-11 06:56:44', 0);
INSERT INTO `post_comments` (`id`, `from_user_id`, `post_id`, `content`, `send_at`, `change_at`, `changed`) VALUES ('295', '15', '59', 'Qui iusto ex vel eos.', '1970-07-06 06:29:49', '2009-01-11 05:03:18', 0);
INSERT INTO `post_comments` (`id`, `from_user_id`, `post_id`, `content`, `send_at`, `change_at`, `changed`) VALUES ('296', '8', '74', 'Adipisci quae voluptate aperiam magni.', '1997-12-15 09:40:29', '1993-04-26 10:14:44', 0);
INSERT INTO `post_comments` (`id`, `from_user_id`, `post_id`, `content`, `send_at`, `change_at`, `changed`) VALUES ('297', '13', '45', 'Quasi non dolorem deserunt in.', '1992-01-30 04:15:39', '1986-04-18 02:05:07', 0);
INSERT INTO `post_comments` (`id`, `from_user_id`, `post_id`, `content`, `send_at`, `change_at`, `changed`) VALUES ('298', '15', '80', 'Recusandae ut accusantium error.', '1971-04-05 20:25:13', '1982-12-01 12:55:26', 0);
INSERT INTO `post_comments` (`id`, `from_user_id`, `post_id`, `content`, `send_at`, `change_at`, `changed`) VALUES ('299', '7', '90', 'In qui sunt eligendi sed commodi unde maiores.', '1989-08-27 20:19:54', '1970-07-14 04:53:20', 0);
INSERT INTO `post_comments` (`id`, `from_user_id`, `post_id`, `content`, `send_at`, `change_at`, `changed`) VALUES ('300', '11', '76', 'Ipsum minus qui debitis ipsa qui omnis.', '1979-07-11 02:03:46', '1970-09-23 06:30:08', 0);
INSERT INTO `post_comments` (`id`, `from_user_id`, `post_id`, `content`, `send_at`, `change_at`, `changed`) VALUES ('301', '8', '78', 'Esse qui iusto velit quod.', '2010-06-24 20:36:26', '1996-08-04 12:35:53', 0);
INSERT INTO `post_comments` (`id`, `from_user_id`, `post_id`, `content`, `send_at`, `change_at`, `changed`) VALUES ('302', '18', '22', 'Ea sit voluptatem tempore ab.', '1986-11-15 23:15:13', '1998-02-10 20:52:14', 0);
INSERT INTO `post_comments` (`id`, `from_user_id`, `post_id`, `content`, `send_at`, `change_at`, `changed`) VALUES ('303', '2', '74', 'Sapiente est itaque veniam id esse consequatur.', '2008-11-27 08:39:10', '1977-01-19 23:48:33', 0);
INSERT INTO `post_comments` (`id`, `from_user_id`, `post_id`, `content`, `send_at`, `change_at`, `changed`) VALUES ('304', '4', '92', 'Cum cupiditate mollitia fuga nulla.', '2012-11-09 04:38:22', '1976-03-18 13:24:55', 0);
INSERT INTO `post_comments` (`id`, `from_user_id`, `post_id`, `content`, `send_at`, `change_at`, `changed`) VALUES ('305', '12', '57', 'Sunt illum facere mollitia.', '1991-03-19 10:08:29', '1975-05-10 18:24:18', 0);
INSERT INTO `post_comments` (`id`, `from_user_id`, `post_id`, `content`, `send_at`, `change_at`, `changed`) VALUES ('306', '17', '54', 'Autem quis dolorum necessitatibus aut.', '1997-04-07 20:59:56', '1982-12-13 19:08:15', 0);
INSERT INTO `post_comments` (`id`, `from_user_id`, `post_id`, `content`, `send_at`, `change_at`, `changed`) VALUES ('307', '2', '64', 'Iste deserunt aut iure facere sint ea.', '2015-07-18 08:44:32', '2014-11-16 16:23:37', 0);
INSERT INTO `post_comments` (`id`, `from_user_id`, `post_id`, `content`, `send_at`, `change_at`, `changed`) VALUES ('308', '7', '21', 'Dicta inventore ab porro ex ad dolorum fugiat.', '1978-11-28 10:23:00', '1977-04-03 08:45:22', 0);
INSERT INTO `post_comments` (`id`, `from_user_id`, `post_id`, `content`, `send_at`, `change_at`, `changed`) VALUES ('309', '9', '55', 'Sed rerum quod corporis at.', '2002-04-06 18:56:09', '1971-04-09 12:59:32', 0);
INSERT INTO `post_comments` (`id`, `from_user_id`, `post_id`, `content`, `send_at`, `change_at`, `changed`) VALUES ('310', '3', '15', 'Sed magnam similique in suscipit qui.', '2009-06-06 02:26:32', '1989-01-11 19:25:19', 0);
INSERT INTO `post_comments` (`id`, `from_user_id`, `post_id`, `content`, `send_at`, `change_at`, `changed`) VALUES ('311', '3', '53', 'Debitis vel facilis eum odit.', '2005-12-26 04:11:01', '1984-12-15 03:16:58', 0);
INSERT INTO `post_comments` (`id`, `from_user_id`, `post_id`, `content`, `send_at`, `change_at`, `changed`) VALUES ('312', '18', '77', 'Nihil mollitia nam odio veniam.', '1981-06-21 11:51:43', '1992-02-15 22:34:19', 0);
INSERT INTO `post_comments` (`id`, `from_user_id`, `post_id`, `content`, `send_at`, `change_at`, `changed`) VALUES ('313', '20', '58', 'Excepturi molestias optio saepe et facilis.', '1976-08-22 06:08:09', '2010-03-11 16:33:17', 0);
INSERT INTO `post_comments` (`id`, `from_user_id`, `post_id`, `content`, `send_at`, `change_at`, `changed`) VALUES ('314', '12', '30', 'Deleniti quibusdam voluptatem recusandae harum.', '2003-11-17 21:56:15', '2006-09-06 13:23:11', 0);
INSERT INTO `post_comments` (`id`, `from_user_id`, `post_id`, `content`, `send_at`, `change_at`, `changed`) VALUES ('315', '10', '10', 'Sed facilis omnis et quos.', '2008-07-15 18:00:30', '1986-12-08 21:56:42', 0);
INSERT INTO `post_comments` (`id`, `from_user_id`, `post_id`, `content`, `send_at`, `change_at`, `changed`) VALUES ('316', '1', '85', 'Reprehenderit nisi inventore est.', '1996-02-24 08:54:46', '1997-11-17 17:30:02', 1);
INSERT INTO `post_comments` (`id`, `from_user_id`, `post_id`, `content`, `send_at`, `change_at`, `changed`) VALUES ('317', '18', '92', 'Sed rerum ex praesentium.', '2007-04-21 04:44:34', '1991-01-26 02:12:45', 1);
INSERT INTO `post_comments` (`id`, `from_user_id`, `post_id`, `content`, `send_at`, `change_at`, `changed`) VALUES ('318', '2', '95', 'Et ad rerum rerum occaecati eius.', '1999-01-29 17:25:35', '1985-08-06 15:32:47', 1);
INSERT INTO `post_comments` (`id`, `from_user_id`, `post_id`, `content`, `send_at`, `change_at`, `changed`) VALUES ('319', '13', '25', 'Totam in ab nemo voluptatibus est.', '1984-06-24 07:06:54', '2003-06-05 13:49:01', 0);
INSERT INTO `post_comments` (`id`, `from_user_id`, `post_id`, `content`, `send_at`, `change_at`, `changed`) VALUES ('320', '18', '23', 'Nisi voluptatum perspiciatis porro.', '1982-12-26 01:43:08', '2002-10-24 20:51:00', 0);
INSERT INTO `post_comments` (`id`, `from_user_id`, `post_id`, `content`, `send_at`, `change_at`, `changed`) VALUES ('321', '17', '66', 'Beatae est sed unde omnis quidem.', '1992-01-13 03:32:41', '1990-02-28 23:17:22', 0);
INSERT INTO `post_comments` (`id`, `from_user_id`, `post_id`, `content`, `send_at`, `change_at`, `changed`) VALUES ('322', '16', '89', 'Porro veritatis atque tenetur.', '1975-09-20 21:35:24', '2003-07-07 22:30:27', 0);
INSERT INTO `post_comments` (`id`, `from_user_id`, `post_id`, `content`, `send_at`, `change_at`, `changed`) VALUES ('323', '6', '8', 'Ut qui aut est quod.', '1990-12-29 09:05:05', '2012-11-28 13:14:18', 0);
INSERT INTO `post_comments` (`id`, `from_user_id`, `post_id`, `content`, `send_at`, `change_at`, `changed`) VALUES ('324', '2', '72', 'Corporis quia dolor quo.', '1976-11-29 22:40:35', '2002-08-12 23:18:39', 0);
INSERT INTO `post_comments` (`id`, `from_user_id`, `post_id`, `content`, `send_at`, `change_at`, `changed`) VALUES ('325', '13', '24', 'Iure quaerat fugiat ut dolor deleniti.', '2005-05-16 20:30:14', '2008-08-04 10:33:02', 0);
INSERT INTO `post_comments` (`id`, `from_user_id`, `post_id`, `content`, `send_at`, `change_at`, `changed`) VALUES ('326', '18', '76', 'Delectus facilis hic facere quia iusto.', '1995-03-07 19:04:50', '1998-04-06 06:02:13', 0);
INSERT INTO `post_comments` (`id`, `from_user_id`, `post_id`, `content`, `send_at`, `change_at`, `changed`) VALUES ('327', '16', '74', 'Nulla optio numquam velit placeat aut sapiente.', '2010-08-24 00:31:58', '1982-01-08 12:40:22', 0);
INSERT INTO `post_comments` (`id`, `from_user_id`, `post_id`, `content`, `send_at`, `change_at`, `changed`) VALUES ('328', '11', '73', 'Nesciunt doloremque ea rerum officia dolorem.', '1974-12-04 21:39:20', '2011-11-06 19:04:35', 0);
INSERT INTO `post_comments` (`id`, `from_user_id`, `post_id`, `content`, `send_at`, `change_at`, `changed`) VALUES ('329', '7', '8', 'Ea ad porro voluptas omnis facere dolorem quia.', '2013-06-05 17:43:19', '2004-03-01 03:11:17', 1);
INSERT INTO `post_comments` (`id`, `from_user_id`, `post_id`, `content`, `send_at`, `change_at`, `changed`) VALUES ('330', '1', '79', 'Assumenda quis vero vitae perspiciatis.', '1992-03-12 09:01:39', '1991-05-04 17:06:08', 0);
INSERT INTO `post_comments` (`id`, `from_user_id`, `post_id`, `content`, `send_at`, `change_at`, `changed`) VALUES ('331', '4', '7', 'Voluptatum et at soluta deleniti recusandae odio.', '1971-04-13 04:31:43', '1989-04-07 03:11:48', 0);
INSERT INTO `post_comments` (`id`, `from_user_id`, `post_id`, `content`, `send_at`, `change_at`, `changed`) VALUES ('332', '13', '5', 'Ullam sapiente et numquam et deleniti deserunt.', '1978-07-30 06:42:40', '1990-09-03 16:18:15', 1);
INSERT INTO `post_comments` (`id`, `from_user_id`, `post_id`, `content`, `send_at`, `change_at`, `changed`) VALUES ('333', '20', '69', 'Exercitationem tempora in enim.', '1979-10-29 00:05:42', '2017-06-07 01:23:12', 0);
INSERT INTO `post_comments` (`id`, `from_user_id`, `post_id`, `content`, `send_at`, `change_at`, `changed`) VALUES ('334', '20', '63', 'Sit possimus nam minus corporis et expedita non.', '1989-04-08 01:26:25', '1980-12-07 02:28:22', 0);
INSERT INTO `post_comments` (`id`, `from_user_id`, `post_id`, `content`, `send_at`, `change_at`, `changed`) VALUES ('335', '19', '85', 'Quasi doloribus autem ab iste.', '1996-11-29 09:18:00', '1984-01-10 17:20:15', 0);
INSERT INTO `post_comments` (`id`, `from_user_id`, `post_id`, `content`, `send_at`, `change_at`, `changed`) VALUES ('336', '18', '74', 'Maxime consequatur modi cupiditate rem.', '2017-03-02 21:19:28', '1986-06-29 05:46:30', 0);
INSERT INTO `post_comments` (`id`, `from_user_id`, `post_id`, `content`, `send_at`, `change_at`, `changed`) VALUES ('337', '11', '63', 'Fugiat maiores incidunt tenetur eos eius ullam.', '2018-09-08 07:02:49', '2011-08-29 11:06:07', 1);
INSERT INTO `post_comments` (`id`, `from_user_id`, `post_id`, `content`, `send_at`, `change_at`, `changed`) VALUES ('338', '13', '80', 'Omnis vitae itaque tempora vel possimus.', '1978-09-19 00:31:25', '1979-11-23 06:16:44', 1);
INSERT INTO `post_comments` (`id`, `from_user_id`, `post_id`, `content`, `send_at`, `change_at`, `changed`) VALUES ('339', '14', '72', 'Ut ut quasi veniam sint.', '2016-04-21 04:36:16', '2012-12-22 20:22:53', 0);
INSERT INTO `post_comments` (`id`, `from_user_id`, `post_id`, `content`, `send_at`, `change_at`, `changed`) VALUES ('340', '11', '33', 'Voluptatibus praesentium ex est.', '1995-03-30 13:56:06', '2020-08-28 00:58:05', 0);
INSERT INTO `post_comments` (`id`, `from_user_id`, `post_id`, `content`, `send_at`, `change_at`, `changed`) VALUES ('341', '20', '37', 'Repellat et enim cumque fuga.', '1975-08-13 04:49:34', '1985-09-13 15:40:46', 0);
INSERT INTO `post_comments` (`id`, `from_user_id`, `post_id`, `content`, `send_at`, `change_at`, `changed`) VALUES ('342', '2', '72', 'Dolores et quisquam est perspiciatis.', '1974-05-28 08:01:26', '1996-06-06 21:27:32', 1);
INSERT INTO `post_comments` (`id`, `from_user_id`, `post_id`, `content`, `send_at`, `change_at`, `changed`) VALUES ('343', '3', '61', 'Omnis quidem vel et quia et error sit.', '1995-12-15 01:15:53', '1987-05-19 11:07:22', 0);
INSERT INTO `post_comments` (`id`, `from_user_id`, `post_id`, `content`, `send_at`, `change_at`, `changed`) VALUES ('344', '9', '42', 'Distinctio esse et ipsa labore qui.', '2000-09-27 21:41:13', '2008-06-12 08:24:20', 0);
INSERT INTO `post_comments` (`id`, `from_user_id`, `post_id`, `content`, `send_at`, `change_at`, `changed`) VALUES ('345', '14', '46', 'Non non tempore ea nihil explicabo.', '2005-12-26 00:03:45', '1984-02-27 22:57:46', 0);
INSERT INTO `post_comments` (`id`, `from_user_id`, `post_id`, `content`, `send_at`, `change_at`, `changed`) VALUES ('346', '5', '87', 'Nostrum veritatis quis non dolorem.', '1971-07-20 05:41:02', '2005-03-21 16:59:04', 0);
INSERT INTO `post_comments` (`id`, `from_user_id`, `post_id`, `content`, `send_at`, `change_at`, `changed`) VALUES ('347', '11', '84', 'Ex adipisci id distinctio id.', '2020-04-30 14:52:57', '1979-02-22 07:31:18', 0);
INSERT INTO `post_comments` (`id`, `from_user_id`, `post_id`, `content`, `send_at`, `change_at`, `changed`) VALUES ('348', '19', '50', 'Fugiat non nisi ex repellendus officia quo.', '1980-04-18 19:04:43', '2001-06-11 02:19:57', 0);
INSERT INTO `post_comments` (`id`, `from_user_id`, `post_id`, `content`, `send_at`, `change_at`, `changed`) VALUES ('349', '11', '89', 'Qui accusamus qui maiores et.', '1993-12-29 17:45:34', '1972-10-12 11:22:33', 0);
INSERT INTO `post_comments` (`id`, `from_user_id`, `post_id`, `content`, `send_at`, `change_at`, `changed`) VALUES ('350', '3', '46', 'Quidem quasi eum voluptatem et et dolorem unde.', '1987-12-31 02:08:53', '2001-10-10 19:04:49', 0);
INSERT INTO `post_comments` (`id`, `from_user_id`, `post_id`, `content`, `send_at`, `change_at`, `changed`) VALUES ('351', '15', '99', 'Qui molestias quas fugit atque quo.', '1997-05-17 02:19:51', '1980-09-11 22:42:16', 0);
INSERT INTO `post_comments` (`id`, `from_user_id`, `post_id`, `content`, `send_at`, `change_at`, `changed`) VALUES ('352', '4', '24', 'Velit id illum vitae at est cumque fugit.', '2012-12-21 04:56:17', '1990-07-13 11:20:09', 0);
INSERT INTO `post_comments` (`id`, `from_user_id`, `post_id`, `content`, `send_at`, `change_at`, `changed`) VALUES ('353', '13', '83', 'Nesciunt perferendis accusamus nesciunt.', '2002-12-19 16:47:10', '1977-06-09 23:24:28', 0);
INSERT INTO `post_comments` (`id`, `from_user_id`, `post_id`, `content`, `send_at`, `change_at`, `changed`) VALUES ('354', '1', '31', 'Atque et ex eius. Ea placeat minima quidem eum.', '1981-07-17 17:23:43', '2008-09-12 09:43:51', 0);
INSERT INTO `post_comments` (`id`, `from_user_id`, `post_id`, `content`, `send_at`, `change_at`, `changed`) VALUES ('355', '11', '55', 'Quibusdam omnis et non.', '2000-05-16 16:29:56', '1980-06-26 17:19:52', 0);
INSERT INTO `post_comments` (`id`, `from_user_id`, `post_id`, `content`, `send_at`, `change_at`, `changed`) VALUES ('356', '13', '50', 'Eaque quia inventore molestiae earum vel et.', '2001-06-15 06:58:08', '2017-08-24 00:50:49', 0);
INSERT INTO `post_comments` (`id`, `from_user_id`, `post_id`, `content`, `send_at`, `change_at`, `changed`) VALUES ('357', '19', '71', 'Aperiam vel eius ea aut.', '1985-12-26 17:27:07', '1997-08-12 09:10:50', 1);
INSERT INTO `post_comments` (`id`, `from_user_id`, `post_id`, `content`, `send_at`, `change_at`, `changed`) VALUES ('358', '5', '2', 'A possimus qui est sunt placeat qui hic.', '1991-12-18 22:28:19', '1972-09-25 14:56:11', 0);
INSERT INTO `post_comments` (`id`, `from_user_id`, `post_id`, `content`, `send_at`, `change_at`, `changed`) VALUES ('359', '7', '65', 'Veritatis soluta et quod eos itaque.', '1981-05-11 16:53:34', '1992-01-30 06:09:59', 1);
INSERT INTO `post_comments` (`id`, `from_user_id`, `post_id`, `content`, `send_at`, `change_at`, `changed`) VALUES ('360', '9', '1', 'Nihil aliquid vero est et voluptates autem non.', '2008-01-21 12:53:06', '1998-05-15 03:24:21', 0);
INSERT INTO `post_comments` (`id`, `from_user_id`, `post_id`, `content`, `send_at`, `change_at`, `changed`) VALUES ('361', '3', '64', 'Expedita dolorem sit architecto non.', '1982-09-20 22:04:09', '2005-03-23 00:43:25', 0);
INSERT INTO `post_comments` (`id`, `from_user_id`, `post_id`, `content`, `send_at`, `change_at`, `changed`) VALUES ('362', '18', '62', 'Et id nihil voluptatem.', '2011-07-06 07:36:08', '1988-10-06 17:04:51', 1);
INSERT INTO `post_comments` (`id`, `from_user_id`, `post_id`, `content`, `send_at`, `change_at`, `changed`) VALUES ('363', '10', '77', 'Dolorem vel alias tenetur voluptas.', '1999-11-12 10:49:58', '2010-12-17 11:15:26', 0);
INSERT INTO `post_comments` (`id`, `from_user_id`, `post_id`, `content`, `send_at`, `change_at`, `changed`) VALUES ('364', '3', '100', 'Ad eaque culpa id.', '1987-01-02 23:42:28', '2002-05-08 03:12:56', 0);
INSERT INTO `post_comments` (`id`, `from_user_id`, `post_id`, `content`, `send_at`, `change_at`, `changed`) VALUES ('365', '14', '24', 'Excepturi ea aut iure sit nisi.', '1972-07-01 18:06:21', '1991-05-12 15:41:04', 0);
INSERT INTO `post_comments` (`id`, `from_user_id`, `post_id`, `content`, `send_at`, `change_at`, `changed`) VALUES ('366', '9', '40', 'At inventore quae omnis sit doloremque et.', '1999-07-16 08:10:31', '1981-10-13 04:07:14', 0);
INSERT INTO `post_comments` (`id`, `from_user_id`, `post_id`, `content`, `send_at`, `change_at`, `changed`) VALUES ('367', '5', '64', 'Velit libero molestiae aut laudantium nesciunt.', '1986-02-10 12:23:17', '2004-07-20 20:43:59', 0);
INSERT INTO `post_comments` (`id`, `from_user_id`, `post_id`, `content`, `send_at`, `change_at`, `changed`) VALUES ('368', '13', '83', 'Eos sit excepturi dolores ea cupiditate dolorum.', '2008-01-06 07:05:13', '2002-04-23 15:43:51', 1);
INSERT INTO `post_comments` (`id`, `from_user_id`, `post_id`, `content`, `send_at`, `change_at`, `changed`) VALUES ('369', '10', '66', 'Laboriosam iste ut quisquam quibusdam a est.', '2012-08-28 15:36:36', '1994-08-09 07:39:13', 0);
INSERT INTO `post_comments` (`id`, `from_user_id`, `post_id`, `content`, `send_at`, `change_at`, `changed`) VALUES ('370', '3', '100', 'Molestiae et minima eos rerum et.', '1985-04-27 14:47:47', '2003-09-08 19:25:56', 0);
INSERT INTO `post_comments` (`id`, `from_user_id`, `post_id`, `content`, `send_at`, `change_at`, `changed`) VALUES ('371', '4', '75', 'Quaerat et eum aut incidunt.', '1997-01-23 05:14:14', '2014-06-23 16:29:51', 0);
INSERT INTO `post_comments` (`id`, `from_user_id`, `post_id`, `content`, `send_at`, `change_at`, `changed`) VALUES ('372', '10', '12', 'Ea illo ut in voluptas doloribus aut dolorum.', '1978-12-09 19:19:37', '2016-02-05 19:47:36', 0);
INSERT INTO `post_comments` (`id`, `from_user_id`, `post_id`, `content`, `send_at`, `change_at`, `changed`) VALUES ('373', '10', '71', 'Saepe mollitia ea qui dolor dolorum veniam.', '2012-02-05 01:33:34', '1992-07-22 15:10:11', 0);
INSERT INTO `post_comments` (`id`, `from_user_id`, `post_id`, `content`, `send_at`, `change_at`, `changed`) VALUES ('374', '3', '78', 'Quasi itaque iure quam fugiat sit odit.', '1971-06-16 05:29:06', '2015-11-07 09:13:09', 0);
INSERT INTO `post_comments` (`id`, `from_user_id`, `post_id`, `content`, `send_at`, `change_at`, `changed`) VALUES ('375', '8', '56', 'Rem neque amet ipsam beatae aspernatur quis.', '1978-01-02 22:30:35', '1986-03-11 02:10:09', 0);
INSERT INTO `post_comments` (`id`, `from_user_id`, `post_id`, `content`, `send_at`, `change_at`, `changed`) VALUES ('376', '16', '46', 'Accusantium sequi a hic placeat.', '2018-12-03 16:45:29', '2006-12-11 15:22:58', 1);
INSERT INTO `post_comments` (`id`, `from_user_id`, `post_id`, `content`, `send_at`, `change_at`, `changed`) VALUES ('377', '4', '64', 'Accusamus laborum qui corrupti quae ex vel.', '2002-10-14 11:04:27', '1982-04-26 17:55:14', 0);
INSERT INTO `post_comments` (`id`, `from_user_id`, `post_id`, `content`, `send_at`, `change_at`, `changed`) VALUES ('378', '2', '67', 'Magnam non sed minus reiciendis est et.', '2017-04-27 21:28:38', '2004-10-24 02:03:55', 1);
INSERT INTO `post_comments` (`id`, `from_user_id`, `post_id`, `content`, `send_at`, `change_at`, `changed`) VALUES ('379', '9', '20', 'Est fuga soluta harum cum.', '1999-12-10 08:04:48', '1974-08-10 08:38:11', 0);
INSERT INTO `post_comments` (`id`, `from_user_id`, `post_id`, `content`, `send_at`, `change_at`, `changed`) VALUES ('380', '14', '7', 'Fuga in sunt voluptate.', '1975-02-23 10:11:59', '1996-07-29 04:55:02', 0);
INSERT INTO `post_comments` (`id`, `from_user_id`, `post_id`, `content`, `send_at`, `change_at`, `changed`) VALUES ('381', '9', '10', 'Adipisci vero mollitia quia ullam iure.', '1973-03-07 11:25:18', '2005-05-01 15:01:12', 0);
INSERT INTO `post_comments` (`id`, `from_user_id`, `post_id`, `content`, `send_at`, `change_at`, `changed`) VALUES ('382', '10', '66', 'Aut officia maiores dolor pariatur illo.', '1973-02-26 03:04:26', '1970-01-11 06:58:49', 0);
INSERT INTO `post_comments` (`id`, `from_user_id`, `post_id`, `content`, `send_at`, `change_at`, `changed`) VALUES ('383', '15', '8', 'Similique consequatur consequuntur qui ut eum.', '1975-05-21 17:52:03', '1979-10-18 12:14:08', 1);
INSERT INTO `post_comments` (`id`, `from_user_id`, `post_id`, `content`, `send_at`, `change_at`, `changed`) VALUES ('384', '10', '20', 'Eveniet laboriosam veniam autem sit dolores.', '2002-10-04 17:24:45', '1984-11-12 14:08:25', 0);
INSERT INTO `post_comments` (`id`, `from_user_id`, `post_id`, `content`, `send_at`, `change_at`, `changed`) VALUES ('385', '15', '60', 'Fuga explicabo quaerat expedita sed.', '2004-10-14 12:44:22', '1997-09-12 19:55:03', 0);
INSERT INTO `post_comments` (`id`, `from_user_id`, `post_id`, `content`, `send_at`, `change_at`, `changed`) VALUES ('386', '4', '94', 'Accusantium quaerat doloribus officiis omnis ex.', '1997-06-18 00:03:04', '2016-03-18 05:37:51', 0);
INSERT INTO `post_comments` (`id`, `from_user_id`, `post_id`, `content`, `send_at`, `change_at`, `changed`) VALUES ('387', '7', '69', 'Nihil in alias libero optio aperiam nesciunt.', '2017-08-12 16:22:45', '1985-11-24 13:55:32', 0);
INSERT INTO `post_comments` (`id`, `from_user_id`, `post_id`, `content`, `send_at`, `change_at`, `changed`) VALUES ('388', '1', '80', 'Qui et sed repellat iure.', '1997-05-05 07:23:20', '1973-06-23 14:55:24', 0);
INSERT INTO `post_comments` (`id`, `from_user_id`, `post_id`, `content`, `send_at`, `change_at`, `changed`) VALUES ('389', '8', '18', 'Earum veritatis blanditiis eos ut ipsum.', '1999-11-06 03:56:52', '1983-11-23 10:04:41', 0);
INSERT INTO `post_comments` (`id`, `from_user_id`, `post_id`, `content`, `send_at`, `change_at`, `changed`) VALUES ('390', '12', '75', 'Necessitatibus minima facilis officiis modi et.', '2001-10-26 10:04:57', '2019-09-01 00:41:04', 0);
INSERT INTO `post_comments` (`id`, `from_user_id`, `post_id`, `content`, `send_at`, `change_at`, `changed`) VALUES ('391', '15', '35', 'Fugiat aut officia sit et laborum autem.', '1985-09-19 17:06:12', '1992-11-24 07:54:58', 0);
INSERT INTO `post_comments` (`id`, `from_user_id`, `post_id`, `content`, `send_at`, `change_at`, `changed`) VALUES ('392', '5', '93', 'Possimus sint perspiciatis ea.', '1987-01-30 09:05:54', '2007-01-26 06:08:52', 0);
INSERT INTO `post_comments` (`id`, `from_user_id`, `post_id`, `content`, `send_at`, `change_at`, `changed`) VALUES ('393', '20', '29', 'Officia dolor culpa voluptates quisquam et.', '1999-10-13 12:48:01', '1977-03-02 06:14:05', 0);
INSERT INTO `post_comments` (`id`, `from_user_id`, `post_id`, `content`, `send_at`, `change_at`, `changed`) VALUES ('394', '12', '38', 'Nostrum unde totam in omnis.', '2015-09-02 12:11:15', '1979-12-07 18:23:27', 0);
INSERT INTO `post_comments` (`id`, `from_user_id`, `post_id`, `content`, `send_at`, `change_at`, `changed`) VALUES ('395', '10', '25', 'Eveniet voluptate molestias error provident aut.', '1996-05-30 13:09:39', '2017-12-04 12:31:55', 1);
INSERT INTO `post_comments` (`id`, `from_user_id`, `post_id`, `content`, `send_at`, `change_at`, `changed`) VALUES ('396', '9', '91', 'Dignissimos et quasi quia libero.', '2016-03-01 08:09:55', '1981-11-05 09:16:56', 0);
INSERT INTO `post_comments` (`id`, `from_user_id`, `post_id`, `content`, `send_at`, `change_at`, `changed`) VALUES ('397', '7', '90', 'Praesentium esse dicta quas veritatis.', '1976-08-10 18:01:36', '1981-04-12 15:14:12', 1);
INSERT INTO `post_comments` (`id`, `from_user_id`, `post_id`, `content`, `send_at`, `change_at`, `changed`) VALUES ('398', '12', '8', 'Provident eum repellendus eveniet odio omnis.', '1983-06-25 17:02:35', '1991-08-10 16:53:27', 1);
INSERT INTO `post_comments` (`id`, `from_user_id`, `post_id`, `content`, `send_at`, `change_at`, `changed`) VALUES ('399', '20', '3', 'Facilis cumque dolores suscipit quaerat incidunt.', '2011-05-28 02:44:47', '1975-09-18 21:44:04', 0);
INSERT INTO `post_comments` (`id`, `from_user_id`, `post_id`, `content`, `send_at`, `change_at`, `changed`) VALUES ('400', '6', '71', 'Ratione animi nihil amet.', '1981-01-17 08:51:49', '1983-02-05 15:09:02', 0);
INSERT INTO `post_comments` (`id`, `from_user_id`, `post_id`, `content`, `send_at`, `change_at`, `changed`) VALUES ('401', '13', '47', 'Iusto itaque ea ut in omnis saepe.', '1998-02-17 13:49:23', '1988-08-28 09:10:15', 0);
INSERT INTO `post_comments` (`id`, `from_user_id`, `post_id`, `content`, `send_at`, `change_at`, `changed`) VALUES ('402', '13', '97', 'Maiores harum ab animi voluptatem rerum.', '2018-08-24 07:53:37', '1984-05-06 11:35:57', 0);
INSERT INTO `post_comments` (`id`, `from_user_id`, `post_id`, `content`, `send_at`, `change_at`, `changed`) VALUES ('403', '4', '69', 'Consequatur ab repudiandae nulla.', '2018-04-29 08:52:58', '2011-10-01 16:36:21', 0);
INSERT INTO `post_comments` (`id`, `from_user_id`, `post_id`, `content`, `send_at`, `change_at`, `changed`) VALUES ('404', '16', '55', 'Aut maxime adipisci et aut.', '1991-11-17 18:07:21', '2019-10-28 18:28:52', 0);
INSERT INTO `post_comments` (`id`, `from_user_id`, `post_id`, `content`, `send_at`, `change_at`, `changed`) VALUES ('405', '18', '33', 'Dolorum exercitationem omnis libero.', '2009-03-19 16:38:42', '1981-03-03 15:37:27', 0);
INSERT INTO `post_comments` (`id`, `from_user_id`, `post_id`, `content`, `send_at`, `change_at`, `changed`) VALUES ('406', '6', '59', 'Quasi sint placeat quae quia temporibus tempora.', '1986-11-05 16:13:18', '2002-09-29 13:09:56', 0);
INSERT INTO `post_comments` (`id`, `from_user_id`, `post_id`, `content`, `send_at`, `change_at`, `changed`) VALUES ('407', '14', '51', 'Non voluptas dolores repellat laborum vel.', '1989-09-16 17:51:28', '1982-05-24 18:10:30', 0);
INSERT INTO `post_comments` (`id`, `from_user_id`, `post_id`, `content`, `send_at`, `change_at`, `changed`) VALUES ('408', '11', '65', 'Est esse qui odit rerum excepturi asperiores.', '2020-07-28 04:16:26', '2011-02-27 20:06:14', 1);
INSERT INTO `post_comments` (`id`, `from_user_id`, `post_id`, `content`, `send_at`, `change_at`, `changed`) VALUES ('409', '16', '11', 'Autem ut aliquam distinctio voluptatem.', '1986-04-05 21:05:24', '1972-09-28 19:31:50', 0);
INSERT INTO `post_comments` (`id`, `from_user_id`, `post_id`, `content`, `send_at`, `change_at`, `changed`) VALUES ('410', '1', '26', 'Et at pariatur ut ad aut sed sit.', '2005-11-29 05:38:13', '2018-01-03 22:49:07', 0);
INSERT INTO `post_comments` (`id`, `from_user_id`, `post_id`, `content`, `send_at`, `change_at`, `changed`) VALUES ('411', '7', '47', 'Rem aperiam et dolor.', '1981-04-11 15:15:22', '2010-10-29 08:09:41', 0);
INSERT INTO `post_comments` (`id`, `from_user_id`, `post_id`, `content`, `send_at`, `change_at`, `changed`) VALUES ('412', '4', '69', 'Ea sed corporis omnis debitis est.', '1973-11-18 22:52:16', '2003-08-03 15:53:34', 0);
INSERT INTO `post_comments` (`id`, `from_user_id`, `post_id`, `content`, `send_at`, `change_at`, `changed`) VALUES ('413', '8', '72', 'Rem sit libero nobis laboriosam dicta in.', '2006-10-31 06:58:31', '2008-12-21 13:52:27', 0);
INSERT INTO `post_comments` (`id`, `from_user_id`, `post_id`, `content`, `send_at`, `change_at`, `changed`) VALUES ('414', '16', '32', 'Natus architecto porro et non ullam et.', '1974-04-07 21:44:17', '1977-08-08 21:50:19', 0);
INSERT INTO `post_comments` (`id`, `from_user_id`, `post_id`, `content`, `send_at`, `change_at`, `changed`) VALUES ('415', '15', '4', 'Deleniti nobis vero ullam.', '1973-10-28 12:52:51', '2020-03-17 11:37:17', 0);
INSERT INTO `post_comments` (`id`, `from_user_id`, `post_id`, `content`, `send_at`, `change_at`, `changed`) VALUES ('416', '1', '37', 'Nam quidem excepturi necessitatibus commodi.', '1987-07-31 01:50:44', '2015-08-12 01:54:40', 0);
INSERT INTO `post_comments` (`id`, `from_user_id`, `post_id`, `content`, `send_at`, `change_at`, `changed`) VALUES ('417', '10', '66', 'Nesciunt tempora molestiae dicta maiores.', '1994-08-26 17:22:07', '1973-06-25 15:51:48', 0);
INSERT INTO `post_comments` (`id`, `from_user_id`, `post_id`, `content`, `send_at`, `change_at`, `changed`) VALUES ('418', '7', '66', 'Eos incidunt exercitationem veniam.', '1988-06-30 20:47:38', '1972-10-22 03:57:56', 0);
INSERT INTO `post_comments` (`id`, `from_user_id`, `post_id`, `content`, `send_at`, `change_at`, `changed`) VALUES ('419', '7', '9', 'Quisquam ad earum omnis et qui ex.', '2002-09-23 04:27:01', '1979-04-17 08:42:41', 0);
INSERT INTO `post_comments` (`id`, `from_user_id`, `post_id`, `content`, `send_at`, `change_at`, `changed`) VALUES ('420', '5', '20', 'Eum incidunt illum consequatur cumque qui aut.', '1995-11-16 18:28:30', '1996-02-15 11:00:35', 0);
INSERT INTO `post_comments` (`id`, `from_user_id`, `post_id`, `content`, `send_at`, `change_at`, `changed`) VALUES ('421', '9', '51', 'Consequatur expedita ut est aspernatur vel.', '2011-05-01 21:01:18', '1991-04-22 05:57:42', 0);
INSERT INTO `post_comments` (`id`, `from_user_id`, `post_id`, `content`, `send_at`, `change_at`, `changed`) VALUES ('422', '16', '8', 'Qui nulla est ea.', '2003-04-14 15:34:00', '1987-11-14 07:04:54', 1);
INSERT INTO `post_comments` (`id`, `from_user_id`, `post_id`, `content`, `send_at`, `change_at`, `changed`) VALUES ('423', '1', '30', 'Animi eligendi quod qui amet.', '1978-02-11 07:19:47', '1993-10-12 17:58:02', 0);
INSERT INTO `post_comments` (`id`, `from_user_id`, `post_id`, `content`, `send_at`, `change_at`, `changed`) VALUES ('424', '15', '79', 'Animi quo asperiores reprehenderit quisquam quam.', '1978-01-03 22:42:39', '1990-05-29 00:26:20', 0);
INSERT INTO `post_comments` (`id`, `from_user_id`, `post_id`, `content`, `send_at`, `change_at`, `changed`) VALUES ('425', '9', '75', 'Ea et quis sunt autem voluptatem.', '1992-08-31 02:30:36', '1994-10-16 20:36:27', 0);
INSERT INTO `post_comments` (`id`, `from_user_id`, `post_id`, `content`, `send_at`, `change_at`, `changed`) VALUES ('426', '1', '75', 'Aut vel nisi qui repellendus.', '2011-01-02 00:15:16', '2017-03-18 23:21:53', 1);
INSERT INTO `post_comments` (`id`, `from_user_id`, `post_id`, `content`, `send_at`, `change_at`, `changed`) VALUES ('427', '5', '22', 'Voluptatibus sunt fugiat non aperiam ex quam non.', '1972-04-12 10:26:03', '1999-07-06 17:00:32', 1);
INSERT INTO `post_comments` (`id`, `from_user_id`, `post_id`, `content`, `send_at`, `change_at`, `changed`) VALUES ('428', '9', '56', 'Incidunt sit fuga provident rem.', '2016-04-05 08:15:31', '1978-12-22 16:08:03', 1);
INSERT INTO `post_comments` (`id`, `from_user_id`, `post_id`, `content`, `send_at`, `change_at`, `changed`) VALUES ('429', '19', '19', 'Qui reprehenderit aut et minus consequatur.', '2016-06-06 08:58:48', '1990-02-08 00:04:27', 1);
INSERT INTO `post_comments` (`id`, `from_user_id`, `post_id`, `content`, `send_at`, `change_at`, `changed`) VALUES ('430', '18', '68', 'Totam et cupiditate placeat.', '1987-02-24 09:06:50', '1993-08-27 07:29:50', 0);
INSERT INTO `post_comments` (`id`, `from_user_id`, `post_id`, `content`, `send_at`, `change_at`, `changed`) VALUES ('431', '5', '90', 'Molestias odit pariatur dolores enim.', '2003-08-17 01:02:10', '2002-10-15 05:08:59', 0);
INSERT INTO `post_comments` (`id`, `from_user_id`, `post_id`, `content`, `send_at`, `change_at`, `changed`) VALUES ('432', '1', '72', 'Suscipit unde facere placeat.', '1973-05-21 05:12:51', '1985-05-19 23:52:24', 0);
INSERT INTO `post_comments` (`id`, `from_user_id`, `post_id`, `content`, `send_at`, `change_at`, `changed`) VALUES ('433', '12', '37', 'Dolores suscipit quidem iure quibusdam vel earum.', '1995-11-08 00:06:54', '1990-05-12 01:48:48', 0);
INSERT INTO `post_comments` (`id`, `from_user_id`, `post_id`, `content`, `send_at`, `change_at`, `changed`) VALUES ('434', '8', '90', 'Et et porro molestiae et officiis qui et.', '1975-07-27 20:05:10', '2003-09-03 11:55:45', 0);
INSERT INTO `post_comments` (`id`, `from_user_id`, `post_id`, `content`, `send_at`, `change_at`, `changed`) VALUES ('435', '10', '58', 'Dolore rerum sit dolores recusandae sit aliquid.', '1987-02-10 04:03:33', '1982-05-23 11:15:49', 0);
INSERT INTO `post_comments` (`id`, `from_user_id`, `post_id`, `content`, `send_at`, `change_at`, `changed`) VALUES ('436', '2', '87', 'Eos accusantium et ducimus minus ut sed sunt.', '2020-04-07 08:57:53', '2004-02-22 07:41:08', 0);
INSERT INTO `post_comments` (`id`, `from_user_id`, `post_id`, `content`, `send_at`, `change_at`, `changed`) VALUES ('437', '2', '88', 'Error optio ipsum et rerum sunt aliquid laborum.', '1991-06-20 19:26:45', '1977-03-15 11:51:30', 0);
INSERT INTO `post_comments` (`id`, `from_user_id`, `post_id`, `content`, `send_at`, `change_at`, `changed`) VALUES ('438', '19', '9', 'Tenetur id vitae sint.', '1998-02-21 00:43:28', '1986-08-08 23:11:52', 0);
INSERT INTO `post_comments` (`id`, `from_user_id`, `post_id`, `content`, `send_at`, `change_at`, `changed`) VALUES ('439', '4', '67', 'Voluptates dignissimos id explicabo quae ut odit.', '2003-09-01 01:42:11', '1979-01-07 06:45:52', 0);
INSERT INTO `post_comments` (`id`, `from_user_id`, `post_id`, `content`, `send_at`, `change_at`, `changed`) VALUES ('440', '18', '58', 'Ipsam dicta quis illum veniam aliquam.', '1999-02-25 23:58:57', '1996-02-05 19:27:04', 0);
INSERT INTO `post_comments` (`id`, `from_user_id`, `post_id`, `content`, `send_at`, `change_at`, `changed`) VALUES ('441', '9', '92', 'Neque error molestiae nesciunt architecto qui.', '1980-03-27 13:36:08', '2005-09-21 04:41:53', 0);
INSERT INTO `post_comments` (`id`, `from_user_id`, `post_id`, `content`, `send_at`, `change_at`, `changed`) VALUES ('442', '7', '62', 'Illo asperiores ex corporis odit expedita.', '1988-04-26 14:12:34', '1982-11-12 05:51:10', 0);
INSERT INTO `post_comments` (`id`, `from_user_id`, `post_id`, `content`, `send_at`, `change_at`, `changed`) VALUES ('443', '3', '75', 'Nihil molestiae ex expedita et.', '2015-11-30 09:18:49', '1974-08-05 10:05:49', 0);
INSERT INTO `post_comments` (`id`, `from_user_id`, `post_id`, `content`, `send_at`, `change_at`, `changed`) VALUES ('444', '4', '6', 'Qui inventore enim vitae.', '2013-11-19 02:45:12', '2003-11-08 02:21:34', 0);
INSERT INTO `post_comments` (`id`, `from_user_id`, `post_id`, `content`, `send_at`, `change_at`, `changed`) VALUES ('445', '19', '5', 'Et qui architecto quae pariatur.', '2020-07-05 04:15:38', '2001-08-18 06:07:06', 0);
INSERT INTO `post_comments` (`id`, `from_user_id`, `post_id`, `content`, `send_at`, `change_at`, `changed`) VALUES ('446', '15', '16', 'Illo enim rerum voluptatem error.', '1990-08-04 18:03:08', '1998-02-13 12:32:49', 0);
INSERT INTO `post_comments` (`id`, `from_user_id`, `post_id`, `content`, `send_at`, `change_at`, `changed`) VALUES ('447', '19', '78', 'Et architecto sint perferendis tempore iste vel.', '2000-12-22 15:54:57', '2003-06-26 22:36:56', 1);
INSERT INTO `post_comments` (`id`, `from_user_id`, `post_id`, `content`, `send_at`, `change_at`, `changed`) VALUES ('448', '18', '49', 'Ut cum beatae temporibus iste et ut.', '2010-02-20 09:20:31', '1978-05-13 21:45:07', 0);
INSERT INTO `post_comments` (`id`, `from_user_id`, `post_id`, `content`, `send_at`, `change_at`, `changed`) VALUES ('449', '3', '25', 'Error rem vero facere et odit facere.', '2019-04-07 06:59:53', '1979-01-15 04:37:10', 0);
INSERT INTO `post_comments` (`id`, `from_user_id`, `post_id`, `content`, `send_at`, `change_at`, `changed`) VALUES ('450', '8', '60', 'Accusantium non sed laudantium.', '2014-09-08 03:02:15', '1999-02-18 03:00:48', 1);
INSERT INTO `post_comments` (`id`, `from_user_id`, `post_id`, `content`, `send_at`, `change_at`, `changed`) VALUES ('451', '17', '47', 'Provident aliquid vitae distinctio quo.', '1994-05-24 03:32:49', '1989-05-28 11:12:56', 1);
INSERT INTO `post_comments` (`id`, `from_user_id`, `post_id`, `content`, `send_at`, `change_at`, `changed`) VALUES ('452', '10', '90', 'Natus aut distinctio dicta iusto.', '1971-06-21 05:32:04', '1995-10-16 18:39:30', 0);
INSERT INTO `post_comments` (`id`, `from_user_id`, `post_id`, `content`, `send_at`, `change_at`, `changed`) VALUES ('453', '7', '41', 'Amet omnis veniam sunt quo.', '2015-09-28 14:03:54', '2011-09-10 11:24:50', 1);
INSERT INTO `post_comments` (`id`, `from_user_id`, `post_id`, `content`, `send_at`, `change_at`, `changed`) VALUES ('454', '20', '51', 'Quidem et necessitatibus dignissimos.', '2014-12-25 22:46:47', '2019-03-22 02:22:17', 0);
INSERT INTO `post_comments` (`id`, `from_user_id`, `post_id`, `content`, `send_at`, `change_at`, `changed`) VALUES ('455', '2', '86', 'Porro praesentium quod sint qui sit sapiente.', '1985-02-27 15:18:19', '1970-10-06 01:38:56', 0);
INSERT INTO `post_comments` (`id`, `from_user_id`, `post_id`, `content`, `send_at`, `change_at`, `changed`) VALUES ('456', '2', '49', 'Odit aliquid odit debitis recusandae qui quia.', '1984-05-06 12:40:02', '1982-04-04 05:57:49', 1);
INSERT INTO `post_comments` (`id`, `from_user_id`, `post_id`, `content`, `send_at`, `change_at`, `changed`) VALUES ('457', '16', '41', 'Eum aut ut eos modi sit ut.', '1992-06-03 10:03:15', '1971-05-29 14:53:06', 0);
INSERT INTO `post_comments` (`id`, `from_user_id`, `post_id`, `content`, `send_at`, `change_at`, `changed`) VALUES ('458', '2', '91', 'Cupiditate numquam velit amet velit repellat.', '1974-08-23 05:25:47', '1996-07-06 04:31:56', 1);
INSERT INTO `post_comments` (`id`, `from_user_id`, `post_id`, `content`, `send_at`, `change_at`, `changed`) VALUES ('459', '3', '27', 'Officiis ex at perspiciatis laboriosam sint.', '2018-03-21 04:33:45', '2001-09-13 21:40:14', 0);
INSERT INTO `post_comments` (`id`, `from_user_id`, `post_id`, `content`, `send_at`, `change_at`, `changed`) VALUES ('460', '20', '9', 'Saepe qui in ab illum eum vitae velit.', '2008-10-12 07:48:24', '2005-12-21 19:07:21', 0);
INSERT INTO `post_comments` (`id`, `from_user_id`, `post_id`, `content`, `send_at`, `change_at`, `changed`) VALUES ('461', '7', '70', 'Nobis vel illum magni est pariatur dolorum nihil.', '1971-02-03 11:24:52', '2017-01-10 09:52:12', 0);
INSERT INTO `post_comments` (`id`, `from_user_id`, `post_id`, `content`, `send_at`, `change_at`, `changed`) VALUES ('462', '5', '24', 'At labore ipsum dolores doloremque.', '2014-02-25 21:28:31', '2004-07-08 11:03:25', 0);
INSERT INTO `post_comments` (`id`, `from_user_id`, `post_id`, `content`, `send_at`, `change_at`, `changed`) VALUES ('463', '10', '11', 'Ut voluptatum minus enim quidem nostrum quo.', '1975-09-07 08:28:13', '2002-12-11 23:21:42', 0);
INSERT INTO `post_comments` (`id`, `from_user_id`, `post_id`, `content`, `send_at`, `change_at`, `changed`) VALUES ('464', '15', '61', 'Deserunt sit ipsam ut odio quisquam sunt vero.', '1979-11-27 13:19:42', '1972-06-30 07:14:08', 0);
INSERT INTO `post_comments` (`id`, `from_user_id`, `post_id`, `content`, `send_at`, `change_at`, `changed`) VALUES ('465', '8', '10', 'Et aut aut ipsum qui corrupti porro et.', '1985-12-23 23:27:35', '2013-04-15 03:43:57', 0);
INSERT INTO `post_comments` (`id`, `from_user_id`, `post_id`, `content`, `send_at`, `change_at`, `changed`) VALUES ('466', '5', '18', 'Eaque ullam quis quo officia aliquam asperiores.', '1972-01-17 10:44:59', '1984-07-13 20:27:58', 0);
INSERT INTO `post_comments` (`id`, `from_user_id`, `post_id`, `content`, `send_at`, `change_at`, `changed`) VALUES ('467', '12', '67', 'Veritatis provident autem aut accusamus adipisci.', '1988-08-23 17:49:36', '1988-12-04 00:56:48', 1);
INSERT INTO `post_comments` (`id`, `from_user_id`, `post_id`, `content`, `send_at`, `change_at`, `changed`) VALUES ('468', '2', '90', 'Consequuntur saepe nihil repellendus.', '1999-12-11 21:30:42', '2004-02-10 06:05:27', 0);
INSERT INTO `post_comments` (`id`, `from_user_id`, `post_id`, `content`, `send_at`, `change_at`, `changed`) VALUES ('469', '2', '6', 'Nobis rem illum laborum unde ullam.', '1973-10-14 19:47:15', '1998-04-03 16:43:15', 0);
INSERT INTO `post_comments` (`id`, `from_user_id`, `post_id`, `content`, `send_at`, `change_at`, `changed`) VALUES ('470', '9', '15', 'Perferendis beatae voluptas accusantium.', '1972-10-26 03:02:45', '2011-09-20 23:58:29', 0);
INSERT INTO `post_comments` (`id`, `from_user_id`, `post_id`, `content`, `send_at`, `change_at`, `changed`) VALUES ('471', '19', '49', 'Nesciunt autem error optio.', '1999-09-08 10:13:11', '2009-01-13 14:27:01', 0);
INSERT INTO `post_comments` (`id`, `from_user_id`, `post_id`, `content`, `send_at`, `change_at`, `changed`) VALUES ('472', '13', '68', 'Id repudiandae adipisci sit culpa laborum.', '2008-05-12 16:32:34', '2012-01-04 13:59:58', 0);
INSERT INTO `post_comments` (`id`, `from_user_id`, `post_id`, `content`, `send_at`, `change_at`, `changed`) VALUES ('473', '18', '73', 'Placeat architecto quis consequatur ut.', '2008-05-22 22:38:25', '2017-09-28 23:59:36', 0);
INSERT INTO `post_comments` (`id`, `from_user_id`, `post_id`, `content`, `send_at`, `change_at`, `changed`) VALUES ('474', '12', '4', 'Ducimus quisquam et ipsum nam adipisci labore.', '1988-09-19 15:18:17', '2008-12-06 06:18:11', 0);
INSERT INTO `post_comments` (`id`, `from_user_id`, `post_id`, `content`, `send_at`, `change_at`, `changed`) VALUES ('475', '20', '55', 'Architecto totam blanditiis qui illo.', '1975-02-17 05:52:49', '1992-01-18 03:47:37', 0);
INSERT INTO `post_comments` (`id`, `from_user_id`, `post_id`, `content`, `send_at`, `change_at`, `changed`) VALUES ('476', '3', '29', 'Non ad numquam iure adipisci velit.', '2018-04-23 05:13:26', '1978-07-05 00:22:52', 0);
INSERT INTO `post_comments` (`id`, `from_user_id`, `post_id`, `content`, `send_at`, `change_at`, `changed`) VALUES ('477', '5', '35', 'Temporibus nisi quas sit atque quas.', '1972-04-29 01:19:21', '1977-08-17 07:57:32', 0);
INSERT INTO `post_comments` (`id`, `from_user_id`, `post_id`, `content`, `send_at`, `change_at`, `changed`) VALUES ('478', '11', '70', 'Pariatur et qui ut quam.', '1997-10-11 06:29:22', '1973-03-04 18:59:25', 0);
INSERT INTO `post_comments` (`id`, `from_user_id`, `post_id`, `content`, `send_at`, `change_at`, `changed`) VALUES ('479', '10', '25', 'In sint ea sunt quae. Ab sunt aut aut deserunt.', '1973-09-22 19:32:44', '1987-07-21 11:54:48', 0);
INSERT INTO `post_comments` (`id`, `from_user_id`, `post_id`, `content`, `send_at`, `change_at`, `changed`) VALUES ('480', '7', '81', 'Sunt et ut consectetur magnam ut est.', '1977-08-19 18:34:37', '2011-06-25 00:19:30', 0);
INSERT INTO `post_comments` (`id`, `from_user_id`, `post_id`, `content`, `send_at`, `change_at`, `changed`) VALUES ('481', '7', '51', 'Quia sed accusamus a doloremque occaecati.', '2018-05-01 08:35:40', '1991-12-06 06:54:31', 0);
INSERT INTO `post_comments` (`id`, `from_user_id`, `post_id`, `content`, `send_at`, `change_at`, `changed`) VALUES ('482', '20', '90', 'Quod architecto quam quibusdam cumque qui et.', '2014-12-21 03:04:42', '1979-12-02 01:47:36', 0);
INSERT INTO `post_comments` (`id`, `from_user_id`, `post_id`, `content`, `send_at`, `change_at`, `changed`) VALUES ('483', '4', '6', 'Culpa dolores earum enim aut eos.', '1998-11-27 15:05:52', '2000-12-22 09:22:06', 0);
INSERT INTO `post_comments` (`id`, `from_user_id`, `post_id`, `content`, `send_at`, `change_at`, `changed`) VALUES ('484', '16', '24', 'Eos et laborum qui aliquid non ratione ut et.', '2005-03-04 00:29:22', '1985-08-19 02:00:12', 0);
INSERT INTO `post_comments` (`id`, `from_user_id`, `post_id`, `content`, `send_at`, `change_at`, `changed`) VALUES ('485', '3', '19', 'Ab minus doloribus a repellendus sint voluptate.', '2011-11-03 01:07:46', '1992-03-07 02:16:48', 0);
INSERT INTO `post_comments` (`id`, `from_user_id`, `post_id`, `content`, `send_at`, `change_at`, `changed`) VALUES ('486', '8', '2', 'Rerum ea commodi cumque delectus.', '1973-02-24 13:07:52', '1974-08-28 00:42:16', 0);
INSERT INTO `post_comments` (`id`, `from_user_id`, `post_id`, `content`, `send_at`, `change_at`, `changed`) VALUES ('487', '14', '1', 'Asperiores qui adipisci aliquam in officiis.', '1990-09-12 21:51:01', '1979-10-23 03:12:27', 0);
INSERT INTO `post_comments` (`id`, `from_user_id`, `post_id`, `content`, `send_at`, `change_at`, `changed`) VALUES ('488', '14', '57', 'Optio vitae corporis tempore.', '1990-10-14 23:54:15', '2007-03-07 05:09:56', 0);
INSERT INTO `post_comments` (`id`, `from_user_id`, `post_id`, `content`, `send_at`, `change_at`, `changed`) VALUES ('489', '15', '28', 'Sit error optio quia earum ex.', '1978-07-12 11:13:54', '1982-06-22 03:06:27', 0);
INSERT INTO `post_comments` (`id`, `from_user_id`, `post_id`, `content`, `send_at`, `change_at`, `changed`) VALUES ('490', '12', '71', 'Labore esse fugit sit praesentium nesciunt quia.', '1980-12-24 20:38:46', '1979-03-16 01:39:33', 0);
INSERT INTO `post_comments` (`id`, `from_user_id`, `post_id`, `content`, `send_at`, `change_at`, `changed`) VALUES ('491', '17', '72', 'Ut impedit libero nostrum est aliquam et.', '2005-03-12 03:31:29', '2006-06-23 04:26:11', 0);
INSERT INTO `post_comments` (`id`, `from_user_id`, `post_id`, `content`, `send_at`, `change_at`, `changed`) VALUES ('492', '20', '5', 'Et cupiditate ea a expedita maiores.', '1979-01-19 05:39:43', '1999-02-25 20:58:07', 0);
INSERT INTO `post_comments` (`id`, `from_user_id`, `post_id`, `content`, `send_at`, `change_at`, `changed`) VALUES ('493', '2', '53', 'Modi eligendi qui voluptates aut.', '1980-01-29 10:04:18', '1997-09-20 05:45:36', 0);
INSERT INTO `post_comments` (`id`, `from_user_id`, `post_id`, `content`, `send_at`, `change_at`, `changed`) VALUES ('494', '15', '52', 'Quibusdam minus rerum iusto.', '1991-06-20 21:53:54', '2015-02-09 21:30:04', 0);
INSERT INTO `post_comments` (`id`, `from_user_id`, `post_id`, `content`, `send_at`, `change_at`, `changed`) VALUES ('495', '16', '6', 'Et ut velit est labore incidunt ullam.', '1973-04-30 19:22:55', '2009-07-07 02:49:05', 0);
INSERT INTO `post_comments` (`id`, `from_user_id`, `post_id`, `content`, `send_at`, `change_at`, `changed`) VALUES ('496', '7', '12', 'Sint iusto blanditiis suscipit ut.', '2008-02-28 08:03:48', '2015-01-29 00:20:19', 0);
INSERT INTO `post_comments` (`id`, `from_user_id`, `post_id`, `content`, `send_at`, `change_at`, `changed`) VALUES ('497', '12', '31', 'Aspernatur id quibusdam et.', '2016-10-13 13:29:13', '1981-12-26 11:02:42', 0);
INSERT INTO `post_comments` (`id`, `from_user_id`, `post_id`, `content`, `send_at`, `change_at`, `changed`) VALUES ('498', '1', '73', 'Ut ut dicta nam reprehenderit.', '1972-02-01 02:46:43', '1972-12-15 21:35:26', 0);
INSERT INTO `post_comments` (`id`, `from_user_id`, `post_id`, `content`, `send_at`, `change_at`, `changed`) VALUES ('499', '8', '80', 'Numquam omnis aut iste eos consequatur.', '1987-09-29 14:44:42', '1992-10-03 15:31:51', 0);
INSERT INTO `post_comments` (`id`, `from_user_id`, `post_id`, `content`, `send_at`, `change_at`, `changed`) VALUES ('500', '20', '47', 'Repellat magnam odit aut quos quod ipsa quo.', '1980-06-23 03:19:10', '1981-02-24 13:48:45', 0);


#
# TABLE STRUCTURE FOR: profiles_likes
#

DROP TABLE IF EXISTS `profiles_likes`;

CREATE TABLE `profiles_likes` (
  `id` bigint(20) unsigned NOT NULL AUTO_INCREMENT,
  `from_user_id` bigint(20) unsigned NOT NULL,
  `to_user_id` bigint(20) unsigned NOT NULL,
  `send_at` datetime NOT NULL DEFAULT current_timestamp(),
  UNIQUE KEY `id` (`id`),
  KEY `profiles_likes_profiles_id_fk` (`from_user_id`),
  KEY `profiles_likes_profiles_id_fk2` (`to_user_id`),
  CONSTRAINT `profiles_likes_profiles_id_fk` FOREIGN KEY (`from_user_id`) REFERENCES `profiles` (`id`) ON DELETE CASCADE ON UPDATE CASCADE,
  CONSTRAINT `profiles_likes_profiles_id_fk2` FOREIGN KEY (`to_user_id`) REFERENCES `profiles` (`id`) ON DELETE CASCADE ON UPDATE CASCADE
) ENGINE=InnoDB AUTO_INCREMENT=101 DEFAULT CHARSET=utf8 COLLATE=utf8_unicode_ci;

INSERT INTO `profiles_likes` (`id`, `from_user_id`, `to_user_id`, `send_at`) VALUES ('1', '16', '10', '2001-03-07 12:52:32');
INSERT INTO `profiles_likes` (`id`, `from_user_id`, `to_user_id`, `send_at`) VALUES ('2', '15', '18', '1984-05-01 12:29:10');
INSERT INTO `profiles_likes` (`id`, `from_user_id`, `to_user_id`, `send_at`) VALUES ('3', '7', '1', '2015-04-21 13:48:53');
INSERT INTO `profiles_likes` (`id`, `from_user_id`, `to_user_id`, `send_at`) VALUES ('4', '19', '11', '2017-07-24 20:14:17');
INSERT INTO `profiles_likes` (`id`, `from_user_id`, `to_user_id`, `send_at`) VALUES ('5', '10', '9', '2000-09-24 00:47:12');
INSERT INTO `profiles_likes` (`id`, `from_user_id`, `to_user_id`, `send_at`) VALUES ('6', '2', '2', '2013-09-13 06:29:35');
INSERT INTO `profiles_likes` (`id`, `from_user_id`, `to_user_id`, `send_at`) VALUES ('7', '6', '9', '2005-05-26 02:58:17');
INSERT INTO `profiles_likes` (`id`, `from_user_id`, `to_user_id`, `send_at`) VALUES ('8', '16', '2', '1996-01-05 03:16:21');
INSERT INTO `profiles_likes` (`id`, `from_user_id`, `to_user_id`, `send_at`) VALUES ('9', '14', '10', '1986-07-19 20:10:14');
INSERT INTO `profiles_likes` (`id`, `from_user_id`, `to_user_id`, `send_at`) VALUES ('10', '3', '16', '2015-05-07 21:12:02');
INSERT INTO `profiles_likes` (`id`, `from_user_id`, `to_user_id`, `send_at`) VALUES ('11', '4', '4', '1990-12-19 01:22:47');
INSERT INTO `profiles_likes` (`id`, `from_user_id`, `to_user_id`, `send_at`) VALUES ('12', '14', '16', '1997-09-17 16:06:51');
INSERT INTO `profiles_likes` (`id`, `from_user_id`, `to_user_id`, `send_at`) VALUES ('13', '14', '20', '2014-09-03 14:50:05');
INSERT INTO `profiles_likes` (`id`, `from_user_id`, `to_user_id`, `send_at`) VALUES ('14', '17', '2', '1976-06-13 02:59:01');
INSERT INTO `profiles_likes` (`id`, `from_user_id`, `to_user_id`, `send_at`) VALUES ('15', '7', '15', '1998-12-23 08:21:22');
INSERT INTO `profiles_likes` (`id`, `from_user_id`, `to_user_id`, `send_at`) VALUES ('16', '18', '2', '1973-04-05 09:10:57');
INSERT INTO `profiles_likes` (`id`, `from_user_id`, `to_user_id`, `send_at`) VALUES ('17', '4', '12', '1988-05-10 01:13:53');
INSERT INTO `profiles_likes` (`id`, `from_user_id`, `to_user_id`, `send_at`) VALUES ('18', '20', '11', '2020-02-07 15:06:59');
INSERT INTO `profiles_likes` (`id`, `from_user_id`, `to_user_id`, `send_at`) VALUES ('19', '12', '19', '2002-10-25 00:13:44');
INSERT INTO `profiles_likes` (`id`, `from_user_id`, `to_user_id`, `send_at`) VALUES ('20', '2', '2', '2014-11-18 13:09:28');
INSERT INTO `profiles_likes` (`id`, `from_user_id`, `to_user_id`, `send_at`) VALUES ('21', '7', '4', '1975-06-24 03:23:53');
INSERT INTO `profiles_likes` (`id`, `from_user_id`, `to_user_id`, `send_at`) VALUES ('22', '3', '13', '1993-01-02 19:58:46');
INSERT INTO `profiles_likes` (`id`, `from_user_id`, `to_user_id`, `send_at`) VALUES ('23', '13', '19', '1988-11-07 18:12:53');
INSERT INTO `profiles_likes` (`id`, `from_user_id`, `to_user_id`, `send_at`) VALUES ('24', '15', '6', '2003-03-07 11:05:55');
INSERT INTO `profiles_likes` (`id`, `from_user_id`, `to_user_id`, `send_at`) VALUES ('25', '9', '17', '1992-11-20 20:20:28');
INSERT INTO `profiles_likes` (`id`, `from_user_id`, `to_user_id`, `send_at`) VALUES ('26', '2', '12', '2005-09-12 08:46:53');
INSERT INTO `profiles_likes` (`id`, `from_user_id`, `to_user_id`, `send_at`) VALUES ('27', '1', '15', '2000-04-10 20:51:50');
INSERT INTO `profiles_likes` (`id`, `from_user_id`, `to_user_id`, `send_at`) VALUES ('28', '8', '14', '1984-01-30 11:53:31');
INSERT INTO `profiles_likes` (`id`, `from_user_id`, `to_user_id`, `send_at`) VALUES ('29', '15', '5', '2018-12-11 01:01:18');
INSERT INTO `profiles_likes` (`id`, `from_user_id`, `to_user_id`, `send_at`) VALUES ('30', '15', '1', '1999-12-01 12:07:49');
INSERT INTO `profiles_likes` (`id`, `from_user_id`, `to_user_id`, `send_at`) VALUES ('31', '20', '13', '1987-06-23 04:11:43');
INSERT INTO `profiles_likes` (`id`, `from_user_id`, `to_user_id`, `send_at`) VALUES ('32', '3', '3', '2012-03-29 11:07:14');
INSERT INTO `profiles_likes` (`id`, `from_user_id`, `to_user_id`, `send_at`) VALUES ('33', '4', '3', '1983-08-16 05:16:24');
INSERT INTO `profiles_likes` (`id`, `from_user_id`, `to_user_id`, `send_at`) VALUES ('34', '14', '16', '2013-02-10 15:25:19');
INSERT INTO `profiles_likes` (`id`, `from_user_id`, `to_user_id`, `send_at`) VALUES ('35', '1', '16', '1999-04-24 04:48:58');
INSERT INTO `profiles_likes` (`id`, `from_user_id`, `to_user_id`, `send_at`) VALUES ('36', '18', '7', '1972-12-14 02:21:35');
INSERT INTO `profiles_likes` (`id`, `from_user_id`, `to_user_id`, `send_at`) VALUES ('37', '19', '20', '2006-11-05 21:35:23');
INSERT INTO `profiles_likes` (`id`, `from_user_id`, `to_user_id`, `send_at`) VALUES ('38', '20', '11', '1986-08-09 22:07:43');
INSERT INTO `profiles_likes` (`id`, `from_user_id`, `to_user_id`, `send_at`) VALUES ('39', '19', '14', '1993-09-15 06:55:46');
INSERT INTO `profiles_likes` (`id`, `from_user_id`, `to_user_id`, `send_at`) VALUES ('40', '17', '7', '1973-04-05 15:39:46');
INSERT INTO `profiles_likes` (`id`, `from_user_id`, `to_user_id`, `send_at`) VALUES ('41', '10', '18', '1995-09-03 06:28:35');
INSERT INTO `profiles_likes` (`id`, `from_user_id`, `to_user_id`, `send_at`) VALUES ('42', '19', '10', '1991-06-02 14:52:03');
INSERT INTO `profiles_likes` (`id`, `from_user_id`, `to_user_id`, `send_at`) VALUES ('43', '13', '7', '1987-07-25 21:56:32');
INSERT INTO `profiles_likes` (`id`, `from_user_id`, `to_user_id`, `send_at`) VALUES ('44', '3', '8', '1985-05-03 12:28:11');
INSERT INTO `profiles_likes` (`id`, `from_user_id`, `to_user_id`, `send_at`) VALUES ('45', '12', '18', '2002-07-04 23:31:02');
INSERT INTO `profiles_likes` (`id`, `from_user_id`, `to_user_id`, `send_at`) VALUES ('46', '8', '11', '1995-10-14 20:22:56');
INSERT INTO `profiles_likes` (`id`, `from_user_id`, `to_user_id`, `send_at`) VALUES ('47', '11', '11', '2007-02-02 00:52:27');
INSERT INTO `profiles_likes` (`id`, `from_user_id`, `to_user_id`, `send_at`) VALUES ('48', '14', '14', '2001-05-05 01:31:31');
INSERT INTO `profiles_likes` (`id`, `from_user_id`, `to_user_id`, `send_at`) VALUES ('49', '13', '8', '1986-06-01 07:16:20');
INSERT INTO `profiles_likes` (`id`, `from_user_id`, `to_user_id`, `send_at`) VALUES ('50', '10', '13', '2002-11-28 17:28:31');
INSERT INTO `profiles_likes` (`id`, `from_user_id`, `to_user_id`, `send_at`) VALUES ('51', '3', '7', '2018-07-03 05:29:04');
INSERT INTO `profiles_likes` (`id`, `from_user_id`, `to_user_id`, `send_at`) VALUES ('52', '20', '1', '1987-04-28 04:42:14');
INSERT INTO `profiles_likes` (`id`, `from_user_id`, `to_user_id`, `send_at`) VALUES ('53', '7', '19', '2015-03-24 04:37:01');
INSERT INTO `profiles_likes` (`id`, `from_user_id`, `to_user_id`, `send_at`) VALUES ('54', '11', '6', '2017-08-22 07:02:11');
INSERT INTO `profiles_likes` (`id`, `from_user_id`, `to_user_id`, `send_at`) VALUES ('55', '13', '7', '1988-01-17 06:06:26');
INSERT INTO `profiles_likes` (`id`, `from_user_id`, `to_user_id`, `send_at`) VALUES ('56', '12', '2', '2012-03-31 17:43:40');
INSERT INTO `profiles_likes` (`id`, `from_user_id`, `to_user_id`, `send_at`) VALUES ('57', '5', '11', '1986-08-20 18:34:32');
INSERT INTO `profiles_likes` (`id`, `from_user_id`, `to_user_id`, `send_at`) VALUES ('58', '12', '18', '1976-04-17 07:22:00');
INSERT INTO `profiles_likes` (`id`, `from_user_id`, `to_user_id`, `send_at`) VALUES ('59', '18', '15', '1979-06-06 00:28:25');
INSERT INTO `profiles_likes` (`id`, `from_user_id`, `to_user_id`, `send_at`) VALUES ('60', '5', '9', '2004-12-26 11:13:43');
INSERT INTO `profiles_likes` (`id`, `from_user_id`, `to_user_id`, `send_at`) VALUES ('61', '12', '13', '1979-02-09 03:11:58');
INSERT INTO `profiles_likes` (`id`, `from_user_id`, `to_user_id`, `send_at`) VALUES ('62', '20', '2', '1994-03-03 06:34:25');
INSERT INTO `profiles_likes` (`id`, `from_user_id`, `to_user_id`, `send_at`) VALUES ('63', '3', '13', '2012-04-27 02:50:42');
INSERT INTO `profiles_likes` (`id`, `from_user_id`, `to_user_id`, `send_at`) VALUES ('64', '16', '16', '1986-03-20 14:11:20');
INSERT INTO `profiles_likes` (`id`, `from_user_id`, `to_user_id`, `send_at`) VALUES ('65', '1', '6', '1989-02-16 20:56:39');
INSERT INTO `profiles_likes` (`id`, `from_user_id`, `to_user_id`, `send_at`) VALUES ('66', '9', '3', '1985-05-15 16:37:03');
INSERT INTO `profiles_likes` (`id`, `from_user_id`, `to_user_id`, `send_at`) VALUES ('67', '12', '8', '2019-01-10 03:49:47');
INSERT INTO `profiles_likes` (`id`, `from_user_id`, `to_user_id`, `send_at`) VALUES ('68', '4', '19', '2015-06-28 04:34:17');
INSERT INTO `profiles_likes` (`id`, `from_user_id`, `to_user_id`, `send_at`) VALUES ('69', '7', '14', '1984-09-08 03:06:49');
INSERT INTO `profiles_likes` (`id`, `from_user_id`, `to_user_id`, `send_at`) VALUES ('70', '4', '19', '1978-10-30 06:29:35');
INSERT INTO `profiles_likes` (`id`, `from_user_id`, `to_user_id`, `send_at`) VALUES ('71', '1', '16', '2009-03-26 11:53:02');
INSERT INTO `profiles_likes` (`id`, `from_user_id`, `to_user_id`, `send_at`) VALUES ('72', '1', '6', '1987-06-11 15:58:13');
INSERT INTO `profiles_likes` (`id`, `from_user_id`, `to_user_id`, `send_at`) VALUES ('73', '6', '12', '2009-08-13 03:51:25');
INSERT INTO `profiles_likes` (`id`, `from_user_id`, `to_user_id`, `send_at`) VALUES ('74', '3', '4', '1977-02-13 00:29:04');
INSERT INTO `profiles_likes` (`id`, `from_user_id`, `to_user_id`, `send_at`) VALUES ('75', '6', '8', '1970-05-05 06:07:17');
INSERT INTO `profiles_likes` (`id`, `from_user_id`, `to_user_id`, `send_at`) VALUES ('76', '12', '17', '2011-12-27 08:10:19');
INSERT INTO `profiles_likes` (`id`, `from_user_id`, `to_user_id`, `send_at`) VALUES ('77', '20', '12', '1978-06-23 01:14:35');
INSERT INTO `profiles_likes` (`id`, `from_user_id`, `to_user_id`, `send_at`) VALUES ('78', '19', '3', '1997-11-09 09:24:26');
INSERT INTO `profiles_likes` (`id`, `from_user_id`, `to_user_id`, `send_at`) VALUES ('79', '4', '15', '1997-12-20 19:44:30');
INSERT INTO `profiles_likes` (`id`, `from_user_id`, `to_user_id`, `send_at`) VALUES ('80', '19', '5', '2017-06-16 23:23:24');
INSERT INTO `profiles_likes` (`id`, `from_user_id`, `to_user_id`, `send_at`) VALUES ('81', '20', '7', '1989-01-07 06:35:19');
INSERT INTO `profiles_likes` (`id`, `from_user_id`, `to_user_id`, `send_at`) VALUES ('82', '7', '12', '2019-10-03 06:51:54');
INSERT INTO `profiles_likes` (`id`, `from_user_id`, `to_user_id`, `send_at`) VALUES ('83', '15', '10', '2009-03-03 17:12:37');
INSERT INTO `profiles_likes` (`id`, `from_user_id`, `to_user_id`, `send_at`) VALUES ('84', '10', '1', '1991-05-11 17:32:08');
INSERT INTO `profiles_likes` (`id`, `from_user_id`, `to_user_id`, `send_at`) VALUES ('85', '4', '14', '1989-05-12 08:42:21');
INSERT INTO `profiles_likes` (`id`, `from_user_id`, `to_user_id`, `send_at`) VALUES ('86', '19', '5', '2017-11-04 17:16:24');
INSERT INTO `profiles_likes` (`id`, `from_user_id`, `to_user_id`, `send_at`) VALUES ('87', '9', '20', '2010-12-23 07:11:13');
INSERT INTO `profiles_likes` (`id`, `from_user_id`, `to_user_id`, `send_at`) VALUES ('88', '10', '15', '2014-08-29 20:23:41');
INSERT INTO `profiles_likes` (`id`, `from_user_id`, `to_user_id`, `send_at`) VALUES ('89', '11', '13', '1985-06-04 14:12:43');
INSERT INTO `profiles_likes` (`id`, `from_user_id`, `to_user_id`, `send_at`) VALUES ('90', '18', '16', '1991-04-27 23:35:37');
INSERT INTO `profiles_likes` (`id`, `from_user_id`, `to_user_id`, `send_at`) VALUES ('91', '20', '10', '2006-04-06 16:51:43');
INSERT INTO `profiles_likes` (`id`, `from_user_id`, `to_user_id`, `send_at`) VALUES ('92', '13', '20', '1985-06-26 22:03:37');
INSERT INTO `profiles_likes` (`id`, `from_user_id`, `to_user_id`, `send_at`) VALUES ('93', '1', '12', '1992-02-07 08:11:09');
INSERT INTO `profiles_likes` (`id`, `from_user_id`, `to_user_id`, `send_at`) VALUES ('94', '3', '5', '1989-12-04 14:43:26');
INSERT INTO `profiles_likes` (`id`, `from_user_id`, `to_user_id`, `send_at`) VALUES ('95', '6', '1', '2005-11-04 12:17:47');
INSERT INTO `profiles_likes` (`id`, `from_user_id`, `to_user_id`, `send_at`) VALUES ('96', '9', '5', '1987-05-29 15:12:17');
INSERT INTO `profiles_likes` (`id`, `from_user_id`, `to_user_id`, `send_at`) VALUES ('97', '7', '16', '1997-11-27 06:46:37');
INSERT INTO `profiles_likes` (`id`, `from_user_id`, `to_user_id`, `send_at`) VALUES ('98', '17', '1', '2014-06-03 13:20:17');
INSERT INTO `profiles_likes` (`id`, `from_user_id`, `to_user_id`, `send_at`) VALUES ('99', '6', '6', '2015-07-23 13:02:41');
INSERT INTO `profiles_likes` (`id`, `from_user_id`, `to_user_id`, `send_at`) VALUES ('100', '2', '9', '2011-09-13 08:54:34');


